subscription_id,customer_id,user_id,plan_id,plan_amount,plan_currency,plan_interval,status,created,current_period_start,current_period_end,cancel_at_period_end,canceled_at,trial_start,trial_end,metadata
sub_b752d1ae6f799e,cus_6c937303c2ffd7,1,price_ddfb82cead42bd,29900,GBP,month,unpaid,2025-02-23 23:55:24.770962,2025-02-24 00:22:24.770962,2025-03-26 00:22:24.770962,False,,2025-02-14 00:22:24.770962,2025-02-24 00:22:24.770962,"{""source"": ""google_ads"", ""archetype"": ""power_user""}"
sub_d37a66a584ce60,cus_8c5425711875b4,2,price_5f48f2c512acac,9900,USD,month,active,2025-03-24 13:42:57.448947,2025-03-24 13:54:57.448947,2025-04-23 13:54:57.448947,False,,,,"{""source"": ""partner"", ""archetype"": ""power_user""}"
sub_6f7baf002829f7,cus_e84b8de42d9e8d,19,price_9bb82d0e75aa7f,29900,eur,month,unpaid,2025-02-07 18:24:19.943598,2025-02-07 18:26:19.943598,2025-03-09 18:26:19.943598,False,,,,"{""source"": ""linkedin"", ""archetype"": ""power_user""}"
sub_8ef595707976db,cus_b91855370b0f79,21,price_a201898515af92,29900,Eur,month,active,2025-01-08 17:56:43.486122,2025-01-08 18:03:43.486122,2025-02-07 18:03:43.486122,False,,,,"{""source"": ""partner"", ""archetype"": ""enterprise_evaluator""}"
sub_15c8f0b54ea263,cus_d121c20811bde0,28,price_01d471111cc187,2900,eur,month,active,2025-03-04 16:55:55.257430,2025-03-04 17:07:55.257430,2025-04-03 17:07:55.257430,False,,,,"{""source"": ""direct"", ""archetype"": ""engaged_free""}"
sub_ca087f403a7ec2,cus_dd6242edcbe24c,34,price_4d5dc80f078832,4900,GBP,month,active,2025-03-03 07:41:16.686235,2025-03-03 07:52:16.686235,2025-04-02 07:52:16.686235,False,,,2025-03-03 07:52:16.686235,"{""source"": ""linkedin"", ""archetype"": ""engaged_free""}"
sub_6fc2f90a11f449,cus_086d693e6d14e1,36,price_206ae1f4608026,9900,Eur,year,active,2025-02-10 22:13:14.965599,2025-02-10 22:21:14.965599,2025-03-12 22:21:14.965599,False,,,2025-02-10 22:21:14.965599,"{""source"": ""linkedin"", ""archetype"": ""power_user""}"
sub_e4a60f50e2c0fb,cus_5fa58534ceb7fb,53,price_4f1762a06781e6,29900,GBP,month,active,2025-02-17 01:39:00.912354,2025-02-17 01:55:00.912354,2025-03-19 01:55:00.912354,False,,2025-02-08 01:55:00.912354,2025-02-17 01:55:00.912354,"{""source"": ""google_ads"", ""archetype"": ""enterprise_evaluator""}"
sub_5428bdda633a12,cus_d1d8ad7b0aaeb9,58,price_070905f2f5653f,4900,Eur,month,canceled,2025-01-28 07:58:13.543456,2025-01-28 08:22:13.543456,2025-02-27 08:22:13.543456,True,2025-02-03 01:00:39.861960,2025-01-21 08:22:13.543456,,"{""source"": ""referral"", ""archetype"": ""engaged_free""}"
sub_6634f8af42b005,cus_f0e561650738c3,63,price_cd7c2c333dd327,19900,gbp,month,active,2025-01-26 12:13:51.022274,2025-01-26 12:17:51.022274,2025-02-25 12:17:51.022274,False,,,,"{""source"": ""google_ads"", ""archetype"": ""enterprise_evaluator""}"
sub_2e1ccea06fe4fa,cus_eddbf90939afd3,72,price_a41cb27f4d1916,19900,eur,month,active,2025-01-13 08:11:14.949009,2025-01-13 08:17:14.949009,2025-02-12 08:17:14.949009,False,,2025-01-02 08:17:14.949009,,"{""source"": ""organic"", ""archetype"": ""enterprise_evaluator""}"
sub_0db755d9c08823,cus_5d49a3280a0f8c,80,price_ac0039b6a91385,19900,gbp,month,active,2025-01-18 03:21:18.187259,2025-01-18 03:24:18.187259,2025-02-17 03:24:18.187259,False,,,,"{""source"": ""google_ads"", ""archetype"": ""enterprise_evaluator""}"
sub_7cbc9d184ca3d9,cus_df7023cfce2a75,84,price_5e1a4c13104d63,2900,GBP,month,active,2025-01-14 05:32:30.614035,2025-01-14 05:49:30.614035,2025-02-13 05:49:30.614035,False,,2025-01-04 05:49:30.614035,,"{""source"": ""google_ads"", ""archetype"": ""engaged_free""}"
sub_0befad0ab4c2f2,cus_5f888ae6b2d86c,87,price_b5c01186136440,19900,USD,month,active,2025-01-20 06:29:29.792584,2025-01-20 06:43:29.792584,2025-02-19 06:43:29.792584,False,,2025-01-12 06:43:29.792584,2025-01-20 06:43:29.792584,"{""source"": ""linkedin"", ""archetype"": ""power_user""}"
sub_80f5d8d8395f69,cus_eb6556e4a98712,99,price_fa764124a3f0c1,19900,Eur,month,active,2025-01-09 06:19:28.629584,2025-01-09 06:30:28.629584,2025-02-08 06:30:28.629584,False,,,,"{""source"": ""direct"", ""archetype"": ""power_user""}"
sub_3262fb9c94b1f3,cus_c000f2ccd3d156,106,price_f948640b5bb5f9,29900,Eur,month,active,2025-01-08 05:59:46.726847,2025-01-08 06:26:46.726847,2025-02-07 06:26:46.726847,False,,,2025-01-08 06:26:46.726847,"{""source"": ""linkedin"", ""archetype"": ""power_user""}"
sub_e8f75ea7e4f646,cus_f885dabb709ab6,108,price_efd807586ca936,29900,gbp,month,active,2025-01-24 01:57:52.177035,2025-01-24 01:59:52.177035,2025-02-23 01:59:52.177035,False,,2025-01-11 01:59:52.177035,,"{""source"": ""organic"", ""archetype"": ""enterprise_evaluator""}"
sub_bb61c2df1f75ba,cus_03a9e07ee6a382,116,price_f319a9f7b45405,2900,eur,month,unpaid,2025-01-06 13:32:19.003731,2025-01-06 13:34:19.003731,2025-02-05 13:34:19.003731,False,,2024-12-23 13:34:19.003731,2025-01-06 13:34:19.003731,"{""source"": ""linkedin"", ""archetype"": ""engaged_free""}"
sub_0f07c8c844bf66,cus_d8a0a216b92498,121,price_74bc099334e103,19900,usd,month,active,2025-01-04 19:17:36.338883,2025-01-04 19:38:36.338883,2025-02-03 19:38:36.338883,False,,2024-12-24 19:38:36.338883,,"{""source"": ""direct"", ""archetype"": ""enterprise_evaluator""}"
sub_5912e7f11c9c3e,cus_2b5aac3391ac87,129,price_ac79421a2d09cb,29900,USD,month,active,2025-02-05 16:08:41.305476,2025-02-05 16:29:41.305476,2025-03-07 16:29:41.305476,False,,,,"{""source"": ""direct"", ""archetype"": ""power_user""}"
sub_dd0780b36c204b,cus_6bdd5640f07fb8,142,price_2d89ef57d9dd6e,4900,eur,month,past_due,2025-01-11 22:32:58.439928,2025-01-11 23:01:58.439928,2025-02-10 23:01:58.439928,False,,,,"{""source"": ""linkedin"", ""archetype"": ""engaged_free""}"
sub_5bc7a8f1489eb6,cus_7859d43dcb3dc0,144,price_592a77a9132978,29900,gbp,year,active,2025-01-09 04:12:32.454629,2025-01-09 04:18:32.454629,2025-02-08 04:18:32.454629,False,,,,"{""source"": ""partner"", ""archetype"": ""power_user""}"
sub_6e9ae117ed32a9,cus_73c2edc4727622,150,price_b7b6720e74aaaa,29900,USD,month,active,2025-01-06 13:52:42.413629,2025-01-06 14:13:42.413629,2025-02-05 14:13:42.413629,False,,2024-12-26 14:13:42.413629,,"{""source"": ""referral"", ""archetype"": ""enterprise_evaluator""}"
sub_2c15a72e0be261,cus_90511eb37e52f3,162,price_9e7a1e340b55dc,19900,Eur,month,active,2025-01-12 19:34:31.360012,2025-01-12 19:37:31.360012,2025-02-11 19:37:31.360012,False,,,2025-01-12 19:37:31.360012,"{""source"": ""referral"", ""archetype"": ""enterprise_evaluator""}"
sub_c2d9b0e6f1a0f3,cus_a6abfaa1ee137a,167,price_be6b8b0208d37e,2900,usd,year,active,2025-01-24 00:18:46.008312,2025-01-24 00:41:46.008312,2025-02-23 00:41:46.008312,False,,,,"{""source"": ""organic"", ""archetype"": ""engaged_free""}"
sub_ca7d58dddfd73e,cus_ce243c65d1a3ab,177,price_4df94b4058ec89,19900,USD,month,active,2025-02-03 01:59:27.208897,2025-02-03 02:20:27.208897,2025-03-05 02:20:27.208897,False,,,2025-02-03 02:20:27.208897,"{""source"": ""google_ads"", ""archetype"": ""power_user""}"
sub_21355665ba2cc8,cus_23ae733822e3bc,180,price_e33153306d35e6,29900,Eur,month,active,2025-02-04 21:51:32.510855,2025-02-04 22:12:32.510855,2025-03-06 22:12:32.510855,False,,,2025-02-04 22:12:32.510855,"{""source"": ""linkedin"", ""archetype"": ""power_user""}"
sub_f05fc0bf3960f4,cus_14bf1ed1a83678,181,price_8f8bc135d73ea1,29900,eur,month,active,2025-01-30 13:51:37.243470,2025-01-30 14:12:37.243470,2025-03-01 14:12:37.243470,False,,2025-01-19 14:12:37.243470,,"{""source"": ""google_ads"", ""archetype"": ""power_user""}"
sub_deb962209ab661,cus_72254479a833e4,188,price_5a839ac12a72d5,29900,GBP,month,unpaid,2025-01-19 23:36:50.815213,2025-01-19 23:55:50.815213,2025-02-18 23:55:50.815213,False,,2025-01-11 23:55:50.815213,,"{""source"": ""direct"", ""archetype"": ""enterprise_evaluator""}"
sub_58f2c34d2ba9bd,cus_4f5bbbe3885bde,193,price_dfe117306477f9,19900,GBP,month,active,2025-01-10 10:59:15.979610,2025-01-10 11:16:15.979610,2025-02-09 11:16:15.979610,False,,,,"{""source"": ""organic"", ""archetype"": ""power_user""}"
sub_aeedc5a9517a06,cus_aa3ebc93f9671f,194,price_43359b0e55af42,19900,USD,month,active,2025-01-23 17:14:50.014910,2025-01-23 17:33:50.014910,2025-02-22 17:33:50.014910,False,,,,"{""source"": ""direct"", ""archetype"": ""power_user""}"
sub_73c637d039bfb5,cus_be23390d593f1d,198,price_6bf48e60326332,19900,gbp,year,active,2025-01-08 06:13:49.181797,2025-01-08 06:33:49.181797,2025-02-07 06:33:49.181797,False,,2024-12-27 06:33:49.181797,2025-01-08 06:33:49.181797,"{""source"": ""referral"", ""archetype"": ""power_user""}"
sub_ba4538163e8d16,cus_e6c1862e1306bd,216,price_5dbdc756d3dfd4,4900,eur,month,active,2025-01-17 16:01:38.540126,2025-01-17 16:30:38.540126,2025-02-16 16:30:38.540126,False,,,,"{""source"": ""direct"", ""archetype"": ""engaged_free""}"
sub_b7b64e20a5415d,cus_14fd000a2dd84a,250,price_1957654d69ce3a,19900,USD,month,active,2025-01-27 09:11:18.588358,2025-01-27 09:16:18.588358,2025-02-26 09:16:18.588358,False,,,,"{""source"": ""direct"", ""archetype"": ""enterprise_evaluator""}"
sub_28119ad863207a,cus_393aaf72f49c8e,257,price_a04134af9b5c88,9900,USD,month,active,2025-01-27 01:18:58.989231,2025-01-27 01:25:58.989231,2025-02-26 01:25:58.989231,False,,,2025-01-27 01:25:58.989231,"{""source"": ""partner"", ""archetype"": ""power_user""}"
sub_a20921f56d17b9,cus_ad69b2e39caee1,259,price_77b8493e84ab33,9900,GBP,month,active,2025-04-11 09:18:38.889380,2025-04-11 09:32:38.889380,2025-05-11 09:32:38.889380,False,,2025-04-02 09:32:38.889380,2025-04-11 09:32:38.889380,"{""source"": ""linkedin"", ""archetype"": ""power_user""}"
sub_2e855d92f6e6e2,cus_938d7a5a87c53e,268,price_eaabeeb28498a5,29900,eur,year,active,2025-01-12 19:03:11.486374,2025-01-12 19:17:11.486374,2025-02-11 19:17:11.486374,False,,,2025-01-12 19:17:11.486374,"{""source"": ""organic"", ""archetype"": ""enterprise_evaluator""}"
sub_1bba26e05c268f,cus_f5955275b7acd3,276,price_d8bcec5693e30a,29900,Eur,month,canceled,2025-01-31 19:52:36.055586,2025-01-31 19:53:36.055586,2025-03-02 19:53:36.055586,True,2025-02-04 08:10:47.990038,,,"{""source"": ""direct"", ""archetype"": ""enterprise_evaluator""}"
sub_8525a596f01582,cus_62a56dc7f9b19a,287,price_668f55de3b580c,2900,eur,month,unpaid,2025-02-02 20:26:26.040431,2025-02-02 20:46:26.040431,2025-03-04 20:46:26.040431,False,,,2025-02-02 20:46:26.040431,"{""source"": ""google_ads"", ""archetype"": ""casual_explorer""}"
sub_ffe6396a1f7751,cus_04e90113324ad9,288,price_1ce721fb2f894b,2900,Eur,year,active,2025-02-24 06:45:50.346844,2025-02-24 07:06:50.346844,2025-03-26 07:06:50.346844,False,,,,"{""source"": ""linkedin"", ""archetype"": ""engaged_free""}"
sub_f10e923232f61c,cus_8857e953c1f91c,292,price_8b6c7e67886b7d,2900,gbp,month,active,2025-02-01 23:51:00.062766,2025-02-01 23:53:00.062766,2025-03-03 23:53:00.062766,False,,,,"{""source"": ""direct"", ""archetype"": ""engaged_free""}"
sub_f6bb15e18c05b2,cus_ee323930ecd1d5,304,price_af3a2da2f8e151,9900,Eur,month,active,2025-02-09 04:12:55.842191,2025-02-09 04:17:55.842191,2025-03-11 04:17:55.842191,False,,,,"{""source"": ""google_ads"", ""archetype"": ""power_user""}"
sub_af3adac4423b1a,cus_20b569e0566b05,308,price_c7bf83d73a94b2,2900,gbp,month,active,2025-01-07 09:44:45.309184,2025-01-07 10:10:45.309184,2025-02-06 10:10:45.309184,False,,,2025-01-07 10:10:45.309184,"{""source"": ""organic"", ""archetype"": ""engaged_free""}"
sub_24f07ce8eb1a2f,cus_97887b199d1aff,314,price_14aa21690c21db,29900,GBP,month,active,2025-01-23 22:25:08.357318,2025-01-23 22:44:08.357318,2025-02-22 22:44:08.357318,False,,,,"{""source"": ""google_ads"", ""archetype"": ""enterprise_evaluator""}"
sub_20134a9d8f76df,cus_1863cfad449922,322,price_a5304af2c2e861,29900,USD,month,active,2025-01-30 19:34:45.230488,2025-01-30 20:00:45.230488,2025-03-01 20:00:45.230488,False,,2025-01-23 20:00:45.230488,,"{""source"": ""linkedin"", ""archetype"": ""enterprise_evaluator""}"
sub_526fac5a57a3e8,cus_5e855461687554,329,price_ff69451dc225d0,29900,usd,month,active,2025-02-04 11:15:46.881616,2025-02-04 11:20:46.881616,2025-03-06 11:20:46.881616,False,,,,"{""source"": ""organic"", ""archetype"": ""power_user""}"
sub_bc2e9db8b81842,cus_f345b6c7af80d8,330,price_3064f1a9614aac,9900,usd,year,active,2025-03-02 08:33:59.941135,2025-03-02 08:53:59.941135,2025-04-01 08:53:59.941135,False,,2025-02-19 08:53:59.941135,2025-03-02 08:53:59.941135,"{""source"": ""referral"", ""archetype"": ""power_user""}"
sub_5e204989161a9a,cus_8877c96f1bfaff,334,price_68280f87b875bd,19900,Eur,month,active,2025-01-11 21:43:29.206622,2025-01-11 21:58:29.206622,2025-02-10 21:58:29.206622,False,,,,"{""source"": ""linkedin"", ""archetype"": ""enterprise_evaluator""}"
sub_adb099d23bd7fb,cus_6d97f5f38d827c,337,price_7252503bf52896,9900,gbp,month,active,2025-01-18 18:27:51.620437,2025-01-18 18:55:51.620437,2025-02-17 18:55:51.620437,False,,,,"{""source"": ""organic"", ""archetype"": ""power_user""}"
sub_4497316945fc41,cus_be8bcbc377831b,338,price_922e26659df507,19900,gbp,year,active,2025-02-13 18:40:51.063324,2025-02-13 18:51:51.063324,2025-03-15 18:51:51.063324,False,,2025-01-31 18:51:51.063324,,"{""source"": ""direct"", ""archetype"": ""power_user""}"
sub_1662d88e3d641f,cus_397d324b69d117,343,price_feb4ab214b39c7,19900,GBP,month,canceled,2025-01-11 01:40:52.747264,2025-01-11 02:10:52.747264,2025-02-10 02:10:52.747264,True,2025-01-19 21:11:36.728306,,,"{""source"": ""referral"", ""archetype"": ""enterprise_evaluator""}"
sub_b94d315aaa051a,cus_5299ff4bfdb974,363,price_9b675eb5553b63,29900,eur,month,active,2025-01-17 18:56:50.615698,2025-01-17 19:12:50.615698,2025-02-16 19:12:50.615698,False,,,,"{""source"": ""direct"", ""archetype"": ""power_user""}"
sub_dc7ab63ce4cd8b,cus_0d7aaa15a4509e,376,price_a4d587f3c0a5ad,29900,eur,month,active,2025-01-19 22:20:45.051499,2025-01-19 22:26:45.051499,2025-02-18 22:26:45.051499,False,,2025-01-09 22:26:45.051499,2025-01-19 22:26:45.051499,"{""source"": ""referral"", ""archetype"": ""enterprise_evaluator""}"
sub_e4d93c0a763e01,cus_2054cddf2ae836,382,price_6f9e3a66f52a7a,19900,usd,month,active,2025-05-04 12:02:29.042957,2025-05-04 12:23:29.042957,2025-06-03 12:23:29.042957,False,,2025-04-26 12:23:29.042957,,"{""source"": ""linkedin"", ""archetype"": ""power_user""}"
sub_4e64f574c4b1ea,cus_bae27c8de9ecd6,386,price_5e68830c685c43,29900,eur,year,active,2025-04-17 11:23:16.798788,2025-04-17 11:53:16.798788,2025-05-17 11:53:16.798788,False,,,,"{""source"": ""organic"", ""archetype"": ""power_user""}"
sub_bd204d11a0db21,cus_d82b89a98f047a,393,price_bdc67e1f84ea7a,4900,GBP,month,active,2025-01-20 04:19:02.831641,2025-01-20 04:29:02.831641,2025-02-19 04:29:02.831641,False,,,,"{""source"": ""organic"", ""archetype"": ""engaged_free""}"
sub_86a87edd5d1c8a,cus_b6ae05106a4115,397,price_c74baad7fc3f97,29900,gbp,month,active,2025-01-20 21:25:40.157941,2025-01-20 21:41:40.157941,2025-02-19 21:41:40.157941,False,,,,"{""source"": ""partner"", ""archetype"": ""enterprise_evaluator""}"
sub_b7d146e21c2fbf,cus_bfa480628c55ab,405,price_7a82665c6a44c8,9900,usd,month,active,2025-02-12 05:37:30.768315,2025-02-12 05:53:30.768315,2025-03-14 05:53:30.768315,False,,,,"{""source"": ""google_ads"", ""archetype"": ""power_user""}"
sub_f35ce41baf97b0,cus_69467bc39a7760,407,price_993f56aed52f78,19900,gbp,month,active,2025-01-27 15:34:07.569688,2025-01-27 16:03:07.569688,2025-02-26 16:03:07.569688,False,,2025-01-18 16:03:07.569688,2025-01-27 16:03:07.569688,"{""source"": ""direct"", ""archetype"": ""power_user""}"
sub_f746e05983b831,cus_7ec6eb90afee00,412,price_d5c2d2138b0a7a,9900,gbp,month,active,2025-02-07 18:06:40.346141,2025-02-07 18:16:40.346141,2025-03-09 18:16:40.346141,False,,2025-01-28 18:16:40.346141,,"{""source"": ""partner"", ""archetype"": ""power_user""}"
sub_99773741b3ab81,cus_f0e4a28bf9840b,413,price_0d323551306829,19900,gbp,year,active,2025-01-12 09:29:52.863297,2025-01-12 09:55:52.863297,2025-02-11 09:55:52.863297,False,,,,"{""source"": ""partner"", ""archetype"": ""power_user""}"
sub_9693777b589366,cus_4090c3a4a60c63,414,price_225dee1b1fecac,9900,eur,year,active,2025-02-21 06:13:25.168017,2025-02-21 06:17:25.168017,2025-03-23 06:17:25.168017,False,,,,"{""source"": ""referral"", ""archetype"": ""power_user""}"
sub_bd52614cfcbca0,cus_0cf58149a0cbf3,415,price_8c9a5e49844786,29900,eur,month,canceled,2025-01-26 22:57:53.101099,2025-01-26 23:08:53.101099,2025-02-25 23:08:53.101099,True,2025-02-03 06:35:53.447520,2025-01-13 23:08:53.101099,,"{""source"": ""google_ads"", ""archetype"": ""power_user""}"
sub_3ff0c0cacda585,cus_67459e02340ee4,418,price_85748ac3215de3,29900,GBP,year,active,2025-02-13 16:10:28.258102,2025-02-13 16:20:28.258102,2025-03-15 16:20:28.258102,False,,,2025-02-13 16:20:28.258102,"{""source"": ""organic"", ""archetype"": ""power_user""}"
sub_99eb37a15d9602,cus_2eed7b748dbb06,421,price_7ad99b4020a3b2,29900,gbp,year,active,2025-01-31 11:58:16.500499,2025-01-31 12:16:16.500499,2025-03-02 12:16:16.500499,False,,,,"{""source"": ""referral"", ""archetype"": ""power_user""}"
sub_b4e1d47acd4a98,cus_e834cd44ac21c8,442,price_3314ea685a952a,2900,GBP,month,active,2025-01-08 10:56:03.400774,2025-01-08 11:11:03.400774,2025-02-07 11:11:03.400774,False,,2024-12-29 11:11:03.400774,,"{""source"": ""linkedin"", ""archetype"": ""casual_explorer""}"
sub_368401b88cc423,cus_cfe695f3910179,455,price_593dc65275f52a,4900,usd,year,active,2025-01-23 02:08:46.195907,2025-01-23 02:32:46.195907,2025-02-22 02:32:46.195907,False,,,,"{""source"": ""linkedin"", ""archetype"": ""engaged_free""}"
sub_b48dcb3eb819ae,cus_1c3d443f76e7e0,456,price_b0456c42832e29,19900,usd,year,active,2025-01-15 22:38:04.042645,2025-01-15 23:01:04.042645,2025-02-14 23:01:04.042645,False,,,,"{""source"": ""partner"", ""archetype"": ""power_user""}"
sub_1d6945d2c0fce2,cus_e8c2d74e875f6a,461,price_be5e7203a39c9c,29900,usd,month,active,2025-01-11 08:21:51.732116,2025-01-11 08:34:51.732116,2025-02-10 08:34:51.732116,False,,2025-01-03 08:34:51.732116,,"{""source"": ""google_ads"", ""archetype"": ""enterprise_evaluator""}"
sub_4e5eeb26a0342f,cus_f891378c3a40ba,465,price_4b38ec3a61c84a,29900,gbp,month,past_due,2025-01-05 19:40:00.376491,2025-01-05 19:59:00.376491,2025-02-04 19:59:00.376491,False,,2024-12-26 19:59:00.376491,,"{""source"": ""direct"", ""archetype"": ""enterprise_evaluator""}"
sub_21220c14240875,cus_120008baec975d,471,price_89441794b99d40,9900,GBP,year,active,2025-01-22 16:54:43.557089,2025-01-22 17:08:43.557089,2025-02-21 17:08:43.557089,False,,2025-01-11 17:08:43.557089,,"{""source"": ""google_ads"", ""archetype"": ""power_user""}"
sub_d5a367d3d96733,cus_aa90a371892175,481,price_5e20430811c224,2900,Eur,month,canceled,2025-01-09 21:06:32.215203,2025-01-09 21:09:32.215203,2025-02-08 21:09:32.215203,True,2025-02-06 22:07:30.739806,,,"{""source"": ""linkedin"", ""archetype"": ""engaged_free""}"
sub_eb775c2d7730e7,cus_ff09e0f961bae5,494,price_fa7f37737c4700,29900,gbp,month,active,2025-01-31 08:49:16.555803,2025-01-31 09:05:16.555803,2025-03-02 09:05:16.555803,False,,,,"{""source"": ""organic"", ""archetype"": ""enterprise_evaluator""}"
sub_ffd245c65db050,cus_c15d45d84b0605,505,price_9e88f90b9e7118,2900,GBP,month,active,2025-01-22 06:25:06.638912,2025-01-22 06:43:06.638912,2025-02-21 06:43:06.638912,False,,2025-01-09 06:43:06.638912,,"{""source"": ""linkedin"", ""archetype"": ""engaged_free""}"
sub_3b2d5d6b7fe965,cus_6b33cd8b7fc3be,511,price_f002b0f987a8ec,29900,eur,month,active,2025-02-01 05:13:19.622763,2025-02-01 05:20:19.622763,2025-03-03 05:20:19.622763,False,,2025-01-21 05:20:19.622763,,"{""source"": ""referral"", ""archetype"": ""power_user""}"
sub_eef52d2ddaa161,cus_b79d8819f096ed,517,price_3283b35ac4ed94,9900,gbp,year,unpaid,2025-01-08 21:22:16.015178,2025-01-08 21:44:16.015178,2025-02-07 21:44:16.015178,False,,2024-12-25 21:44:16.015178,,"{""source"": ""direct"", ""archetype"": ""power_user""}"
sub_de93c1f52f0c7f,cus_e7b3145df93834,533,price_143dee791708cf,19900,USD,month,active,2025-01-24 06:21:05.475802,2025-01-24 06:30:05.475802,2025-02-23 06:30:05.475802,False,,2025-01-12 06:30:05.475802,,"{""source"": ""direct"", ""archetype"": ""power_user""}"
sub_0e5ab4c21eeb5d,cus_814df14f5dae7f,546,price_7e48ae43fb46f0,29900,usd,year,active,2025-02-05 14:53:30.044826,2025-02-05 15:01:30.044826,2025-03-07 15:01:30.044826,False,,,,"{""source"": ""partner"", ""archetype"": ""enterprise_evaluator""}"
sub_d3a963d48a4bb4,cus_c9a7017a4ae926,548,price_fb8cc48551bc9c,19900,Eur,month,active,2025-02-13 22:17:45.647712,2025-02-13 22:18:45.647712,2025-03-15 22:18:45.647712,False,,2025-01-31 22:18:45.647712,,"{""source"": ""referral"", ""archetype"": ""power_user""}"
sub_fa6c7edde1f52c,cus_090696839d6277,558,price_89601911aa9c62,29900,gbp,month,active,2025-03-11 17:47:51.353205,2025-03-11 18:05:51.353205,2025-04-10 18:05:51.353205,False,,,,"{""source"": ""referral"", ""archetype"": ""power_user""}"
sub_0220d027657033,cus_94a5bed41e24f7,560,price_39afd5b1f68e1f,19900,gbp,month,active,2025-01-11 20:48:48.954619,2025-01-11 20:50:48.954619,2025-02-10 20:50:48.954619,False,,,,"{""source"": ""organic"", ""archetype"": ""enterprise_evaluator""}"
sub_d7314bf4ab6bae,cus_5a612ac1398f05,561,price_9afa605a5fabf3,19900,Eur,year,active,2025-01-12 18:23:08.760968,2025-01-12 18:36:08.760968,2025-02-11 18:36:08.760968,False,,2025-01-05 18:36:08.760968,2025-01-12 18:36:08.760968,"{""source"": ""referral"", ""archetype"": ""enterprise_evaluator""}"
sub_4727498a0eebeb,cus_27a90985d70f85,563,price_e66d8e865a83e1,4900,usd,year,active,2025-01-23 18:17:59.515261,2025-01-23 18:25:59.515261,2025-02-22 18:25:59.515261,False,,,,"{""source"": ""partner"", ""archetype"": ""engaged_free""}"
sub_c8048bed4bf401,cus_7bac91a89e1534,564,price_216afa5d91672d,2900,eur,year,active,2025-02-03 01:00:04.812561,2025-02-03 01:17:04.812561,2025-03-05 01:17:04.812561,False,,2025-01-22 01:17:04.812561,,"{""source"": ""referral"", ""archetype"": ""engaged_free""}"
sub_4ea0ec212bed4b,cus_91db38e7bd01a4,573,price_e6bdfe00c1163e,9900,Eur,year,active,2025-02-15 00:16:15.387484,2025-02-15 00:18:15.387484,2025-03-17 00:18:15.387484,False,,,2025-02-15 00:18:15.387484,"{""source"": ""linkedin"", ""archetype"": ""power_user""}"
sub_e8265acd0a7c43,cus_3e6116e2f187c8,580,price_f9ace75c89bff5,19900,usd,year,active,2025-01-24 19:13:59.447696,2025-01-24 19:24:59.447696,2025-02-23 19:24:59.447696,False,,,,"{""source"": ""google_ads"", ""archetype"": ""power_user""}"
sub_e856c3bcb28e20,cus_dfaabc6076d692,582,price_db811749aa5b8f,4900,USD,month,active,2025-01-26 17:00:16.320724,2025-01-26 17:11:16.320724,2025-02-25 17:11:16.320724,False,,2025-01-17 17:11:16.320724,2025-01-26 17:11:16.320724,"{""source"": ""linkedin"", ""archetype"": ""engaged_free""}"
sub_aac9961c77e358,cus_c4c0dd594703b8,596,price_3d71ffff00d94a,19900,GBP,year,active,2025-01-09 10:11:51.997755,2025-01-09 10:39:51.997755,2025-02-08 10:39:51.997755,False,,,,"{""source"": ""linkedin"", ""archetype"": ""power_user""}"
sub_25de573afe5628,cus_8acea10541cfa1,598,price_bfe2d1646222b0,19900,eur,month,past_due,2025-02-01 13:11:12.322085,2025-02-01 13:19:12.322085,2025-03-03 13:19:12.322085,False,,,,"{""source"": ""linkedin"", ""archetype"": ""power_user""}"
sub_3d15cadcee2d03,cus_08fd9d3a3a08fe,609,price_e4fce3879ee841,2900,USD,month,past_due,2025-01-03 09:17:31.771487,2025-01-03 09:35:31.771487,2025-02-02 09:35:31.771487,False,,,,"{""source"": ""google_ads"", ""archetype"": ""engaged_free""}"
sub_e8d10a459c2359,cus_097865df3b9f0b,621,price_c2c5b80fe1b216,9900,usd,month,active,2025-02-15 05:04:09.850989,2025-02-15 05:05:09.850989,2025-03-17 05:05:09.850989,False,,,2025-02-15 05:05:09.850989,"{""source"": ""google_ads"", ""archetype"": ""power_user""}"
sub_bdd8d5747c4483,cus_666856d06154f0,626,price_e6354c0a10f3c9,4900,Eur,month,canceled,2025-02-09 23:05:30.446525,2025-02-09 23:24:30.446525,2025-03-11 23:24:30.446525,True,2025-02-12 05:08:47.498806,,2025-02-09 23:24:30.446525,"{""source"": ""partner"", ""archetype"": ""engaged_free""}"
sub_fcaaca603a7915,cus_c6313cfa0c0fb7,628,price_ae697bd10e6b76,9900,gbp,month,active,2025-01-20 11:24:56.568910,2025-01-20 11:49:56.568910,2025-02-19 11:49:56.568910,False,,,,"{""source"": ""partner"", ""archetype"": ""power_user""}"
sub_a15a067cf9c185,cus_43c87d0e91ab04,631,price_262b717962925b,19900,eur,year,active,2025-01-25 19:47:40.797769,2025-01-25 20:14:40.797769,2025-02-24 20:14:40.797769,False,,,,"{""source"": ""organic"", ""archetype"": ""enterprise_evaluator""}"
sub_5cb4436dd3f83d,cus_40acf0c5fdec19,633,price_7224888fe0018d,4900,GBP,month,unpaid,2025-01-21 10:39:14.893426,2025-01-21 10:46:14.893426,2025-02-20 10:46:14.893426,False,,2025-01-08 10:46:14.893426,,"{""source"": ""linkedin"", ""archetype"": ""engaged_free""}"
sub_1ec000ad4b4fc1,cus_56fca25f4e0eaa,637,price_15f7a7b64bbed5,4900,GBP,month,canceled,2025-01-26 13:10:04.255678,2025-01-26 13:28:04.255678,2025-02-25 13:28:04.255678,True,2025-01-27 01:53:24.921340,2025-01-18 13:28:04.255678,,"{""source"": ""linkedin"", ""archetype"": ""engaged_free""}"
sub_cd5969bcaf1c48,cus_37cef3edfe293c,639,price_594476d7f24835,9900,GBP,month,active,2025-03-14 01:40:38.593690,2025-03-14 02:02:38.593690,2025-04-13 02:02:38.593690,False,,,,"{""source"": ""direct"", ""archetype"": ""power_user""}"
sub_61aeeb9a780363,cus_5afab8a827b3af,647,price_01165f4c0ede34,2900,Eur,month,active,2025-01-13 06:13:28.941543,2025-01-13 06:38:28.941543,2025-02-12 06:38:28.941543,False,,2024-12-30 06:38:28.941543,2025-01-13 06:38:28.941543,"{""source"": ""referral"", ""archetype"": ""engaged_free""}"
sub_b5f9a649da7686,cus_4489ece7597396,656,price_d4e4b4c34d7875,2900,Eur,year,canceled,2025-01-27 23:20:55.159758,2025-01-27 23:38:55.159758,2025-02-26 23:38:55.159758,True,2025-02-20 22:48:15.007036,,2025-01-27 23:38:55.159758,"{""source"": ""organic"", ""archetype"": ""engaged_free""}"
sub_35ce29410e9505,cus_d22be95d5a345b,669,price_712eeafbde4c6a,2900,gbp,month,active,2025-02-03 20:45:17.650640,2025-02-03 21:13:17.650640,2025-03-05 21:13:17.650640,False,,,,"{""source"": ""google_ads"", ""archetype"": ""engaged_free""}"
sub_4c1b200f2c0471,cus_e9920a383bacaf,676,price_ecdd80cee4b580,19900,eur,month,active,2025-01-14 06:17:40.957514,2025-01-14 06:45:40.957514,2025-02-13 06:45:40.957514,False,,,2025-01-14 06:45:40.957514,"{""source"": ""linkedin"", ""archetype"": ""enterprise_evaluator""}"
sub_48bc20d8f63d05,cus_cee9c83c791eb4,678,price_7f1752ce1055ba,4900,USD,month,past_due,2025-01-11 00:11:13.427792,2025-01-11 00:12:13.427792,2025-02-10 00:12:13.427792,False,,,,"{""source"": ""google_ads"", ""archetype"": ""engaged_free""}"
sub_357ecb4a70c93d,cus_4a3b985fff2c2f,684,price_d34db11c9e03ee,29900,usd,year,past_due,2025-03-01 11:45:02.317927,2025-03-01 12:00:02.317927,2025-03-31 12:00:02.317927,False,,,,"{""source"": ""google_ads"", ""archetype"": ""power_user""}"
sub_a4c0350b923126,cus_00c4593f5051f8,686,price_e9c97303de682d,2900,Eur,month,active,2025-01-15 18:53:04.269990,2025-01-15 19:12:04.269990,2025-02-14 19:12:04.269990,False,,2025-01-06 19:12:04.269990,,"{""source"": ""partner"", ""archetype"": ""engaged_free""}"
sub_fdc98891b8b283,cus_bf316f33912e47,689,price_8bc2a4c23a4040,9900,GBP,month,active,2025-01-28 07:15:16.698316,2025-01-28 07:42:16.698316,2025-02-27 07:42:16.698316,False,,2025-01-21 07:42:16.698316,,"{""source"": ""referral"", ""archetype"": ""power_user""}"
sub_cf27d56da49d3e,cus_d5046f0d2ef823,693,price_2b4f90452efc28,19900,USD,month,active,2025-01-19 08:47:40.393791,2025-01-19 09:07:40.393791,2025-02-18 09:07:40.393791,False,,,,"{""source"": ""partner"", ""archetype"": ""enterprise_evaluator""}"
sub_633589ea8a7389,cus_849ae0c1afc427,694,price_ce65b462a915fb,19900,Eur,month,active,2025-01-19 23:51:14.845401,2025-01-19 23:56:14.845401,2025-02-18 23:56:14.845401,False,,,,"{""source"": ""partner"", ""archetype"": ""enterprise_evaluator""}"
sub_8b337f9e86b4e3,cus_b7388da3b03f7a,698,price_39094fabbbbcc1,29900,Eur,month,active,2025-01-12 14:24:11.426713,2025-01-12 14:38:11.426713,2025-02-11 14:38:11.426713,False,,2025-01-01 14:38:11.426713,,"{""source"": ""referral"", ""archetype"": ""power_user""}"
sub_10820e4123fb31,cus_84c10f60e25a9e,708,price_06be9d2d05adc4,29900,gbp,month,active,2025-01-20 04:30:09.276269,2025-01-20 04:49:09.276269,2025-02-19 04:49:09.276269,False,,,,"{""source"": ""direct"", ""archetype"": ""enterprise_evaluator""}"
sub_c519282e7a9373,cus_86feb285c12ff2,721,price_925500e1a3df44,29900,USD,year,active,2025-02-02 02:40:44.327581,2025-02-02 02:49:44.327581,2025-03-04 02:49:44.327581,False,,,,"{""source"": ""referral"", ""archetype"": ""enterprise_evaluator""}"
sub_22fa5d4d8bd458,cus_f9135b814883ba,722,price_ba0d043700c628,2900,gbp,month,active,2025-01-30 15:57:00.061948,2025-01-30 16:09:00.061948,2025-03-01 16:09:00.061948,False,,,,"{""source"": ""referral"", ""archetype"": ""engaged_free""}"
sub_a06f63200226c2,cus_5527fb6d85a864,723,price_7ca21186f7f538,29900,gbp,month,active,2025-02-14 20:29:52.263050,2025-02-14 20:45:52.263050,2025-03-16 20:45:52.263050,False,,,2025-02-14 20:45:52.263050,"{""source"": ""direct"", ""archetype"": ""power_user""}"
sub_4be709c94d0f83,cus_2ee61bad9d9735,724,price_a2cd9648d1dbfb,29900,USD,year,active,2025-01-10 11:37:13.927908,2025-01-10 12:07:13.927908,2025-02-09 12:07:13.927908,False,,2024-12-28 12:07:13.927908,,"{""source"": ""linkedin"", ""archetype"": ""power_user""}"
sub_00c02eb5fdca13,cus_2ae75851bdc4df,725,price_2318aa62d90dcc,19900,GBP,year,active,2025-02-08 11:59:49.871145,2025-02-08 12:21:49.871145,2025-03-10 12:21:49.871145,False,,,,"{""source"": ""google_ads"", ""archetype"": ""enterprise_evaluator""}"
sub_4101a05fe34735,cus_69f3ed2e72596b,729,price_fbf26748574c35,2900,usd,month,active,2025-02-12 04:16:50.607729,2025-02-12 04:37:50.607729,2025-03-14 04:37:50.607729,False,,2025-02-02 04:37:50.607729,,"{""source"": ""google_ads"", ""archetype"": ""engaged_free""}"
sub_7107dbe4dbe336,cus_58eca03cf6af04,737,price_904d6141705939,19900,gbp,month,canceled,2025-01-14 21:32:21.621311,2025-01-14 21:41:21.621311,2025-02-13 21:41:21.621311,True,2025-01-15 09:21:44.331373,2025-01-06 21:41:21.621311,,"{""source"": ""google_ads"", ""archetype"": ""power_user""}"
sub_ec11c0c9993e4a,cus_37d16287f3197e,741,price_83a01a90a5e323,9900,USD,year,active,2025-02-05 10:07:45.202435,2025-02-05 10:32:45.202435,2025-03-07 10:32:45.202435,False,,,,"{""source"": ""partner"", ""archetype"": ""power_user""}"
sub_9b82ba49a6f7ee,cus_657222f339e74f,745,price_f9606ba42e1a67,2900,USD,month,active,2025-02-18 08:50:31.239350,2025-02-18 09:17:31.239350,2025-03-20 09:17:31.239350,False,,2025-02-07 09:17:31.239350,2025-02-18 09:17:31.239350,"{""source"": ""direct"", ""archetype"": ""engaged_free""}"
sub_1145644a11fea2,cus_fef44bcbfe7f2c,768,price_f4683c1907d5be,19900,eur,year,active,2025-01-17 06:56:30.698660,2025-01-17 06:57:30.698660,2025-02-16 06:57:30.698660,False,,,2025-01-17 06:57:30.698660,"{""source"": ""google_ads"", ""archetype"": ""power_user""}"
sub_1ec9d4a3229711,cus_2d598365b57f7f,769,price_6389d1549933a9,9900,gbp,month,active,2025-01-10 21:26:48.202005,2025-01-10 21:51:48.202005,2025-02-09 21:51:48.202005,False,,,,"{""source"": ""partner"", ""archetype"": ""power_user""}"
sub_a014d056b5e28d,cus_38b6908f5b4d33,789,price_79d224c5089dfa,29900,USD,month,active,2025-02-12 21:22:44.504670,2025-02-12 21:47:44.504670,2025-03-14 21:47:44.504670,False,,,2025-02-12 21:47:44.504670,"{""source"": ""organic"", ""archetype"": ""enterprise_evaluator""}"
sub_fcfad8fc121b06,cus_ef5370222e1743,792,price_045a33e6bd421c,19900,USD,month,active,2025-01-11 22:15:51.578660,2025-01-11 22:35:51.578660,2025-02-10 22:35:51.578660,False,,2025-01-02 22:35:51.578660,,"{""source"": ""organic"", ""archetype"": ""power_user""}"
sub_8c3f071587782b,cus_6e280b7ce8b866,794,price_58c4234ccf86b4,29900,GBP,month,active,2025-01-11 11:12:53.187455,2025-01-11 11:41:53.187455,2025-02-10 11:41:53.187455,False,,,,"{""source"": ""organic"", ""archetype"": ""power_user""}"
sub_e2bd15d84408a2,cus_6b1dac8e0c40b9,795,price_e23968d0aa6a03,29900,GBP,month,active,2025-01-16 02:53:49.461241,2025-01-16 03:23:49.461241,2025-02-15 03:23:49.461241,False,,,2025-01-16 03:23:49.461241,"{""source"": ""referral"", ""archetype"": ""power_user""}"
sub_cc3bbd163b13ec,cus_cbcb9b8dd301b0,797,price_7905f7d00353ad,29900,USD,month,active,2025-01-31 12:41:14.616514,2025-01-31 13:05:14.616514,2025-03-02 13:05:14.616514,False,,2025-01-21 13:05:14.616514,,"{""source"": ""referral"", ""archetype"": ""enterprise_evaluator""}"
sub_34f5713678c3ef,cus_7c0109b25ab2b3,800,price_4b68c6bd46d485,19900,eur,month,active,2025-01-08 22:19:26.310177,2025-01-08 22:31:26.310177,2025-02-07 22:31:26.310177,False,,,,"{""source"": ""linkedin"", ""archetype"": ""enterprise_evaluator""}"
sub_71cbc3c7371af8,cus_d3ab867c6ff716,802,price_727538bd8d24a3,29900,usd,month,active,2025-01-04 02:53:41.666997,2025-01-04 03:19:41.666997,2025-02-03 03:19:41.666997,False,,2024-12-28 03:19:41.666997,2025-01-04 03:19:41.666997,"{""source"": ""organic"", ""archetype"": ""enterprise_evaluator""}"
sub_cc8d2b3715024a,cus_ca805f86a49bfa,807,price_a61ec7d24db9d5,29900,USD,year,active,2025-01-09 11:28:31.180427,2025-01-09 11:54:31.180427,2025-02-08 11:54:31.180427,False,,,,"{""source"": ""partner"", ""archetype"": ""enterprise_evaluator""}"
sub_e52998b20b4198,cus_9d3eda675e4fa1,809,price_e444d293499aea,9900,gbp,year,active,2025-01-16 07:01:27.232598,2025-01-16 07:27:27.232598,2025-02-15 07:27:27.232598,False,,,,"{""source"": ""direct"", ""archetype"": ""power_user""}"
sub_8388d31c2fb776,cus_904c96c3b6b01f,813,price_d90b4ee20c27d6,9900,Eur,month,active,2025-01-30 17:51:37.960255,2025-01-30 18:14:37.960255,2025-03-01 18:14:37.960255,False,,,2025-01-30 18:14:37.960255,"{""source"": ""linkedin"", ""archetype"": ""power_user""}"
sub_7fd3eb2dd04d1d,cus_bc05486163a074,822,price_74bb4582ab175b,29900,USD,month,active,2025-02-11 02:37:26.462600,2025-02-11 02:54:26.462600,2025-03-13 02:54:26.462600,False,,,2025-02-11 02:54:26.462600,"{""source"": ""referral"", ""archetype"": ""enterprise_evaluator""}"
sub_d174a3512ce82b,cus_338549d23ef01d,835,price_eb97f7752db035,9900,eur,month,active,2025-01-14 19:52:09.334741,2025-01-14 19:58:09.334741,2025-02-13 19:58:09.334741,False,,,,"{""source"": ""organic"", ""archetype"": ""power_user""}"
sub_cbfe7232814875,cus_b1cc8c5ed2ad5e,837,price_53b4dc359b75f1,2900,Eur,month,canceled,2025-01-30 15:31:55.550024,2025-01-30 15:40:55.550024,2025-03-01 15:40:55.550024,True,2025-02-04 12:36:19.941239,2025-01-22 15:40:55.550024,2025-01-30 15:40:55.550024,"{""source"": ""organic"", ""archetype"": ""engaged_free""}"
sub_419e06b8f87cad,cus_6f3eaabfa7fb83,842,price_1bff0420a349d2,4900,usd,year,active,2025-01-03 05:19:05.024144,2025-01-03 05:24:05.024144,2025-02-02 05:24:05.024144,False,,,2025-01-03 05:24:05.024144,"{""source"": ""linkedin"", ""archetype"": ""engaged_free""}"
sub_af9e640806c97e,cus_c319590c3f2f1a,845,price_1e9232ed16be6a,29900,USD,year,active,2025-01-08 20:22:13.003295,2025-01-08 20:33:13.003295,2025-02-07 20:33:13.003295,False,,,,"{""source"": ""google_ads"", ""archetype"": ""power_user""}"
sub_824f9e292d020d,cus_c9c403071a73d8,851,price_57e7d830dcecfa,29900,gbp,month,canceled,2025-01-15 08:32:38.437221,2025-01-15 08:57:38.437221,2025-02-14 08:57:38.437221,True,2025-01-15 16:38:28.533542,,,"{""source"": ""partner"", ""archetype"": ""power_user""}"
sub_66e85f97edf5f3,cus_7413979cb68547,855,price_bac11c720e2162,4900,GBP,month,active,2025-01-17 02:07:53.288672,2025-01-17 02:37:53.288672,2025-02-16 02:37:53.288672,False,,,2025-01-17 02:37:53.288672,"{""source"": ""partner"", ""archetype"": ""engaged_free""}"
sub_64bdcdd5ff8c1a,cus_24f0026ce9cd24,860,price_b436a521ad54f2,19900,usd,month,active,2025-01-25 05:45:02.181309,2025-01-25 05:46:02.181309,2025-02-24 05:46:02.181309,False,,,2025-01-25 05:46:02.181309,"{""source"": ""referral"", ""archetype"": ""power_user""}"
sub_58a4059daaa2ab,cus_697ce0a54c9969,865,price_fe664b7f9837bc,9900,eur,month,active,2025-03-12 16:56:36.082708,2025-03-12 17:20:36.082708,2025-04-11 17:20:36.082708,False,,,,"{""source"": ""linkedin"", ""archetype"": ""power_user""}"
sub_b2eefc264609fc,cus_1e12085ab9062c,872,price_688cfc661661a2,19900,Eur,month,unpaid,2025-03-15 01:33:24.290635,2025-03-15 01:42:24.290635,2025-04-14 01:42:24.290635,False,,,2025-03-15 01:42:24.290635,"{""source"": ""referral"", ""archetype"": ""enterprise_evaluator""}"
sub_db4cf6d3acf900,cus_48ecf979c02d45,874,price_e2a10308ead2b3,19900,eur,year,active,2025-02-20 10:19:38.803000,2025-02-20 10:30:38.803000,2025-03-22 10:30:38.803000,False,,,,"{""source"": ""google_ads"", ""archetype"": ""enterprise_evaluator""}"
sub_f8eb59464db4b1,cus_c6dae9ae089ba0,875,price_1bfa1600edba8a,9900,gbp,month,active,2025-01-27 04:01:12.596106,2025-01-27 04:06:12.596106,2025-02-26 04:06:12.596106,False,,,,"{""source"": ""organic"", ""archetype"": ""power_user""}"
sub_38d7fd0dd27b73,cus_eb6136e116b26b,876,price_3648f6eb3f0a96,19900,usd,month,active,2025-01-15 21:15:54.905340,2025-01-15 21:44:54.905340,2025-02-14 21:44:54.905340,False,,,2025-01-15 21:44:54.905340,"{""source"": ""organic"", ""archetype"": ""power_user""}"
sub_3adc4e0384932a,cus_bdbe60d9e46c0a,882,price_afa1e63ab914b2,19900,USD,year,unpaid,2025-02-01 02:54:11.222186,2025-02-01 03:00:11.222186,2025-03-03 03:00:11.222186,False,,,,"{""source"": ""direct"", ""archetype"": ""enterprise_evaluator""}"
sub_67d6a5135c4313,cus_d6614f346e3523,907,price_e0651d010ed12f,4900,gbp,month,active,2025-01-20 08:18:00.465065,2025-01-20 08:38:00.465065,2025-02-19 08:38:00.465065,False,,,2025-01-20 08:38:00.465065,"{""source"": ""partner"", ""archetype"": ""engaged_free""}"
sub_94d444bdaa7eff,cus_6c0599a040f2f8,909,price_89ecdc3f629813,19900,USD,month,active,2025-01-07 17:38:18.056368,2025-01-07 18:03:18.056368,2025-02-06 18:03:18.056368,False,,,2025-01-07 18:03:18.056368,"{""source"": ""linkedin"", ""archetype"": ""power_user""}"
sub_867a26c9ad4320,cus_7bdf12f7869b7b,915,price_dc21e852e9448c,19900,eur,month,active,2025-04-02 06:15:19.604307,2025-04-02 06:17:19.604307,2025-05-02 06:17:19.604307,False,,2025-03-24 06:17:19.604307,,"{""source"": ""organic"", ""archetype"": ""power_user""}"
sub_14e33003600d1e,cus_03de6124ed8b4a,926,price_8ad18958e90edb,19900,gbp,year,active,2025-02-23 17:32:20.063306,2025-02-23 17:57:20.063306,2025-03-25 17:57:20.063306,False,,2025-02-10 17:57:20.063306,,"{""source"": ""direct"", ""archetype"": ""enterprise_evaluator""}"
sub_37eb77903e3c63,cus_64366bbbfce253,930,price_98b17499d47560,4900,Eur,month,past_due,2025-01-23 07:00:03.599797,2025-01-23 07:06:03.599797,2025-02-22 07:06:03.599797,False,,2025-01-09 07:06:03.599797,2025-01-23 07:06:03.599797,"{""source"": ""direct"", ""archetype"": ""engaged_free""}"
sub_442a32bfd369fb,cus_3b07bb5e00a108,935,price_47d59f666a939a,4900,USD,month,active,2025-02-05 16:16:48.606844,2025-02-05 16:41:48.606844,2025-03-07 16:41:48.606844,False,,,2025-02-05 16:41:48.606844,"{""source"": ""partner"", ""archetype"": ""engaged_free""}"
sub_272fe69b398ed7,cus_f3053e39d61f14,938,price_29abffe839b3c0,9900,usd,year,active,2025-02-09 03:44:34.238736,2025-02-09 03:58:34.238736,2025-03-11 03:58:34.238736,False,,,,"{""source"": ""partner"", ""archetype"": ""power_user""}"
sub_ebb5c935ac3ced,cus_1e99f19b8cb997,939,price_7bc175deb77eed,19900,usd,month,active,2025-01-07 11:08:13.017896,2025-01-07 11:25:13.017896,2025-02-06 11:25:13.017896,False,,2024-12-25 11:25:13.017896,,"{""source"": ""direct"", ""archetype"": ""enterprise_evaluator""}"
sub_a070ee0223f9ff,cus_93071c98384f77,940,price_893b9d322a5dfa,4900,eur,year,active,2025-01-07 11:46:41.308358,2025-01-07 11:52:41.308358,2025-02-06 11:52:41.308358,False,,,,"{""source"": ""organic"", ""archetype"": ""engaged_free""}"
sub_58cd539fd6f562,cus_f890d194cb8c26,945,price_12741a3c195f68,19900,eur,month,active,2025-01-07 03:24:29.715006,2025-01-07 03:39:29.715006,2025-02-06 03:39:29.715006,False,,,2025-01-07 03:39:29.715006,"{""source"": ""google_ads"", ""archetype"": ""power_user""}"
sub_312036b6cd439b,cus_c8feafc64240c4,951,price_e767ec7258678a,29900,usd,year,active,2025-02-11 22:37:24.027262,2025-02-11 22:59:24.027262,2025-03-13 22:59:24.027262,False,,,2025-02-11 22:59:24.027262,"{""source"": ""linkedin"", ""archetype"": ""enterprise_evaluator""}"
sub_84a220f8777659,cus_4b0f3435a65c66,968,price_c4512ae0892825,9900,USD,year,active,2025-01-16 10:01:53.196528,2025-01-16 10:21:53.196528,2025-02-15 10:21:53.196528,False,,,,"{""source"": ""linkedin"", ""archetype"": ""power_user""}"
sub_16a10f391349ac,cus_f663b72ad9c186,972,price_3592dcdc815f87,9900,USD,year,active,2025-02-06 12:26:07.069133,2025-02-06 12:31:07.069133,2025-03-08 12:31:07.069133,False,,2025-01-25 12:31:07.069133,,"{""source"": ""google_ads"", ""archetype"": ""power_user""}"
sub_8b41de0ad0cd76,cus_e58bc812d1d6f4,979,price_fcc6ef78733e37,29900,usd,month,active,2025-01-29 16:39:20.130504,2025-01-29 16:55:20.130504,2025-02-28 16:55:20.130504,False,,2025-01-15 16:55:20.130504,,"{""source"": ""partner"", ""archetype"": ""power_user""}"
sub_b1579dc6efac8a,cus_e681a1ba306a7f,991,price_f9a6006ecee910,19900,USD,month,past_due,2025-01-24 02:33:49.218740,2025-01-24 03:00:49.218740,2025-02-23 03:00:49.218740,False,,,2025-01-24 03:00:49.218740,"{""source"": ""linkedin"", ""archetype"": ""power_user""}"
sub_cd24457b0b6e38,cus_bf297cc3308534,994,price_e2710039c80d56,4900,usd,month,active,2025-01-11 08:06:22.165478,2025-01-11 08:12:22.165478,2025-02-10 08:12:22.165478,False,,,2025-01-11 08:12:22.165478,"{""source"": ""partner"", ""archetype"": ""engaged_free""}"
sub_bcced1094ee59b,cus_b09485e95a20ba,1011,price_26833c971adadd,2900,eur,month,active,2025-01-23 21:10:45.370109,2025-01-23 21:23:45.370109,2025-02-22 21:23:45.370109,False,,,2025-01-23 21:23:45.370109,"{""source"": ""linkedin"", ""archetype"": ""engaged_free""}"
sub_6f289d4131f445,cus_900fab1a827f91,1022,price_79768bc65e4aeb,19900,gbp,month,active,2025-01-12 04:23:45.955604,2025-01-12 04:27:45.955604,2025-02-11 04:27:45.955604,False,,,,"{""source"": ""linkedin"", ""archetype"": ""power_user""}"
sub_61bf4b072d5121,cus_d250ab06bc6bb6,1025,price_3fdd3e9c943516,19900,GBP,month,active,2025-01-16 19:14:41.234908,2025-01-16 19:40:41.234908,2025-02-15 19:40:41.234908,False,,,2025-01-16 19:40:41.234908,"{""source"": ""linkedin"", ""archetype"": ""enterprise_evaluator""}"
sub_2795d7f6eab13e,cus_da829aae79a5d0,1026,price_f38535c4380180,29900,USD,month,past_due,2025-01-22 17:13:27.528975,2025-01-22 17:25:27.528975,2025-02-21 17:25:27.528975,False,,2025-01-14 17:25:27.528975,,"{""source"": ""partner"", ""archetype"": ""enterprise_evaluator""}"
sub_aa7494a6b7ece2,cus_e6b6593af54f32,1027,price_01631be61ad3a2,2900,GBP,month,active,2025-02-05 22:43:44.472934,2025-02-05 22:44:44.472934,2025-03-07 22:44:44.472934,False,,,,"{""source"": ""linkedin"", ""archetype"": ""engaged_free""}"
sub_3374ceaf513b01,cus_cdeb77e31681bf,1034,price_a7083b6b2d5264,19900,Eur,month,past_due,2025-01-25 06:48:11.680405,2025-01-25 06:51:11.680405,2025-02-24 06:51:11.680405,False,,,,"{""source"": ""organic"", ""archetype"": ""power_user""}"
sub_42ba73165a5c32,cus_80f43bbfa72064,1035,price_f9c3e144a108c5,29900,Eur,year,active,2025-01-31 14:36:01.166490,2025-01-31 14:41:01.166490,2025-03-02 14:41:01.166490,False,,,,"{""source"": ""google_ads"", ""archetype"": ""enterprise_evaluator""}"
sub_096bb8f1d87248,cus_e56799aadc632c,1047,price_4c0f239ea79c8d,29900,USD,month,active,2025-01-28 20:19:42.517955,2025-01-28 20:39:42.517955,2025-02-27 20:39:42.517955,False,,,,"{""source"": ""referral"", ""archetype"": ""power_user""}"
sub_b57c6de0014a28,cus_db3168b4d46ab8,1060,price_4b2175d066ecf7,19900,gbp,month,active,2025-01-17 12:03:04.385215,2025-01-17 12:14:04.385215,2025-02-16 12:14:04.385215,False,,,,"{""source"": ""google_ads"", ""archetype"": ""enterprise_evaluator""}"
sub_d7d58e4821b019,cus_12eff19a26e70a,1061,price_a42f4b2b5a1121,9900,usd,month,unpaid,2025-01-16 18:29:12.569832,2025-01-16 18:38:12.569832,2025-02-15 18:38:12.569832,False,,,2025-01-16 18:38:12.569832,"{""source"": ""organic"", ""archetype"": ""power_user""}"
sub_9543312d9038d3,cus_2095e385faf943,1062,price_1fe515c4d37aae,2900,gbp,month,canceled,2025-01-06 08:47:30.417891,2025-01-06 09:11:30.417891,2025-02-05 09:11:30.417891,True,2025-01-07 07:58:46.461815,,,"{""source"": ""linkedin"", ""archetype"": ""support_heavy""}"
sub_efdc444c817bb2,cus_40146ec0065719,1072,price_735e54927daa16,19900,USD,month,active,2025-01-15 18:21:21.198737,2025-01-15 18:41:21.198737,2025-02-14 18:41:21.198737,False,,,2025-01-15 18:41:21.198737,"{""source"": ""organic"", ""archetype"": ""enterprise_evaluator""}"
sub_1f5a6dd8a4b8a9,cus_f40b241703cda8,1077,price_006b865a41b86c,9900,usd,month,active,2025-01-22 12:22:55.362388,2025-01-22 12:30:55.362388,2025-02-21 12:30:55.362388,False,,2025-01-09 12:30:55.362388,,"{""source"": ""direct"", ""archetype"": ""power_user""}"
sub_0223f908260cdb,cus_239abc0182b04a,1082,price_63fb5804b71c89,29900,gbp,month,active,2025-02-06 06:25:16.312265,2025-02-06 06:49:16.312265,2025-03-08 06:49:16.312265,False,,,,"{""source"": ""organic"", ""archetype"": ""enterprise_evaluator""}"
sub_3cfe491582574f,cus_21a7bd443fcb13,1083,price_8ff17729cb11b9,29900,GBP,month,active,2025-01-19 16:31:09.471029,2025-01-19 16:32:09.471029,2025-02-18 16:32:09.471029,False,,,,"{""source"": ""direct"", ""archetype"": ""power_user""}"
sub_17fc45d2af3a30,cus_05d50856359d00,1100,price_1801b1499c1078,19900,usd,month,active,2025-01-16 14:16:15.698564,2025-01-16 14:25:15.698564,2025-02-15 14:25:15.698564,False,,,2025-01-16 14:25:15.698564,"{""source"": ""google_ads"", ""archetype"": ""enterprise_evaluator""}"
sub_ae6e2b98cfdd26,cus_7966e212232d67,1102,price_a21d395a8d9209,2900,Eur,month,active,2025-01-15 00:26:31.472835,2025-01-15 00:44:31.472835,2025-02-14 00:44:31.472835,False,,,,"{""source"": ""google_ads"", ""archetype"": ""engaged_free""}"
sub_9a8ef9aa02d4ef,cus_717e0063408c5a,1103,price_62e09e78ecfdc3,19900,eur,year,active,2025-01-25 22:36:30.937023,2025-01-25 23:03:30.937023,2025-02-24 23:03:30.937023,False,,,,"{""source"": ""partner"", ""archetype"": ""power_user""}"
sub_7317b08cbf337a,cus_02eee78a7cd6e2,1113,price_f080160fe5d037,29900,gbp,month,active,2025-01-09 12:27:05.658365,2025-01-09 12:44:05.658365,2025-02-08 12:44:05.658365,False,,,,"{""source"": ""referral"", ""archetype"": ""power_user""}"
sub_2fbff69576f312,cus_35eeac1e85b3e8,1116,price_6f772587be5996,29900,gbp,year,active,2025-02-19 22:36:46.375375,2025-02-19 22:56:46.375375,2025-03-21 22:56:46.375375,False,,,,"{""source"": ""referral"", ""archetype"": ""enterprise_evaluator""}"
sub_49218975aff53d,cus_08faeafdccdec4,1119,price_5c9f37b28ef7d1,9900,gbp,month,active,2025-01-24 15:24:22.872136,2025-01-24 15:48:22.872136,2025-02-23 15:48:22.872136,False,,2025-01-13 15:48:22.872136,,"{""source"": ""linkedin"", ""archetype"": ""power_user""}"
sub_b17d5b573e8d0d,cus_a1290cc5747da3,1120,price_7522b2c654df84,29900,GBP,month,active,2025-01-26 22:54:51.010861,2025-01-26 23:17:51.010861,2025-02-25 23:17:51.010861,False,,,,"{""source"": ""organic"", ""archetype"": ""enterprise_evaluator""}"
sub_a60858feb82403,cus_649df7dc074a51,1131,price_cdb8855cd83589,29900,gbp,month,active,2025-02-24 19:18:49.859290,2025-02-24 19:48:49.859290,2025-03-26 19:48:49.859290,False,,,,"{""source"": ""organic"", ""archetype"": ""enterprise_evaluator""}"
sub_06f5bcf41a36d6,cus_265e5860f6a77b,1132,price_947fc7aed811a6,9900,gbp,month,active,2025-02-09 17:35:18.566362,2025-02-09 18:01:18.566362,2025-03-11 18:01:18.566362,False,,,2025-02-09 18:01:18.566362,"{""source"": ""referral"", ""archetype"": ""power_user""}"
sub_209213ed338f32,cus_cbe8569d74ba64,1134,price_5c4f48ff4e0fbd,29900,USD,month,active,2025-02-02 08:36:17.381822,2025-02-02 08:39:17.381822,2025-03-04 08:39:17.381822,False,,2025-01-26 08:39:17.381822,2025-02-02 08:39:17.381822,"{""source"": ""google_ads"", ""archetype"": ""power_user""}"
sub_ae14050eaee2e7,cus_6ebc5201965c1c,1136,price_29e8ee3d3f6745,19900,USD,year,active,2025-02-04 17:13:14.734310,2025-02-04 17:22:14.734310,2025-03-06 17:22:14.734310,False,,,2025-02-04 17:22:14.734310,"{""source"": ""referral"", ""archetype"": ""enterprise_evaluator""}"
sub_322eaaef48f972,cus_14a4decf679849,1137,price_d8734b2d9f6854,9900,usd,month,active,2025-02-07 13:49:53.787041,2025-02-07 14:15:53.787041,2025-03-09 14:15:53.787041,False,,,2025-02-07 14:15:53.787041,"{""source"": ""referral"", ""archetype"": ""power_user""}"
sub_7acc0181196da2,cus_499a51d7e86260,1138,price_63a5bee3593266,2900,Eur,month,active,2025-01-22 10:04:11.826986,2025-01-22 10:30:11.826986,2025-02-21 10:30:11.826986,False,,,,"{""source"": ""direct"", ""archetype"": ""engaged_free""}"
sub_2bb72ab2a90b75,cus_45d42a55fede32,1141,price_7b2856fc2169d9,29900,USD,month,active,2025-01-25 22:49:47.561275,2025-01-25 22:56:47.561275,2025-02-24 22:56:47.561275,False,,2025-01-11 22:56:47.561275,2025-01-25 22:56:47.561275,"{""source"": ""organic"", ""archetype"": ""enterprise_evaluator""}"
sub_860f91e2d36c23,cus_76a06c20bae951,1148,price_d8a0e93416f75d,19900,usd,year,canceled,2025-01-29 19:11:47.039176,2025-01-29 19:15:47.039176,2025-02-28 19:15:47.039176,True,2025-02-08 22:50:19.566664,,,"{""source"": ""referral"", ""archetype"": ""power_user""}"
sub_4cbd63c4a8c5f6,cus_cb9e46e8ba0a13,1159,price_d09cae56249963,9900,eur,month,active,2025-01-10 22:39:38.769028,2025-01-10 23:07:38.769028,2025-02-09 23:07:38.769028,False,,,,"{""source"": ""partner"", ""archetype"": ""power_user""}"
sub_3fe3f8e137fad6,cus_452bd060f48fd3,1163,price_048f3675e220fd,19900,gbp,month,active,2025-02-11 23:58:42.293879,2025-02-12 00:07:42.293879,2025-03-14 00:07:42.293879,False,,,,"{""source"": ""partner"", ""archetype"": ""power_user""}"
sub_fcf85cb8072194,cus_410e1a64bc4c4f,1164,price_5261df0c53d883,29900,GBP,month,active,2025-03-13 15:49:25.675719,2025-03-13 16:18:25.675719,2025-04-12 16:18:25.675719,False,,2025-03-02 16:18:25.675719,2025-03-13 16:18:25.675719,"{""source"": ""organic"", ""archetype"": ""enterprise_evaluator""}"
sub_7b6998d33f5b72,cus_a84f60339085f2,1165,price_b326e1d7fae9f3,29900,gbp,month,unpaid,2025-02-12 18:23:47.706577,2025-02-12 18:29:47.706577,2025-03-14 18:29:47.706577,False,,,,"{""source"": ""linkedin"", ""archetype"": ""power_user""}"
sub_eedb2bc1ce2c5a,cus_94e951e67fbd8e,1167,price_31c6b12622083e,4900,eur,month,active,2025-01-23 06:09:48.599219,2025-01-23 06:12:48.599219,2025-02-22 06:12:48.599219,False,,2025-01-13 06:12:48.599219,,"{""source"": ""linkedin"", ""archetype"": ""engaged_free""}"
sub_1842cc60d85574,cus_d90e72521d89ae,1170,price_da65c86ee6f1a9,19900,eur,month,active,2025-01-26 05:05:05.823245,2025-01-26 05:27:05.823245,2025-02-25 05:27:05.823245,False,,2025-01-18 05:27:05.823245,,"{""source"": ""partner"", ""archetype"": ""power_user""}"
sub_c0cc0064a7d82d,cus_080faeebecf27e,1181,price_34b7d89707e7a5,19900,GBP,month,active,2025-02-17 09:44:06.362550,2025-02-17 10:04:06.362550,2025-03-19 10:04:06.362550,False,,2025-02-03 10:04:06.362550,2025-02-17 10:04:06.362550,"{""source"": ""direct"", ""archetype"": ""power_user""}"
sub_9dda57aa4e9e88,cus_4ec9ea4ec15ce4,1191,price_b939c4f311121f,29900,eur,year,active,2025-01-06 15:18:04.900877,2025-01-06 15:19:04.900877,2025-02-05 15:19:04.900877,False,,,,"{""source"": ""linkedin"", ""archetype"": ""enterprise_evaluator""}"
sub_5ff89ca564485a,cus_1ba0998ff7a653,1196,price_50b35aeda84dc6,4900,eur,month,active,2025-01-21 14:14:45.322360,2025-01-21 14:19:45.322360,2025-02-20 14:19:45.322360,False,,,,"{""source"": ""linkedin"", ""archetype"": ""engaged_free""}"
sub_3dbf14db25e61e,cus_85acc448d775c4,1202,price_e8ef12e9f98209,9900,usd,year,active,2025-01-12 18:43:19.891486,2025-01-12 18:55:19.891486,2025-02-11 18:55:19.891486,False,,,2025-01-12 18:55:19.891486,"{""source"": ""organic"", ""archetype"": ""power_user""}"
sub_c1771641d905db,cus_2f7a7f5c216c5b,1206,price_ed34a4729c881f,19900,eur,year,active,2025-01-26 18:32:10.849280,2025-01-26 18:53:10.849280,2025-02-25 18:53:10.849280,False,,,,"{""source"": ""google_ads"", ""archetype"": ""power_user""}"
sub_0f392972d9a58b,cus_31ae89a9adddcf,1208,price_97998bcd17fa76,9900,GBP,year,active,2025-02-07 04:50:02.788162,2025-02-07 05:04:02.788162,2025-03-09 05:04:02.788162,False,,,2025-02-07 05:04:02.788162,"{""source"": ""google_ads"", ""archetype"": ""power_user""}"
sub_593197f1c370ed,cus_e3c2a2fc8eab2a,1213,price_d0f04edd1ffe8d,2900,Eur,month,active,2025-01-13 07:41:29.744959,2025-01-13 08:03:29.744959,2025-02-12 08:03:29.744959,False,,,,"{""source"": ""direct"", ""archetype"": ""engaged_free""}"
sub_0e06e7bf783805,cus_90b150f9ae1056,1215,price_2878629fabdb0c,9900,usd,month,active,2025-02-04 23:42:34.634184,2025-02-05 00:11:34.634184,2025-03-07 00:11:34.634184,False,,2025-01-28 00:11:34.634184,2025-02-05 00:11:34.634184,"{""source"": ""referral"", ""archetype"": ""power_user""}"
sub_ef2ea1ac14538b,cus_d2ce8ad0c9052a,1219,price_7ae68c579b694b,4900,eur,year,past_due,2025-01-15 08:01:03.038824,2025-01-15 08:24:03.038824,2025-02-14 08:24:03.038824,False,,,,"{""source"": ""linkedin"", ""archetype"": ""engaged_free""}"
sub_d4c34a12b11b33,cus_bd9c30cc8de175,1221,price_f84d07f807a6cb,29900,gbp,year,active,2025-02-18 07:50:44.538285,2025-02-18 08:13:44.538285,2025-03-20 08:13:44.538285,False,,,,"{""source"": ""linkedin"", ""archetype"": ""power_user""}"
sub_f4e30b0c09e3de,cus_b56784df1bc945,1227,price_6a23a18113714b,29900,GBP,year,active,2025-02-11 10:16:14.261096,2025-02-11 10:32:14.261096,2025-03-13 10:32:14.261096,False,,,,"{""source"": ""direct"", ""archetype"": ""enterprise_evaluator""}"
sub_810b2ca0c62362,cus_83402f2ba7efc4,1233,price_64106a01e441ba,19900,eur,month,active,2025-01-13 06:46:27.169961,2025-01-13 07:05:27.169961,2025-02-12 07:05:27.169961,False,,,2025-01-13 07:05:27.169961,"{""source"": ""partner"", ""archetype"": ""enterprise_evaluator""}"
sub_ac322803828385,cus_0cc2b5ddade792,1235,price_e740090e364e5b,29900,usd,month,unpaid,2025-01-13 11:41:54.558438,2025-01-13 11:46:54.558438,2025-02-12 11:46:54.558438,False,,,,"{""source"": ""google_ads"", ""archetype"": ""enterprise_evaluator""}"
sub_91f7de20c411d0,cus_26d1854b409745,1236,price_6bbdb968ea3e01,4900,Eur,month,canceled,2025-01-20 04:55:16.626142,2025-01-20 05:23:16.626142,2025-02-19 05:23:16.626142,True,2025-02-01 03:53:03.031317,,2025-01-20 05:23:16.626142,"{""source"": ""organic"", ""archetype"": ""casual_explorer""}"
sub_c4baa05957a66e,cus_e5cc4667a2fc2b,1237,price_841860106ebc55,4900,eur,month,active,2025-02-09 15:37:03.786093,2025-02-09 15:43:03.786093,2025-03-11 15:43:03.786093,False,,2025-01-31 15:43:03.786093,2025-02-09 15:43:03.786093,"{""source"": ""google_ads"", ""archetype"": ""engaged_free""}"
sub_1d9e8901d0bbb8,cus_22663c8409b543,1246,price_8b92ba9073d843,4900,gbp,month,unpaid,2025-02-02 00:47:11.633919,2025-02-02 00:54:11.633919,2025-03-04 00:54:11.633919,False,,2025-01-21 00:54:11.633919,,"{""source"": ""google_ads"", ""archetype"": ""engaged_free""}"
sub_7e3a25edf213d2,cus_09b948afe553c5,1256,price_136552d0eac68a,19900,eur,month,active,2025-01-30 09:19:01.904113,2025-01-30 09:24:01.904113,2025-03-01 09:24:01.904113,False,,,,"{""source"": ""linkedin"", ""archetype"": ""power_user""}"
sub_9b7b3701efa4f7,cus_c381cb9f5717bc,1273,price_f7a9ef6ea69d56,19900,Eur,year,active,2025-01-24 05:05:50.027299,2025-01-24 05:30:50.027299,2025-02-23 05:30:50.027299,False,,2025-01-10 05:30:50.027299,,"{""source"": ""referral"", ""archetype"": ""enterprise_evaluator""}"
sub_26454f9ca46fa2,cus_9a980babeab477,1281,price_ef36e7abc8fcdf,19900,GBP,year,canceled,2025-01-15 08:32:07.465312,2025-01-15 08:55:07.465312,2025-02-14 08:55:07.465312,True,2025-01-25 14:23:15.128404,,,"{""source"": ""linkedin"", ""archetype"": ""enterprise_evaluator""}"
sub_52a72993353430,cus_a3fe584fddb361,1297,price_e5f5b6cff92682,4900,Eur,year,active,2025-02-11 10:24:02.755036,2025-02-11 10:42:02.755036,2025-03-13 10:42:02.755036,False,,,,"{""source"": ""google_ads"", ""archetype"": ""engaged_free""}"
sub_5d2d105f8095b7,cus_f84b59662bf8b4,1302,price_07a37f8f0a0872,29900,GBP,month,active,2025-01-30 23:44:27.980884,2025-01-30 23:46:27.980884,2025-03-01 23:46:27.980884,False,,2025-01-16 23:46:27.980884,2025-01-30 23:46:27.980884,"{""source"": ""organic"", ""archetype"": ""power_user""}"
sub_3619e7cc672307,cus_3ae1c398c3b476,1304,price_3b073741429437,9900,Eur,month,active,2025-01-15 03:38:15.245569,2025-01-15 03:56:15.245569,2025-02-14 03:56:15.245569,False,,2025-01-08 03:56:15.245569,,"{""source"": ""partner"", ""archetype"": ""power_user""}"
sub_a045627916d76c,cus_fd87945145d836,1305,price_0f975c9277cb1e,2900,eur,month,active,2025-01-22 03:54:45.718645,2025-01-22 03:57:45.718645,2025-02-21 03:57:45.718645,False,,,2025-01-22 03:57:45.718645,"{""source"": ""google_ads"", ""archetype"": ""engaged_free""}"
sub_b90837d7e8eb6c,cus_731bdbcca5ab06,1306,price_00d4a9a27f6516,29900,GBP,year,active,2025-04-06 03:35:04.335230,2025-04-06 04:01:04.335230,2025-05-06 04:01:04.335230,False,,,,"{""source"": ""direct"", ""archetype"": ""enterprise_evaluator""}"
sub_94e287c42b135c,cus_4076f5b3c0934d,1316,price_9834b3d7043923,4900,usd,month,unpaid,2025-01-29 15:49:30.652785,2025-01-29 15:58:30.652785,2025-02-28 15:58:30.652785,False,,,,"{""source"": ""partner"", ""archetype"": ""engaged_free""}"
sub_f590b9d0aff3a4,cus_d727f03b99c299,1318,price_8ffab7642c0154,4900,USD,month,past_due,2025-01-20 21:27:39.048453,2025-01-20 21:28:39.048453,2025-02-19 21:28:39.048453,False,,,,"{""source"": ""referral"", ""archetype"": ""engaged_free""}"
sub_b910f633c8c1af,cus_a816b8815840ea,1325,price_e444dbd4230c81,9900,gbp,month,active,2025-01-04 04:05:08.634372,2025-01-04 04:12:08.634372,2025-02-03 04:12:08.634372,False,,2024-12-27 04:12:08.634372,,"{""source"": ""direct"", ""archetype"": ""power_user""}"
sub_f28028bfd82068,cus_0e6e46c7d1c158,1326,price_cb11de19c9f20d,29900,Eur,month,active,2025-01-24 15:25:53.227284,2025-01-24 15:41:53.227284,2025-02-23 15:41:53.227284,False,,,,"{""source"": ""organic"", ""archetype"": ""power_user""}"
sub_5be28ffd48c710,cus_fe5a44b77e4405,1330,price_e7e62052cd4fcd,2900,gbp,year,active,2025-01-14 00:34:30.486417,2025-01-14 00:38:30.486417,2025-02-13 00:38:30.486417,False,,,,"{""source"": ""direct"", ""archetype"": ""engaged_free""}"
sub_926eba17b03235,cus_7f64bfb82916bf,1340,price_5962cb70866fc2,9900,Eur,month,active,2025-01-21 21:45:00.718215,2025-01-21 22:04:00.718215,2025-02-20 22:04:00.718215,False,,,,"{""source"": ""partner"", ""archetype"": ""power_user""}"
sub_5bde00efb16859,cus_46ec4f910711a8,1342,price_3b2427113320ad,29900,USD,month,active,2025-01-31 09:47:54.016176,2025-01-31 09:48:54.016176,2025-03-02 09:48:54.016176,False,,,2025-01-31 09:48:54.016176,"{""source"": ""direct"", ""archetype"": ""enterprise_evaluator""}"
sub_456b017690c794,cus_e061f3d9b63f9f,1343,price_6e78e3144fd9b0,29900,Eur,month,active,2025-01-14 14:12:34.990845,2025-01-14 14:17:34.990845,2025-02-13 14:17:34.990845,False,,,,"{""source"": ""linkedin"", ""archetype"": ""enterprise_evaluator""}"
sub_92fd20dc781bef,cus_41fa78ba651eff,1347,price_d32b4137685eb1,19900,eur,month,active,2025-01-07 22:17:03.794430,2025-01-07 22:33:03.794430,2025-02-06 22:33:03.794430,False,,2024-12-31 22:33:03.794430,2025-01-07 22:33:03.794430,"{""source"": ""direct"", ""archetype"": ""power_user""}"
sub_7e231a65267dcc,cus_de9ed852eebbbf,1350,price_1c6dd0e1c1e7de,29900,Eur,month,active,2025-01-16 16:29:24.368022,2025-01-16 16:34:24.368022,2025-02-15 16:34:24.368022,False,,2025-01-03 16:34:24.368022,,"{""source"": ""organic"", ""archetype"": ""power_user""}"
sub_9b9629916a3cab,cus_bce05d1ca4c4d8,1378,price_953f4ef2471601,19900,usd,month,active,2025-01-25 15:59:02.091643,2025-01-25 16:06:02.091643,2025-02-24 16:06:02.091643,False,,,2025-01-25 16:06:02.091643,"{""source"": ""google_ads"", ""archetype"": ""power_user""}"
sub_9bb6bd7d695568,cus_8b8719bf09bd6c,1383,price_cbe43dc87b9a73,19900,USD,month,active,2025-02-14 11:16:13.848592,2025-02-14 11:21:13.848592,2025-03-16 11:21:13.848592,False,,,,"{""source"": ""google_ads"", ""archetype"": ""enterprise_evaluator""}"
sub_d5d2c404929d6b,cus_d561e6fc044372,1391,price_43cf8a6b9a49bb,29900,Eur,year,canceled,2025-01-31 01:45:37.147778,2025-01-31 01:50:37.147778,2025-03-02 01:50:37.147778,True,2025-02-13 03:50:18.376396,,,"{""source"": ""linkedin"", ""archetype"": ""power_user""}"
sub_7bef3d20498c1a,cus_bf4c4a29a7daf2,1392,price_f2ea7fd3982277,9900,eur,month,unpaid,2025-01-19 18:36:46.405446,2025-01-19 18:57:46.405446,2025-02-18 18:57:46.405446,False,,2025-01-10 18:57:46.405446,,"{""source"": ""organic"", ""archetype"": ""power_user""}"
sub_daca679030a8f1,cus_083c8094d909c1,1397,price_44d8db07c735dc,19900,eur,month,active,2025-01-29 21:18:17.249398,2025-01-29 21:43:17.249398,2025-02-28 21:43:17.249398,False,,2025-01-18 21:43:17.249398,2025-01-29 21:43:17.249398,"{""source"": ""direct"", ""archetype"": ""enterprise_evaluator""}"
sub_537340e08d8a45,cus_42d4626b2b2678,1406,price_f78ca5b2b016c9,9900,GBP,month,active,2025-01-27 03:57:34.109484,2025-01-27 04:06:34.109484,2025-02-26 04:06:34.109484,False,,,,"{""source"": ""partner"", ""archetype"": ""power_user""}"
sub_3f52be51b6b5d2,cus_8b053ae8a11383,1410,price_c3289951199fc2,4900,GBP,month,past_due,2025-01-10 22:17:27.089106,2025-01-10 22:23:27.089106,2025-02-09 22:23:27.089106,False,,,,"{""source"": ""referral"", ""archetype"": ""engaged_free""}"
sub_0880391a585c6b,cus_7dff71414aab37,1419,price_9a50d7f00cc5f4,19900,gbp,month,unpaid,2025-01-06 15:00:07.402658,2025-01-06 15:11:07.402658,2025-02-05 15:11:07.402658,False,,,2025-01-06 15:11:07.402658,"{""source"": ""partner"", ""archetype"": ""power_user""}"
sub_cb0ef54fc01d30,cus_ec915a97181d15,1423,price_31741c02681394,29900,Eur,month,active,2025-01-18 20:33:37.956050,2025-01-18 20:37:37.956050,2025-02-17 20:37:37.956050,False,,,,"{""source"": ""linkedin"", ""archetype"": ""power_user""}"
sub_fc3205c1fdbe3c,cus_5504a95c36c8cb,1425,price_cb8ef48870310d,9900,GBP,month,active,2025-01-26 02:57:14.989915,2025-01-26 03:03:14.989915,2025-02-25 03:03:14.989915,False,,2025-01-19 03:03:14.989915,,"{""source"": ""direct"", ""archetype"": ""power_user""}"
sub_8159514b161c62,cus_72f26fd6c6bbcd,1438,price_e1b93372ccb0e7,19900,Eur,month,active,2025-01-11 15:15:34.412559,2025-01-11 15:23:34.412559,2025-02-10 15:23:34.412559,False,,,2025-01-11 15:23:34.412559,"{""source"": ""direct"", ""archetype"": ""power_user""}"
sub_e22b0e99d089ef,cus_8359ba1f486a5f,1445,price_44832ed7687bee,29900,eur,month,active,2025-01-04 01:00:00.485853,2025-01-04 01:13:00.485853,2025-02-03 01:13:00.485853,False,,,,"{""source"": ""referral"", ""archetype"": ""power_user""}"
sub_116e981e632464,cus_fc2a13f8dac24f,1450,price_2fae2360582659,2900,eur,month,past_due,2025-01-14 16:31:36.572280,2025-01-14 16:47:36.572280,2025-02-13 16:47:36.572280,False,,,,"{""source"": ""google_ads"", ""archetype"": ""engaged_free""}"
sub_af26678d536188,cus_8c873d294388ce,1453,price_cedf0e5b115aad,2900,USD,month,active,2025-01-08 19:33:57.466717,2025-01-08 19:42:57.466717,2025-02-07 19:42:57.466717,False,,,,"{""source"": ""partner"", ""archetype"": ""casual_explorer""}"
sub_cee5adcb53100a,cus_40a362e45e1089,1454,price_9317af061c1d87,29900,USD,month,active,2025-01-11 19:51:32.057880,2025-01-11 20:15:32.057880,2025-02-10 20:15:32.057880,False,,,,"{""source"": ""partner"", ""archetype"": ""power_user""}"
sub_ff6e2d46e85871,cus_25e64cf8f220ee,1463,price_912c651576856f,19900,usd,year,active,2025-01-07 14:33:14.723958,2025-01-07 14:44:14.723958,2025-02-06 14:44:14.723958,False,,,,"{""source"": ""linkedin"", ""archetype"": ""enterprise_evaluator""}"
sub_61ce05c28102d3,cus_1c18ac9c5c2f3d,1467,price_b265948ff3bffd,19900,usd,month,active,2025-03-20 01:40:08.322114,2025-03-20 02:03:08.322114,2025-04-19 02:03:08.322114,False,,2025-03-08 02:03:08.322114,,"{""source"": ""linkedin"", ""archetype"": ""power_user""}"
sub_cc0ca9e6760efb,cus_a6ff991d373604,1478,price_0f08a2751fe5d1,4900,usd,month,active,2025-01-19 21:17:44.049894,2025-01-19 21:45:44.049894,2025-02-18 21:45:44.049894,False,,2025-01-09 21:45:44.049894,2025-01-19 21:45:44.049894,"{""source"": ""referral"", ""archetype"": ""engaged_free""}"
sub_47d54c8976280b,cus_4842dad4121f24,1487,price_134cc22c7de128,19900,USD,month,active,2025-01-20 13:49:40.047262,2025-01-20 14:03:40.047262,2025-02-19 14:03:40.047262,False,,,,"{""source"": ""google_ads"", ""archetype"": ""power_user""}"
sub_e42aac85fa894b,cus_329c7ba5d093d2,1489,price_212ee35318d5d5,9900,gbp,year,unpaid,2025-01-15 22:28:58.141944,2025-01-15 22:38:58.141944,2025-02-14 22:38:58.141944,False,,,,"{""source"": ""direct"", ""archetype"": ""power_user""}"
sub_068e7edbdae2d8,cus_a9f387f6231f9c,1492,price_1b8e3a9cb19d17,19900,USD,month,active,2025-01-28 02:33:08.993538,2025-01-28 02:46:08.993538,2025-02-27 02:46:08.993538,False,,2025-01-17 02:46:08.993538,,"{""source"": ""direct"", ""archetype"": ""enterprise_evaluator""}"
sub_70e18b4bb5fe0b,cus_6f881394822ee5,1494,price_230bc08e5841ac,29900,usd,month,active,2025-01-30 03:53:10.633792,2025-01-30 03:59:10.633792,2025-03-01 03:59:10.633792,False,,,2025-01-30 03:59:10.633792,"{""source"": ""referral"", ""archetype"": ""power_user""}"
sub_43949f073bfc08,cus_ae0ee6177ca48a,1507,price_367f3f06fcfa47,19900,eur,month,active,2025-01-27 22:54:41.521518,2025-01-27 23:12:41.521518,2025-02-26 23:12:41.521518,False,,,,"{""source"": ""google_ads"", ""archetype"": ""enterprise_evaluator""}"
sub_af0082810c5bcc,cus_e642176080bcfa,1529,price_69c2c96c50e4fd,2900,eur,month,active,2025-01-14 23:49:14.148987,2025-01-15 00:12:14.148987,2025-02-14 00:12:14.148987,False,,,,"{""source"": ""organic"", ""archetype"": ""casual_explorer""}"
sub_b3cf2043bfbc39,cus_42ab1a59f55a1b,1531,price_2fb83cc691d01a,29900,eur,month,active,2025-01-10 00:44:09.221435,2025-01-10 01:03:09.221435,2025-02-09 01:03:09.221435,False,,,2025-01-10 01:03:09.221435,"{""source"": ""linkedin"", ""archetype"": ""enterprise_evaluator""}"
sub_f9be2170d7a9b2,cus_ca052ca3007279,1534,price_954f1491232bee,29900,usd,month,active,2025-01-11 16:59:08.582161,2025-01-11 17:16:08.582161,2025-02-10 17:16:08.582161,False,,2024-12-29 17:16:08.582161,,"{""source"": ""partner"", ""archetype"": ""power_user""}"
sub_5a62c0eb554194,cus_a6511478421051,1547,price_a0a996e0094242,9900,Eur,year,active,2025-01-13 23:23:37.005237,2025-01-13 23:50:37.005237,2025-02-12 23:50:37.005237,False,,,,"{""source"": ""google_ads"", ""archetype"": ""power_user""}"
sub_c28cb3fefcb8ee,cus_d8bb60e1614f59,1551,price_d210cf40ffc262,9900,USD,month,active,2025-01-20 19:45:22.399868,2025-01-20 20:00:22.399868,2025-02-19 20:00:22.399868,False,,,,"{""source"": ""referral"", ""archetype"": ""power_user""}"
sub_e0c298f0e83f8d,cus_d40a0859afb2fe,1552,price_87a2ee7c7ec792,19900,usd,month,active,2025-01-25 19:44:44.408030,2025-01-25 19:59:44.408030,2025-02-24 19:59:44.408030,False,,,2025-01-25 19:59:44.408030,"{""source"": ""organic"", ""archetype"": ""power_user""}"
sub_92521da670c462,cus_0a36fa149cee9b,1554,price_74dbd7342033cd,19900,GBP,month,active,2025-01-21 14:43:23.313790,2025-01-21 14:58:23.313790,2025-02-20 14:58:23.313790,False,,2025-01-10 14:58:23.313790,,"{""source"": ""partner"", ""archetype"": ""power_user""}"
sub_530be3381edc11,cus_30abb490582e7c,1555,price_290eca98a73cac,9900,GBP,month,active,2025-01-19 14:01:18.403030,2025-01-19 14:28:18.403030,2025-02-18 14:28:18.403030,False,,,2025-01-19 14:28:18.403030,"{""source"": ""organic"", ""archetype"": ""power_user""}"
sub_b70b90a99aa64c,cus_440ee2f6f75b5d,1556,price_49b141c6df5604,29900,eur,year,unpaid,2025-01-19 05:06:07.283934,2025-01-19 05:32:07.283934,2025-02-18 05:32:07.283934,False,,,,"{""source"": ""partner"", ""archetype"": ""enterprise_evaluator""}"
sub_e8b3ffc9be01f2,cus_76105e857bf374,1568,price_807fe26966b016,2900,eur,month,active,2025-01-20 17:03:16.032052,2025-01-20 17:19:16.032052,2025-02-19 17:19:16.032052,False,,,,"{""source"": ""linkedin"", ""archetype"": ""engaged_free""}"
sub_e0756bd58574eb,cus_f3df033a71805e,1573,price_b13b82bff55739,19900,Eur,month,active,2025-02-02 15:44:40.743685,2025-02-02 15:59:40.743685,2025-03-04 15:59:40.743685,False,,,,"{""source"": ""organic"", ""archetype"": ""enterprise_evaluator""}"
sub_72fdc084371f12,cus_d53662b713f242,1588,price_25bdd3a03d2eda,2900,USD,month,active,2025-01-01 22:13:34.533142,2025-01-01 22:23:34.533142,2025-01-31 22:23:34.533142,False,,,,"{""source"": ""linkedin"", ""archetype"": ""engaged_free""}"
sub_4bf9362e0f4e65,cus_6e74eacc29a0ae,1590,price_7f846643f99442,9900,USD,month,active,2025-01-23 11:21:03.128114,2025-01-23 11:51:03.128114,2025-02-22 11:51:03.128114,False,,,,"{""source"": ""partner"", ""archetype"": ""power_user""}"
sub_3fec0bfbe86056,cus_35bf805c43d6af,1598,price_7f5caeb5bd4e76,19900,eur,year,active,2025-02-21 01:46:59.635958,2025-02-21 01:49:59.635958,2025-03-23 01:49:59.635958,False,,2025-02-11 01:49:59.635958,,"{""source"": ""google_ads"", ""archetype"": ""power_user""}"
sub_ef6a3c6033f71d,cus_c4013fa4148b44,1601,price_a4b3c9a382ad52,2900,USD,month,past_due,2025-01-22 11:35:55.692924,2025-01-22 12:04:55.692924,2025-02-21 12:04:55.692924,False,,,2025-01-22 12:04:55.692924,"{""source"": ""referral"", ""archetype"": ""engaged_free""}"
sub_74a40db4461bcf,cus_cdd030fce13fe6,1602,price_c5aa41c624054f,29900,gbp,year,active,2025-03-10 01:09:50.554268,2025-03-10 01:38:50.554268,2025-04-09 01:38:50.554268,False,,,2025-03-10 01:38:50.554268,"{""source"": ""direct"", ""archetype"": ""power_user""}"
sub_9da14b4b4c0ebe,cus_9f0562a7a80f02,1607,price_1cbea9e8a241d7,4900,usd,year,active,2025-01-14 13:29:56.913477,2025-01-14 13:55:56.913477,2025-02-13 13:55:56.913477,False,,,,"{""source"": ""google_ads"", ""archetype"": ""engaged_free""}"
sub_650639c219b8a5,cus_61fa5ea82c57d1,1608,price_f583908c354834,19900,usd,month,past_due,2025-01-23 19:56:25.339763,2025-01-23 20:16:25.339763,2025-02-22 20:16:25.339763,False,,2025-01-09 20:16:25.339763,,"{""source"": ""google_ads"", ""archetype"": ""power_user""}"
sub_dd74de18fdd093,cus_2221a72e7ede41,1611,price_e817bb5a2bfe44,19900,Eur,year,active,2025-01-09 22:44:23.220478,2025-01-09 23:09:23.220478,2025-02-08 23:09:23.220478,False,,,,"{""source"": ""referral"", ""archetype"": ""enterprise_evaluator""}"
sub_84327d71831364,cus_473276dba10a8a,1618,price_495bb62833c57a,29900,gbp,month,active,2025-01-06 01:57:22.237148,2025-01-06 02:08:22.237148,2025-02-05 02:08:22.237148,False,,,,"{""source"": ""google_ads"", ""archetype"": ""power_user""}"
sub_865e610610832e,cus_d25674d574c736,1621,price_c9a03a347f3ea2,29900,GBP,year,active,2025-01-22 12:13:18.381590,2025-01-22 12:17:18.381590,2025-02-21 12:17:18.381590,False,,2025-01-14 12:17:18.381590,,"{""source"": ""google_ads"", ""archetype"": ""power_user""}"
sub_7e5d371634b790,cus_22671a452f4918,1636,price_61e848825391bb,19900,Eur,year,active,2025-01-21 09:19:48.464825,2025-01-21 09:44:48.464825,2025-02-20 09:44:48.464825,False,,,,"{""source"": ""google_ads"", ""archetype"": ""enterprise_evaluator""}"
sub_83ac654c42c697,cus_c5020beea81817,1637,price_6cc8d1b54680e9,29900,usd,month,active,2025-01-10 11:46:36.384764,2025-01-10 11:57:36.384764,2025-02-09 11:57:36.384764,False,,,2025-01-10 11:57:36.384764,"{""source"": ""organic"", ""archetype"": ""enterprise_evaluator""}"
sub_6e9f0066f36dbe,cus_b266e33c3707df,1639,price_21cf3aa38c1101,29900,GBP,month,active,2025-01-24 15:54:54.728503,2025-01-24 16:03:54.728503,2025-02-23 16:03:54.728503,False,,2025-01-13 16:03:54.728503,,"{""source"": ""referral"", ""archetype"": ""enterprise_evaluator""}"
sub_adb8d0a9f159a4,cus_4bfb38d9bc5c67,1643,price_d179e65824b5e2,19900,GBP,month,active,2025-01-20 18:20:26.148147,2025-01-20 18:41:26.148147,2025-02-19 18:41:26.148147,False,,,,"{""source"": ""google_ads"", ""archetype"": ""enterprise_evaluator""}"
sub_7343de3a72e728,cus_509fad6fc1764e,1646,price_f5415c77342f90,29900,USD,month,active,2025-01-06 16:33:13.754242,2025-01-06 16:59:13.754242,2025-02-05 16:59:13.754242,False,,,,"{""source"": ""direct"", ""archetype"": ""enterprise_evaluator""}"
sub_892cd32ca81feb,cus_f3e78986b2a958,1690,price_be26ffb56479a7,29900,eur,month,active,2025-01-24 12:05:53.948071,2025-01-24 12:28:53.948071,2025-02-23 12:28:53.948071,False,,2025-01-15 12:28:53.948071,,"{""source"": ""partner"", ""archetype"": ""enterprise_evaluator""}"
sub_0ba709ef196225,cus_17ea18e8ce0d8c,1696,price_f3b9ddc690e04d,29900,USD,month,active,2025-02-02 23:17:44.766200,2025-02-02 23:27:44.766200,2025-03-04 23:27:44.766200,False,,2025-01-19 23:27:44.766200,,"{""source"": ""partner"", ""archetype"": ""power_user""}"
sub_af8c0a490d14b6,cus_084402f7e21629,1706,price_5e36dd5f78639d,19900,USD,month,active,2025-02-21 04:01:06.563922,2025-02-21 04:22:06.563922,2025-03-23 04:22:06.563922,False,,,,"{""source"": ""google_ads"", ""archetype"": ""power_user""}"
sub_9ae083cf06507f,cus_57076f30efd1a2,1709,price_aba46c8167909a,29900,usd,month,active,2025-01-23 01:47:29.311171,2025-01-23 01:50:29.311171,2025-02-22 01:50:29.311171,False,,,,"{""source"": ""google_ads"", ""archetype"": ""power_user""}"
sub_aa7b3b630c7a52,cus_103efd2a5400ca,1712,price_e283b3000aa4bd,9900,USD,month,active,2025-01-27 12:09:31.378170,2025-01-27 12:30:31.378170,2025-02-26 12:30:31.378170,False,,,,"{""source"": ""google_ads"", ""archetype"": ""power_user""}"
sub_4b65e63ee59e1e,cus_3963465279d82c,1718,price_ee0b11dec9706f,29900,eur,year,active,2025-01-12 02:38:02.814320,2025-01-12 03:04:02.814320,2025-02-11 03:04:02.814320,False,,,2025-01-12 03:04:02.814320,"{""source"": ""organic"", ""archetype"": ""power_user""}"
sub_ffa4c664fef538,cus_6575f93e63ee20,1722,price_840b4116411daf,19900,usd,month,active,2025-01-12 00:01:52.840846,2025-01-12 00:16:52.840846,2025-02-11 00:16:52.840846,False,,2025-01-01 00:16:52.840846,,"{""source"": ""google_ads"", ""archetype"": ""enterprise_evaluator""}"
sub_3af5f666109210,cus_be02c112fd3819,1730,price_7bb883e922fde3,19900,GBP,month,active,2025-02-14 15:32:00.127953,2025-02-14 15:54:00.127953,2025-03-16 15:54:00.127953,False,,,,"{""source"": ""partner"", ""archetype"": ""enterprise_evaluator""}"
sub_93ba4b56db99bf,cus_fb4e91f68faf36,1735,price_fc2ceb60d5219e,9900,eur,year,unpaid,2025-01-10 04:18:54.039060,2025-01-10 04:30:54.039060,2025-02-09 04:30:54.039060,False,,2025-01-02 04:30:54.039060,2025-01-10 04:30:54.039060,"{""source"": ""partner"", ""archetype"": ""power_user""}"
sub_38bd1f4c995b00,cus_55a2612c6734cf,1753,price_3fd4769376076b,9900,usd,month,active,2025-01-17 00:53:24.724988,2025-01-17 01:05:24.724988,2025-02-16 01:05:24.724988,False,,,,"{""source"": ""referral"", ""archetype"": ""power_user""}"
sub_222211e10302ae,cus_fb880e4bd42c4b,1758,price_d8d10d8a3bc0a2,29900,Eur,month,active,2025-02-20 18:01:25.459709,2025-02-20 18:30:25.459709,2025-03-22 18:30:25.459709,False,,,2025-02-20 18:30:25.459709,"{""source"": ""organic"", ""archetype"": ""power_user""}"
sub_810a85cac90919,cus_df819780a859ee,1770,price_db9e3e3893baa9,4900,eur,month,past_due,2025-01-04 17:28:29.613631,2025-01-04 17:38:29.613631,2025-02-03 17:38:29.613631,False,,2024-12-25 17:38:29.613631,,"{""source"": ""linkedin"", ""archetype"": ""engaged_free""}"
sub_a0b85c1b430d20,cus_9adae4873a2369,1778,price_8d0f442a758c8c,9900,USD,month,active,2025-02-03 12:06:06.060221,2025-02-03 12:19:06.060221,2025-03-05 12:19:06.060221,False,,,2025-02-03 12:19:06.060221,"{""source"": ""partner"", ""archetype"": ""power_user""}"
sub_4ac971b96b69ea,cus_55b105a2136e0f,1780,price_b3b2a308199d9b,29900,gbp,month,active,2025-02-17 09:41:27.833326,2025-02-17 09:54:27.833326,2025-03-19 09:54:27.833326,False,,,,"{""source"": ""linkedin"", ""archetype"": ""power_user""}"
sub_cc82dbae1d95e9,cus_30c3663a58554a,1781,price_de83cfaf44089f,9900,gbp,year,active,2025-01-25 00:30:54.381777,2025-01-25 00:36:54.381777,2025-02-24 00:36:54.381777,False,,,,"{""source"": ""google_ads"", ""archetype"": ""power_user""}"
sub_135aa7e741c6d2,cus_8b70bbb54e7ad2,1790,price_7f175bbbd2e23e,19900,GBP,year,active,2025-01-05 15:44:40.870089,2025-01-05 15:53:40.870089,2025-02-04 15:53:40.870089,False,,,2025-01-05 15:53:40.870089,"{""source"": ""direct"", ""archetype"": ""enterprise_evaluator""}"
sub_caad8a9de799fd,cus_2e890739565858,1791,price_2466760280ad7d,29900,usd,year,active,2025-01-13 14:59:51.226243,2025-01-13 15:26:51.226243,2025-02-12 15:26:51.226243,False,,,,"{""source"": ""organic"", ""archetype"": ""enterprise_evaluator""}"
sub_218b343beb0bb4,cus_333b7701c95bbd,1814,price_6085a1e8a6886f,19900,eur,month,past_due,2025-01-26 00:55:42.803082,2025-01-26 01:12:42.803082,2025-02-25 01:12:42.803082,False,,,2025-01-26 01:12:42.803082,"{""source"": ""direct"", ""archetype"": ""enterprise_evaluator""}"
sub_9675a54d4034c1,cus_a76fdba4c7112b,1818,price_8f0c62c8a3c2c2,4900,USD,year,active,2025-01-29 14:41:13.486275,2025-01-29 14:44:13.486275,2025-02-28 14:44:13.486275,False,,,,"{""source"": ""direct"", ""archetype"": ""engaged_free""}"
sub_8173f1120c0a7e,cus_55f6707a996aa4,1821,price_e2e59a3fbc3538,29900,USD,month,active,2025-01-14 13:37:06.615648,2025-01-14 14:03:06.615648,2025-02-13 14:03:06.615648,False,,,,"{""source"": ""google_ads"", ""archetype"": ""power_user""}"
sub_43dd528704ee0c,cus_f4732efb84275f,1835,price_57f2a807f378de,19900,USD,year,active,2025-01-11 18:04:03.979709,2025-01-11 18:12:03.979709,2025-02-10 18:12:03.979709,False,,,2025-01-11 18:12:03.979709,"{""source"": ""linkedin"", ""archetype"": ""enterprise_evaluator""}"
sub_fa55ad82690c1f,cus_95e6ec829939db,1850,price_a2356ef8ed8b39,2900,usd,month,active,2025-01-21 03:05:13.726033,2025-01-21 03:15:13.726033,2025-02-20 03:15:13.726033,False,,,,"{""source"": ""organic"", ""archetype"": ""engaged_free""}"
sub_ef35e286663a34,cus_bca1f22defe8f4,1854,price_93395e672092a6,19900,gbp,month,active,2025-02-05 17:50:15.568230,2025-02-05 17:56:15.568230,2025-03-07 17:56:15.568230,False,,,,"{""source"": ""partner"", ""archetype"": ""enterprise_evaluator""}"
sub_6543bf021df100,cus_450062528cf6c4,1863,price_e5ddc94578282d,29900,usd,month,active,2025-01-28 10:47:25.572250,2025-01-28 10:53:25.572250,2025-02-27 10:53:25.572250,False,,2025-01-16 10:53:25.572250,,"{""source"": ""partner"", ""archetype"": ""enterprise_evaluator""}"
sub_65dae88b7d98ad,cus_ad4d7f6ad483cd,1867,price_1804d8629a84a7,29900,gbp,month,active,2025-02-21 23:35:09.861156,2025-02-21 23:48:09.861156,2025-03-23 23:48:09.861156,False,,,2025-02-21 23:48:09.861156,"{""source"": ""referral"", ""archetype"": ""enterprise_evaluator""}"
sub_e40c8ba2f2a3e1,cus_c6ab03df4c5d5a,1869,price_7c85029b922cc7,29900,gbp,month,active,2025-01-30 03:26:38.024371,2025-01-30 03:56:38.024371,2025-03-01 03:56:38.024371,False,,,,"{""source"": ""referral"", ""archetype"": ""power_user""}"
sub_2a31bd4bcc65ee,cus_e8fa6643edc024,1885,price_b13a82abab537e,19900,GBP,month,active,2025-01-21 23:53:46.046366,2025-01-22 00:21:46.046366,2025-02-21 00:21:46.046366,False,,,,"{""source"": ""direct"", ""archetype"": ""power_user""}"
sub_f19dbd82c1c65b,cus_bc75ad1bcbceac,1895,price_ec13a730602dde,19900,gbp,month,active,2025-01-09 15:04:44.433158,2025-01-09 15:06:44.433158,2025-02-08 15:06:44.433158,False,,2024-12-28 15:06:44.433158,,"{""source"": ""direct"", ""archetype"": ""enterprise_evaluator""}"
sub_911d2bb78b3eec,cus_8dfd62833c4efa,1897,price_6c5553159c69cf,29900,gbp,year,active,2025-01-17 03:01:27.777811,2025-01-17 03:03:27.777811,2025-02-16 03:03:27.777811,False,,,2025-01-17 03:03:27.777811,"{""source"": ""partner"", ""archetype"": ""power_user""}"
sub_567bb46e672c4c,cus_bb2ac88e2f46dc,1904,price_9888cb723041f9,29900,usd,year,active,2025-01-26 07:10:47.468128,2025-01-26 07:11:47.468128,2025-02-25 07:11:47.468128,False,,,2025-01-26 07:11:47.468128,"{""source"": ""partner"", ""archetype"": ""enterprise_evaluator""}"
sub_09ed99efffb6c5,cus_d4cf9c79ea1bb6,1913,price_e3868601df2a36,19900,Eur,year,active,2025-01-11 03:31:08.011756,2025-01-11 03:57:08.011756,2025-02-10 03:57:08.011756,False,,2024-12-29 03:57:08.011756,,"{""source"": ""linkedin"", ""archetype"": ""power_user""}"
sub_4e4840bdcfef4b,cus_204605d24321bd,1924,price_449a2c7e191caa,2900,usd,month,canceled,2025-02-01 14:35:18.858581,2025-02-01 14:53:18.858581,2025-03-03 14:53:18.858581,True,2025-02-06 23:45:42.706798,,,"{""source"": ""direct"", ""archetype"": ""engaged_free""}"
sub_0e97b0c8c54ade,cus_e1e38af6eb537e,1925,price_52e2aab6798361,19900,gbp,month,active,2025-01-30 02:53:54.364761,2025-01-30 03:05:54.364761,2025-03-01 03:05:54.364761,False,,,,"{""source"": ""partner"", ""archetype"": ""power_user""}"
sub_a209e8e62e4a24,cus_2b484d41cbe559,1926,price_b9ffff12070cb3,29900,gbp,month,active,2025-01-22 13:45:28.195652,2025-01-22 14:13:28.195652,2025-02-21 14:13:28.195652,False,,,,"{""source"": ""organic"", ""archetype"": ""power_user""}"
sub_3735b563f4c158,cus_560389b0b7702f,1927,price_2da397c065c93f,29900,Eur,year,active,2025-01-26 03:16:16.926821,2025-01-26 03:40:16.926821,2025-02-25 03:40:16.926821,False,,,,"{""source"": ""linkedin"", ""archetype"": ""power_user""}"
sub_28eefe9eb4e898,cus_db1e208412ec7e,1929,price_219f52cee59fe5,4900,USD,month,active,2025-01-23 03:58:24.989168,2025-01-23 04:20:24.989168,2025-02-22 04:20:24.989168,False,,,,"{""source"": ""linkedin"", ""archetype"": ""engaged_free""}"
sub_06f8dd645b2749,cus_cd2af081e98e1a,1936,price_5e4e3d3ecfb049,9900,Eur,month,active,2025-01-26 23:06:06.159499,2025-01-26 23:33:06.159499,2025-02-25 23:33:06.159499,False,,,2025-01-26 23:33:06.159499,"{""source"": ""direct"", ""archetype"": ""power_user""}"
sub_8c1ef98e856169,cus_fb35597d97ddb2,1941,price_b5397836f1ceaf,2900,GBP,month,active,2025-03-17 12:37:17.249272,2025-03-17 12:45:17.249272,2025-04-16 12:45:17.249272,False,,,2025-03-17 12:45:17.249272,"{""source"": ""google_ads"", ""archetype"": ""engaged_free""}"
sub_d68bb805ce29bf,cus_e6a95eb4d43b9d,1952,price_3e5bff44edb34b,2900,usd,month,active,2025-01-11 07:44:46.881283,2025-01-11 07:51:46.881283,2025-02-10 07:51:46.881283,False,,,,"{""source"": ""referral"", ""archetype"": ""engaged_free""}"
sub_3f39378a636e55,cus_8be5e000cdd279,1954,price_f6e0c0606ec939,29900,gbp,year,active,2025-02-06 09:13:50.728229,2025-02-06 09:26:50.728229,2025-03-08 09:26:50.728229,False,,,,"{""source"": ""google_ads"", ""archetype"": ""power_user""}"
sub_da11a48ee64efc,cus_e5966da581a5cc,1960,price_1486b346bbe881,29900,eur,year,active,2025-01-28 21:18:46.137112,2025-01-28 21:23:46.137112,2025-02-27 21:23:46.137112,False,,,2025-01-28 21:23:46.137112,"{""source"": ""partner"", ""archetype"": ""power_user""}"
sub_3bdba96e543854,cus_24e4a5dbaba702,1963,price_0e42471c89a55a,19900,eur,month,active,2025-03-02 01:07:27.265588,2025-03-02 01:18:27.265588,2025-04-01 01:18:27.265588,False,,,,"{""source"": ""google_ads"", ""archetype"": ""power_user""}"
sub_3a4eb323e004a1,cus_4293b6646cbc13,1970,price_8750edf1f44597,29900,GBP,month,active,2025-01-30 01:58:06.534761,2025-01-30 01:59:06.534761,2025-03-01 01:59:06.534761,False,,,2025-01-30 01:59:06.534761,"{""source"": ""organic"", ""archetype"": ""power_user""}"
sub_c3e1c96bf79556,cus_bec2558201adfc,1973,price_e24b61a75cee88,2900,gbp,month,unpaid,2025-01-29 06:15:37.658723,2025-01-29 06:21:37.658723,2025-02-28 06:21:37.658723,False,,,2025-01-29 06:21:37.658723,"{""source"": ""organic"", ""archetype"": ""engaged_free""}"
sub_75a32a78c085dd,cus_9d593e07e807ae,1977,price_3beb7b5ef6adbf,19900,usd,month,active,2025-01-11 18:11:43.850252,2025-01-11 18:17:43.850252,2025-02-10 18:17:43.850252,False,,2024-12-31 18:17:43.850252,,"{""source"": ""direct"", ""archetype"": ""enterprise_evaluator""}"
sub_209f3f83275453,cus_7cd762c764eb8a,1984,price_168a2405f57622,29900,gbp,month,unpaid,2025-01-26 12:47:29.364855,2025-01-26 12:56:29.364855,2025-02-25 12:56:29.364855,False,,,2025-01-26 12:56:29.364855,"{""source"": ""google_ads"", ""archetype"": ""power_user""}"
sub_75ab3b5b0882da,cus_779a87902ed433,1997,price_cd13f1baf4b413,19900,USD,month,active,2025-02-05 10:58:54.507536,2025-02-05 11:05:54.507536,2025-03-07 11:05:54.507536,False,,2025-01-22 11:05:54.507536,,"{""source"": ""referral"", ""archetype"": ""power_user""}"
sub_4e86fbc734c3e6,cus_9859b9b73d7e19,1999,price_51fcb13f7ccf8b,4900,USD,year,active,2025-01-19 00:51:52.356506,2025-01-19 00:52:52.356506,2025-02-18 00:52:52.356506,False,,2025-01-11 00:52:52.356506,,"{""source"": ""referral"", ""archetype"": ""engaged_free""}"
sub_7805ff95f9537f,cus_a7a9b16412b1e4,2005,price_ccaf966d27151d,19900,eur,month,active,2025-02-13 12:28:46.395900,2025-02-13 12:40:46.395900,2025-03-15 12:40:46.395900,False,,,,"{""source"": ""partner"", ""archetype"": ""enterprise_evaluator""}"
sub_2d15d8539fdd5b,cus_70b38edd7332c5,2009,price_b3f1a1b53f0cc9,29900,Eur,year,active,2025-02-14 20:30:03.863945,2025-02-14 20:35:03.863945,2025-03-16 20:35:03.863945,False,,,,"{""source"": ""google_ads"", ""archetype"": ""enterprise_evaluator""}"
sub_6d7da5ab4031b2,cus_82380c50eba81f,2018,price_fa70e7b554608e,19900,USD,month,active,2025-01-10 01:28:20.054164,2025-01-10 01:47:20.054164,2025-02-09 01:47:20.054164,False,,,,"{""source"": ""organic"", ""archetype"": ""enterprise_evaluator""}"
sub_23c918302388aa,cus_998204bde465ec,2020,price_c8e3b8e14f6de2,19900,USD,year,active,2025-01-27 11:57:24.282858,2025-01-27 12:26:24.282858,2025-02-26 12:26:24.282858,False,,,2025-01-27 12:26:24.282858,"{""source"": ""partner"", ""archetype"": ""power_user""}"
sub_6e89a85fd0fc73,cus_e269fc617b8242,2024,price_68d518aea5bdb2,29900,GBP,month,active,2025-01-20 03:34:49.700707,2025-01-20 03:36:49.700707,2025-02-19 03:36:49.700707,False,,,,"{""source"": ""google_ads"", ""archetype"": ""power_user""}"
sub_af47244b5647e9,cus_83720b434b541e,2029,price_bc07e1f07bedbc,29900,usd,month,active,2025-03-18 01:32:21.974702,2025-03-18 01:39:21.974702,2025-04-17 01:39:21.974702,False,,2025-03-11 01:39:21.974702,,"{""source"": ""organic"", ""archetype"": ""power_user""}"
sub_e9d22b129e58c9,cus_b94d4774d3d7ca,2031,price_07886a8d96d146,19900,Eur,month,active,2025-01-14 18:09:57.601790,2025-01-14 18:15:57.601790,2025-02-13 18:15:57.601790,False,,,2025-01-14 18:15:57.601790,"{""source"": ""organic"", ""archetype"": ""power_user""}"
sub_ee51a16de5c945,cus_8f93037ea19941,2034,price_7c819291a3d8e7,19900,USD,month,active,2025-01-11 22:17:41.943905,2025-01-11 22:26:41.943905,2025-02-10 22:26:41.943905,False,,,2025-01-11 22:26:41.943905,"{""source"": ""direct"", ""archetype"": ""enterprise_evaluator""}"
sub_989e19879873f0,cus_c62111fdc1c775,2038,price_a5d89aa9d8dd17,9900,eur,year,active,2025-01-08 13:10:35.402053,2025-01-08 13:25:35.402053,2025-02-07 13:25:35.402053,False,,2024-12-27 13:25:35.402053,2025-01-08 13:25:35.402053,"{""source"": ""linkedin"", ""archetype"": ""power_user""}"
sub_e505bd5eb7acd3,cus_452be092d96a96,2045,price_a777b15d1d10e6,19900,gbp,month,active,2025-02-07 21:47:11.165555,2025-02-07 21:56:11.165555,2025-03-09 21:56:11.165555,False,,,2025-02-07 21:56:11.165555,"{""source"": ""direct"", ""archetype"": ""enterprise_evaluator""}"
sub_eab9c06d5316ee,cus_615a0ed046f315,2051,price_900bbd56234d50,29900,gbp,month,active,2025-02-04 02:25:08.410605,2025-02-04 02:26:08.410605,2025-03-06 02:26:08.410605,False,,,,"{""source"": ""organic"", ""archetype"": ""enterprise_evaluator""}"
sub_dfbf9f99fb0324,cus_08840d27ce52db,2055,price_28d1fa62f01519,29900,GBP,month,active,2025-01-24 16:49:25.684199,2025-01-24 17:01:25.684199,2025-02-23 17:01:25.684199,False,,,,"{""source"": ""linkedin"", ""archetype"": ""enterprise_evaluator""}"
sub_6afe5b18dd50f9,cus_993c634fc56979,2059,price_ece423292aea44,19900,usd,month,active,2025-01-09 18:11:06.331748,2025-01-09 18:22:06.331748,2025-02-08 18:22:06.331748,False,,2024-12-27 18:22:06.331748,,"{""source"": ""linkedin"", ""archetype"": ""power_user""}"
sub_6f47154fc0979e,cus_3afdaafafa4337,2060,price_a468d84d1faf23,29900,Eur,month,active,2025-01-11 16:38:10.125349,2025-01-11 17:06:10.125349,2025-02-10 17:06:10.125349,False,,,,"{""source"": ""direct"", ""archetype"": ""enterprise_evaluator""}"
sub_012c9b8aa7a97a,cus_65c355060dee34,2061,price_4e84766920f642,4900,GBP,year,active,2025-01-23 20:51:43.310613,2025-01-23 20:54:43.310613,2025-02-22 20:54:43.310613,False,,2025-01-09 20:54:43.310613,,"{""source"": ""organic"", ""archetype"": ""engaged_free""}"
sub_3ad6ee1b5aea4f,cus_e8b82beb9eaf36,2063,price_1910a23ed04266,2900,gbp,month,active,2025-01-28 08:49:39.058850,2025-01-28 08:56:39.058850,2025-02-27 08:56:39.058850,False,,,,"{""source"": ""google_ads"", ""archetype"": ""engaged_free""}"
sub_7b08077089868d,cus_56fb755d7f8ace,2074,price_84c6f67fb745cb,4900,USD,month,past_due,2025-01-13 16:15:30.868658,2025-01-13 16:18:30.868658,2025-02-12 16:18:30.868658,False,,,,"{""source"": ""linkedin"", ""archetype"": ""support_heavy""}"
sub_1098c11f17af76,cus_29a347ae814385,2077,price_7964e3e1d53707,19900,eur,month,active,2025-02-10 18:21:09.084315,2025-02-10 18:29:09.084315,2025-03-12 18:29:09.084315,False,,,,"{""source"": ""linkedin"", ""archetype"": ""power_user""}"
sub_274dee71702e75,cus_f12d1b2b1cb526,2089,price_49107632123a58,19900,gbp,month,active,2025-03-26 22:35:05.859531,2025-03-26 22:41:05.859531,2025-04-25 22:41:05.859531,False,,,2025-03-26 22:41:05.859531,"{""source"": ""referral"", ""archetype"": ""enterprise_evaluator""}"
sub_e387a90787ec57,cus_bf23bbbe56f44e,2096,price_57a9e2f243f4d5,19900,usd,month,canceled,2025-01-21 14:42:01.221824,2025-01-21 14:44:01.221824,2025-02-20 14:44:01.221824,True,2025-01-23 20:44:35.379178,2025-01-08 14:44:01.221824,2025-01-21 14:44:01.221824,"{""source"": ""google_ads"", ""archetype"": ""enterprise_evaluator""}"
sub_7a38ed5b95d0d9,cus_0f34893c8e99a6,2103,price_25d24364f3fbe7,9900,gbp,month,unpaid,2025-01-29 09:22:56.999533,2025-01-29 09:50:56.999533,2025-02-28 09:50:56.999533,False,,,,"{""source"": ""linkedin"", ""archetype"": ""power_user""}"
sub_478b293cba63d0,cus_69ea6d7fdbee7d,2106,price_5d67051d362c4c,29900,gbp,month,active,2025-01-28 23:13:40.573768,2025-01-28 23:25:40.573768,2025-02-27 23:25:40.573768,False,,,2025-01-28 23:25:40.573768,"{""source"": ""referral"", ""archetype"": ""power_user""}"
sub_0c8836de308c5c,cus_8777582308541b,2108,price_dca99e46770e63,19900,GBP,month,active,2025-01-31 19:18:07.050932,2025-01-31 19:20:07.050932,2025-03-02 19:20:07.050932,False,,,,"{""source"": ""partner"", ""archetype"": ""power_user""}"
sub_94a8dea9346648,cus_b6ec6103b5bc95,2111,price_7ef96d6364258f,29900,GBP,month,active,2025-01-16 18:55:03.308587,2025-01-16 19:03:03.308587,2025-02-15 19:03:03.308587,False,,,,"{""source"": ""direct"", ""archetype"": ""enterprise_evaluator""}"
sub_3fe45db7bb4f63,cus_9a0c4eefbd3640,2113,price_ee7aeecc00610d,29900,gbp,month,active,2025-02-22 11:01:50.289065,2025-02-22 11:14:50.289065,2025-03-24 11:14:50.289065,False,,,2025-02-22 11:14:50.289065,"{""source"": ""partner"", ""archetype"": ""power_user""}"
sub_697ae74d0563fc,cus_4650a5feab2368,2117,price_53614248565eaa,29900,gbp,month,active,2025-01-29 03:21:16.793084,2025-01-29 03:34:16.793084,2025-02-28 03:34:16.793084,False,,,,"{""source"": ""partner"", ""archetype"": ""power_user""}"
sub_cdf27495ffc062,cus_7eb15a79df7b8a,2129,price_f01c001e662e07,9900,Eur,month,active,2025-01-24 08:20:11.706868,2025-01-24 08:32:11.706868,2025-02-23 08:32:11.706868,False,,,2025-01-24 08:32:11.706868,"{""source"": ""google_ads"", ""archetype"": ""power_user""}"
sub_87d38c3cf56a34,cus_678a9910c0e47a,2133,price_216ee2a08391c4,2900,USD,year,unpaid,2025-01-17 11:30:50.592396,2025-01-17 11:40:50.592396,2025-02-16 11:40:50.592396,False,,,,"{""source"": ""organic"", ""archetype"": ""engaged_free""}"
sub_dacfc569c4406b,cus_e806b6fef37311,2153,price_810730ab4db2f4,29900,GBP,month,canceled,2025-01-12 12:54:35.377345,2025-01-12 13:15:35.377345,2025-02-11 13:15:35.377345,True,2025-02-02 10:11:52.995621,,2025-01-12 13:15:35.377345,"{""source"": ""linkedin"", ""archetype"": ""enterprise_evaluator""}"
sub_e3054cab2ff231,cus_c2c06095e2d02c,2157,price_bc34095225bafc,29900,eur,month,active,2025-01-25 00:17:05.761479,2025-01-25 00:26:05.761479,2025-02-24 00:26:05.761479,False,,2025-01-12 00:26:05.761479,,"{""source"": ""referral"", ""archetype"": ""enterprise_evaluator""}"
sub_b17b0aef909dbd,cus_95b214e7c22fd5,2160,price_389e1783cdf468,29900,usd,year,canceled,2025-01-10 20:06:45.051229,2025-01-10 20:30:45.051229,2025-02-09 20:30:45.051229,True,2025-01-19 17:25:06.668386,,2025-01-10 20:30:45.051229,"{""source"": ""partner"", ""archetype"": ""enterprise_evaluator""}"
sub_4b7338647f96d8,cus_48266e147323e3,2170,price_2760602cb9bede,29900,eur,month,active,2025-02-13 04:17:11.265075,2025-02-13 04:40:11.265075,2025-03-15 04:40:11.265075,False,,2025-02-02 04:40:11.265075,,"{""source"": ""google_ads"", ""archetype"": ""enterprise_evaluator""}"
sub_8669ecf6d50f93,cus_966f7f4414b668,2182,price_2ce2e7c53f30ad,19900,Eur,year,active,2025-02-08 08:45:03.559490,2025-02-08 08:56:03.559490,2025-03-10 08:56:03.559490,False,,2025-02-01 08:56:03.559490,2025-02-08 08:56:03.559490,"{""source"": ""google_ads"", ""archetype"": ""power_user""}"
sub_daebfed125bb88,cus_22d860c2817cc9,2185,price_ca9a124d92d5c4,2900,usd,month,active,2025-01-12 11:46:56.541778,2025-01-12 11:59:56.541778,2025-02-11 11:59:56.541778,False,,,,"{""source"": ""partner"", ""archetype"": ""engaged_free""}"
sub_1c6a799382ee72,cus_988aec407c63e6,2192,price_8bb8540a85aae7,29900,eur,year,active,2025-01-04 14:57:59.841966,2025-01-04 15:03:59.841966,2025-02-03 15:03:59.841966,False,,2024-12-22 15:03:59.841966,,"{""source"": ""linkedin"", ""archetype"": ""enterprise_evaluator""}"
sub_843fdf734dd95a,cus_0242c01dc2a797,2196,price_bafc4977a7f3eb,9900,USD,month,active,2025-01-21 19:17:10.431164,2025-01-21 19:19:10.431164,2025-02-20 19:19:10.431164,False,,,,"{""source"": ""linkedin"", ""archetype"": ""power_user""}"
sub_d74a23f4e9b3fd,cus_9581ad59f3f2a2,2203,price_d4feae394a3a85,19900,eur,month,active,2025-01-21 18:15:58.640439,2025-01-21 18:23:58.640439,2025-02-20 18:23:58.640439,False,,,2025-01-21 18:23:58.640439,"{""source"": ""linkedin"", ""archetype"": ""enterprise_evaluator""}"
sub_6a6c0cd0875d41,cus_ce66b1ec23a987,2208,price_2be15e7da9be1c,4900,USD,month,active,2025-01-04 23:05:20.113194,2025-01-04 23:25:20.113194,2025-02-03 23:25:20.113194,False,,,,"{""source"": ""partner"", ""archetype"": ""engaged_free""}"
sub_ef32c1fe3102b5,cus_9b575fb6542fd9,2212,price_ae1f587a532747,29900,gbp,year,active,2025-01-14 16:17:20.235371,2025-01-14 16:22:20.235371,2025-02-13 16:22:20.235371,False,,,,"{""source"": ""organic"", ""archetype"": ""enterprise_evaluator""}"
sub_b0ade2b6d762ac,cus_d5514027074ecc,2223,price_0724f32f22891a,9900,USD,year,active,2025-02-02 16:43:36.374673,2025-02-02 16:52:36.374673,2025-03-04 16:52:36.374673,False,,2025-01-24 16:52:36.374673,2025-02-02 16:52:36.374673,"{""source"": ""linkedin"", ""archetype"": ""power_user""}"
sub_d84b38ca968b65,cus_a6f1b9eb35f1a7,2232,price_99a7cae5b16a2e,29900,gbp,month,unpaid,2025-01-06 05:12:07.012282,2025-01-06 05:28:07.012282,2025-02-05 05:28:07.012282,False,,2024-12-30 05:28:07.012282,,"{""source"": ""direct"", ""archetype"": ""power_user""}"
sub_e9b72e0aaa35a0,cus_ca514d2f81c412,2237,price_cbc24bcf7983ce,29900,Eur,month,active,2025-01-04 21:31:40.978273,2025-01-04 21:54:40.978273,2025-02-03 21:54:40.978273,False,,,,"{""source"": ""direct"", ""archetype"": ""enterprise_evaluator""}"
sub_483de123893b47,cus_0170080976ae84,2243,price_12dcfda6953eb3,19900,Eur,month,active,2025-01-13 23:55:49.086260,2025-01-14 00:09:49.086260,2025-02-13 00:09:49.086260,False,,,,"{""source"": ""partner"", ""archetype"": ""power_user""}"
sub_c1c92c35c99850,cus_11650ac209c69f,2244,price_b9a2e16d4bf9b2,4900,eur,month,active,2025-01-14 11:53:23.309283,2025-01-14 12:23:23.309283,2025-02-13 12:23:23.309283,False,,,2025-01-14 12:23:23.309283,"{""source"": ""partner"", ""archetype"": ""engaged_free""}"
sub_1955c9dd96fc91,cus_69121de810c3b1,2255,price_dc0fe7effe1a81,29900,eur,month,active,2025-03-07 19:15:04.900830,2025-03-07 19:22:04.900830,2025-04-06 19:22:04.900830,False,,,,"{""source"": ""partner"", ""archetype"": ""power_user""}"
sub_2ba69625e73ac5,cus_ca587671ba9970,2276,price_c7b9cbe5616d59,4900,usd,month,past_due,2025-01-15 00:26:31.590454,2025-01-15 00:39:31.590454,2025-02-14 00:39:31.590454,False,,,,"{""source"": ""referral"", ""archetype"": ""engaged_free""}"
sub_4839b50c7e9062,cus_fa3cf26018ae0b,2282,price_2ce4b83d0d14ec,29900,gbp,month,active,2025-01-16 06:18:49.356035,2025-01-16 06:23:49.356035,2025-02-15 06:23:49.356035,False,,2025-01-09 06:23:49.356035,2025-01-16 06:23:49.356035,"{""source"": ""partner"", ""archetype"": ""power_user""}"
sub_c4ebac876b5ed6,cus_a101d6284e5f4f,2286,price_209cfb9dc61237,2900,usd,year,active,2025-02-09 16:18:41.517684,2025-02-09 16:30:41.517684,2025-03-11 16:30:41.517684,False,,,,"{""source"": ""google_ads"", ""archetype"": ""engaged_free""}"
sub_0672dd9ba40240,cus_42d99a7513f809,2288,price_1a545349a66e51,29900,eur,month,active,2025-01-29 01:30:21.473949,2025-01-29 01:41:21.473949,2025-02-28 01:41:21.473949,False,,,2025-01-29 01:41:21.473949,"{""source"": ""google_ads"", ""archetype"": ""power_user""}"
sub_493577b5102ccf,cus_451027c8de469e,2293,price_9b73389b21098a,29900,eur,month,active,2025-02-22 23:31:44.316277,2025-02-22 23:59:44.316277,2025-03-24 23:59:44.316277,False,,,,"{""source"": ""partner"", ""archetype"": ""enterprise_evaluator""}"
sub_70f298359adc4a,cus_67a7ced2fac2ee,2295,price_acec1c4dfd31ed,4900,GBP,month,active,2025-01-31 14:45:33.614403,2025-01-31 14:53:33.614403,2025-03-02 14:53:33.614403,False,,,,"{""source"": ""direct"", ""archetype"": ""engaged_free""}"
sub_eba643672b1a4e,cus_16b4418c6a99f8,2296,price_598ddd706ff3d6,19900,Eur,month,active,2025-01-26 12:31:33.749719,2025-01-26 12:50:33.749719,2025-02-25 12:50:33.749719,False,,,2025-01-26 12:50:33.749719,"{""source"": ""google_ads"", ""archetype"": ""power_user""}"
sub_cb934c769ab095,cus_47d07175f15bfe,2300,price_e6d1f090fab99a,29900,USD,year,active,2025-02-04 08:21:49.674995,2025-02-04 08:34:49.674995,2025-03-06 08:34:49.674995,False,,,2025-02-04 08:34:49.674995,"{""source"": ""organic"", ""archetype"": ""enterprise_evaluator""}"
sub_aa0e12fb7637e0,cus_0d8e566569cf01,2302,price_a219840047626f,29900,usd,year,active,2025-01-08 05:14:09.488649,2025-01-08 05:16:09.488649,2025-02-07 05:16:09.488649,False,,,,"{""source"": ""organic"", ""archetype"": ""enterprise_evaluator""}"
sub_464f5f13836d94,cus_a2ec83ccc3b90a,2303,price_8ea2a6b0d7a755,29900,usd,month,active,2025-01-19 01:55:32.370674,2025-01-19 02:13:32.370674,2025-02-18 02:13:32.370674,False,,,,"{""source"": ""referral"", ""archetype"": ""enterprise_evaluator""}"
sub_0af9141ea4d84c,cus_7d196051dcfeb4,2304,price_7e9be99f71598b,2900,USD,year,active,2025-01-17 01:28:38.316871,2025-01-17 01:36:38.316871,2025-02-16 01:36:38.316871,False,,,,"{""source"": ""linkedin"", ""archetype"": ""engaged_free""}"
sub_23c9b46b2a5408,cus_476786e35a4f37,2310,price_594069033f8d7c,19900,usd,month,active,2025-02-10 00:24:33.590924,2025-02-10 00:47:33.590924,2025-03-12 00:47:33.590924,False,,,,"{""source"": ""organic"", ""archetype"": ""enterprise_evaluator""}"
sub_e69d4dbfb4fd66,cus_8f2a981c38dcd3,2319,price_018f3d85140b63,19900,eur,year,active,2025-01-15 12:01:23.412793,2025-01-15 12:08:23.412793,2025-02-14 12:08:23.412793,False,,,2025-01-15 12:08:23.412793,"{""source"": ""partner"", ""archetype"": ""enterprise_evaluator""}"
sub_ab3652544ca322,cus_52f9c5cbad6330,2325,price_5f481c0a4081b1,29900,usd,year,active,2025-01-15 09:04:12.036906,2025-01-15 09:16:12.036906,2025-02-14 09:16:12.036906,False,,,,"{""source"": ""direct"", ""archetype"": ""power_user""}"
sub_a4fcd92469688c,cus_508f3cd7c77542,2327,price_63dd93909b6aec,19900,usd,month,active,2025-01-22 11:38:21.396574,2025-01-22 11:46:21.396574,2025-02-21 11:46:21.396574,False,,,2025-01-22 11:46:21.396574,"{""source"": ""direct"", ""archetype"": ""power_user""}"
sub_a1f1e70f166104,cus_0dd880f8fad287,2335,price_993b09244cac2d,19900,usd,month,active,2025-01-11 15:27:51.987160,2025-01-11 15:43:51.987160,2025-02-10 15:43:51.987160,False,,,2025-01-11 15:43:51.987160,"{""source"": ""direct"", ""archetype"": ""enterprise_evaluator""}"
sub_ba44fc808032a2,cus_46ffaecb26f911,2338,price_f2942046f9ba4d,29900,USD,month,active,2025-01-20 03:33:58.442852,2025-01-20 03:51:58.442852,2025-02-19 03:51:58.442852,False,,,,"{""source"": ""referral"", ""archetype"": ""enterprise_evaluator""}"
sub_b1ac1bde4f7cd6,cus_bb7f68a573cf11,2339,price_95d086bed15272,9900,GBP,month,active,2025-02-11 02:08:46.394457,2025-02-11 02:21:46.394457,2025-03-13 02:21:46.394457,False,,2025-02-01 02:21:46.394457,,"{""source"": ""organic"", ""archetype"": ""power_user""}"
sub_da6f4b7a59b19f,cus_91020d18546cfb,2353,price_b30c6f22797307,9900,usd,year,active,2025-02-08 15:36:33.526162,2025-02-08 15:47:33.526162,2025-03-10 15:47:33.526162,False,,,,"{""source"": ""referral"", ""archetype"": ""power_user""}"
sub_c91cb87261b3f3,cus_2d954ab5616ca6,2357,price_fd7f253d305bb9,19900,eur,month,active,2025-02-12 08:09:19.888673,2025-02-12 08:18:19.888673,2025-03-14 08:18:19.888673,False,,,,"{""source"": ""organic"", ""archetype"": ""power_user""}"
sub_6f37159fc2b1e9,cus_2eebf3acefcb83,2362,price_03c22f8638e308,29900,gbp,month,active,2025-01-23 08:20:20.910480,2025-01-23 08:47:20.910480,2025-02-22 08:47:20.910480,False,,,2025-01-23 08:47:20.910480,"{""source"": ""direct"", ""archetype"": ""enterprise_evaluator""}"
sub_6663ecf40de1ce,cus_5914e3d98ee06b,2364,price_e3497f18810ff8,29900,Eur,month,active,2025-01-31 11:53:37.318091,2025-01-31 12:09:37.318091,2025-03-02 12:09:37.318091,False,,,,"{""source"": ""google_ads"", ""archetype"": ""power_user""}"
sub_d698349d9acf3a,cus_d577f6a9535b2c,2368,price_bc34298875d16e,19900,Eur,year,active,2025-01-15 21:43:38.222322,2025-01-15 21:45:38.222322,2025-02-14 21:45:38.222322,False,,2025-01-07 21:45:38.222322,,"{""source"": ""partner"", ""archetype"": ""enterprise_evaluator""}"
sub_59f9a697208278,cus_47a9a6790b76e3,2380,price_616c3eaec6ff1e,29900,eur,month,active,2025-01-17 08:53:26.754772,2025-01-17 09:11:26.754772,2025-02-16 09:11:26.754772,False,,,2025-01-17 09:11:26.754772,"{""source"": ""referral"", ""archetype"": ""power_user""}"
sub_501c630f612dda,cus_18260a033543a4,2387,price_4f92c0a4f275b0,4900,gbp,month,canceled,2025-02-02 13:50:36.150654,2025-02-02 14:11:36.150654,2025-03-04 14:11:36.150654,True,2025-02-03 10:41:21.683281,,2025-02-02 14:11:36.150654,"{""source"": ""linkedin"", ""archetype"": ""support_heavy""}"
sub_033f10887a83a0,cus_312f0d248119d3,2390,price_92d1b0287656d0,2900,eur,year,past_due,2025-03-04 14:59:26.951199,2025-03-04 15:23:26.951199,2025-04-03 15:23:26.951199,False,,,,"{""source"": ""referral"", ""archetype"": ""support_heavy""}"
sub_c8869f6213d91f,cus_37f75f50bf21e4,2391,price_94e529f80004e4,29900,gbp,month,active,2025-01-06 07:13:08.724529,2025-01-06 07:16:08.724529,2025-02-05 07:16:08.724529,False,,,,"{""source"": ""organic"", ""archetype"": ""enterprise_evaluator""}"
sub_dd5235f228947e,cus_f0032f3cb1e9da,2405,price_f4fedc8504b0ed,2900,gbp,year,unpaid,2025-01-15 21:59:14.833340,2025-01-15 22:13:14.833340,2025-02-14 22:13:14.833340,False,,,,"{""source"": ""referral"", ""archetype"": ""support_heavy""}"
sub_a5b4f7a0d19cb5,cus_b5f7fb190af692,2406,price_0f6e437971ebb6,9900,usd,month,active,2025-01-04 15:19:58.033361,2025-01-04 15:22:58.033361,2025-02-03 15:22:58.033361,False,,,,"{""source"": ""linkedin"", ""archetype"": ""power_user""}"
sub_f1cb5e0b768d22,cus_09e8e2af814ccc,2410,price_ecf44afec90867,4900,usd,month,active,2025-01-12 15:53:27.956550,2025-01-12 16:20:27.956550,2025-02-11 16:20:27.956550,False,,2024-12-30 16:20:27.956550,,"{""source"": ""referral"", ""archetype"": ""engaged_free""}"
sub_3b5c4233593a7f,cus_fa9eb6705e7242,2414,price_586da3e3dcf05c,19900,gbp,month,active,2025-01-13 08:36:56.424563,2025-01-13 08:41:56.424563,2025-02-12 08:41:56.424563,False,,,,"{""source"": ""organic"", ""archetype"": ""power_user""}"
sub_424c98857b28d6,cus_99bb053321eec1,2422,price_6668a635d5e156,29900,gbp,year,active,2025-02-01 04:46:38.620286,2025-02-01 04:51:38.620286,2025-03-03 04:51:38.620286,False,,,,"{""source"": ""partner"", ""archetype"": ""enterprise_evaluator""}"
sub_32bc124c21e65c,cus_bac0ca3b412c38,2426,price_b52ac7095cd250,19900,GBP,month,past_due,2025-01-08 14:13:30.774203,2025-01-08 14:27:30.774203,2025-02-07 14:27:30.774203,False,,,2025-01-08 14:27:30.774203,"{""source"": ""direct"", ""archetype"": ""power_user""}"
sub_72bd98e07c96c7,cus_50e71cd936798c,2427,price_9ddf670cd42b99,19900,GBP,year,unpaid,2025-02-17 21:52:49.171760,2025-02-17 22:10:49.171760,2025-03-19 22:10:49.171760,False,,2025-02-05 22:10:49.171760,,"{""source"": ""google_ads"", ""archetype"": ""enterprise_evaluator""}"
sub_f00aff63320ed1,cus_eb8441bb912a3f,2430,price_e0179a56b7a535,29900,USD,month,active,2025-01-27 04:42:41.355850,2025-01-27 04:44:41.355850,2025-02-26 04:44:41.355850,False,,,,"{""source"": ""linkedin"", ""archetype"": ""enterprise_evaluator""}"
sub_ed0c34bde5593f,cus_6b378c921b7ff4,2433,price_cf640c43c35ab0,2900,eur,year,active,2025-03-09 08:35:40.214853,2025-03-09 08:54:40.214853,2025-04-08 08:54:40.214853,False,,2025-02-25 08:54:40.214853,,"{""source"": ""google_ads"", ""archetype"": ""engaged_free""}"
sub_239aee842490df,cus_9a99f9d8858a4a,2447,price_93fe4468c523bc,29900,usd,month,unpaid,2025-01-13 00:54:40.788619,2025-01-13 01:19:40.788619,2025-02-12 01:19:40.788619,False,,,,"{""source"": ""google_ads"", ""archetype"": ""enterprise_evaluator""}"
sub_88d6f01b29a9e1,cus_8033459d02faa9,2459,price_9109aa92c84224,19900,gbp,month,active,2025-01-05 12:55:42.450414,2025-01-05 13:11:42.450414,2025-02-04 13:11:42.450414,False,,,,"{""source"": ""linkedin"", ""archetype"": ""enterprise_evaluator""}"
sub_167bd7f09c84cd,cus_6b8797a6d07646,2460,price_766298cae31ace,29900,eur,month,active,2025-02-04 02:03:18.819945,2025-02-04 02:25:18.819945,2025-03-06 02:25:18.819945,False,,,,"{""source"": ""organic"", ""archetype"": ""power_user""}"
sub_88e772e466cc7d,cus_4217067271b60d,2461,price_3edafde131ff61,19900,eur,month,active,2025-01-13 19:39:11.532178,2025-01-13 19:49:11.532178,2025-02-12 19:49:11.532178,False,,,,"{""source"": ""google_ads"", ""archetype"": ""enterprise_evaluator""}"
sub_e0c353c4d510c3,cus_9f5ccb661dd60a,2466,price_f2845211dc2ce0,19900,USD,month,active,2025-02-18 19:44:57.799537,2025-02-18 20:12:57.799537,2025-03-20 20:12:57.799537,False,,2025-02-10 20:12:57.799537,,"{""source"": ""organic"", ""archetype"": ""power_user""}"
sub_a73b51079a06f2,cus_c45e5d3064f58f,2486,price_90e6c7f6a91a43,29900,eur,month,active,2025-01-20 00:20:02.453118,2025-01-20 00:46:02.453118,2025-02-19 00:46:02.453118,False,,2025-01-12 00:46:02.453118,2025-01-20 00:46:02.453118,"{""source"": ""google_ads"", ""archetype"": ""power_user""}"
sub_cf0dd63ce0d715,cus_6fe2b47077993a,2489,price_0c8350835370a3,19900,GBP,month,unpaid,2025-02-08 12:15:54.035773,2025-02-08 12:37:54.035773,2025-03-10 12:37:54.035773,False,,2025-01-25 12:37:54.035773,,"{""source"": ""linkedin"", ""archetype"": ""power_user""}"
sub_ddf3830d2c3294,cus_26dc8794e8635f,2491,price_1f3cc40b26888a,29900,Eur,month,active,2025-01-27 02:46:23.562961,2025-01-27 02:53:23.562961,2025-02-26 02:53:23.562961,False,,2025-01-20 02:53:23.562961,2025-01-27 02:53:23.562961,"{""source"": ""referral"", ""archetype"": ""enterprise_evaluator""}"
sub_25e27e0dc3e184,cus_21b7926af7e845,2495,price_1585d2efaf0501,29900,Eur,month,active,2025-01-23 08:28:10.872927,2025-01-23 08:31:10.872927,2025-02-22 08:31:10.872927,False,,,,"{""source"": ""referral"", ""archetype"": ""power_user""}"
sub_29df5b552bbf24,cus_2b1929eaeb8ae0,2501,price_a9498d4d45aefb,29900,gbp,month,active,2025-02-24 10:44:38.699519,2025-02-24 10:51:38.699519,2025-03-26 10:51:38.699519,False,,2025-02-11 10:51:38.699519,,"{""source"": ""google_ads"", ""archetype"": ""power_user""}"
sub_3fbb9be822e428,cus_21d70dfdf85aa8,2509,price_be77973e75b0ad,19900,eur,month,past_due,2025-01-29 16:37:15.535129,2025-01-29 16:50:15.535129,2025-02-28 16:50:15.535129,False,,,,"{""source"": ""direct"", ""archetype"": ""power_user""}"
sub_b331b1b0f51149,cus_a1f515df3fa0d8,2510,price_af8b98ac60dcf4,9900,Eur,month,active,2025-01-12 19:58:31.019309,2025-01-12 20:25:31.019309,2025-02-11 20:25:31.019309,False,,2024-12-31 20:25:31.019309,,"{""source"": ""direct"", ""archetype"": ""power_user""}"
sub_b5c4406e5a00f8,cus_02bacf187d26f8,2520,price_ec481c3ae72724,29900,gbp,month,active,2025-01-30 16:53:23.081059,2025-01-30 17:07:23.081059,2025-03-01 17:07:23.081059,False,,,,"{""source"": ""google_ads"", ""archetype"": ""enterprise_evaluator""}"
sub_7fac5bb27c740a,cus_eafddb98607b29,2542,price_29ccd2f2e4af22,19900,GBP,month,active,2025-01-24 06:50:14.501848,2025-01-24 07:00:14.501848,2025-02-23 07:00:14.501848,False,,,2025-01-24 07:00:14.501848,"{""source"": ""google_ads"", ""archetype"": ""enterprise_evaluator""}"
sub_603bfc5ce555db,cus_fcd5938a7408bf,2549,price_ea3aa8c722770b,2900,Eur,year,past_due,2025-01-15 20:51:53.317959,2025-01-15 21:03:53.317959,2025-02-14 21:03:53.317959,False,,,,"{""source"": ""partner"", ""archetype"": ""engaged_free""}"
sub_1c006751655486,cus_8c6bf7bb2b1896,2561,price_3d0462d6edb448,19900,Eur,month,active,2025-01-11 05:38:29.301765,2025-01-11 05:53:29.301765,2025-02-10 05:53:29.301765,False,,,2025-01-11 05:53:29.301765,"{""source"": ""referral"", ""archetype"": ""enterprise_evaluator""}"
sub_3ef96199ebebdd,cus_e7411883c88f3d,2562,price_0288ba9eea7ff4,19900,Eur,month,active,2025-01-12 15:17:38.069540,2025-01-12 15:31:38.069540,2025-02-11 15:31:38.069540,False,,,,"{""source"": ""linkedin"", ""archetype"": ""power_user""}"
sub_79327fb596f51d,cus_5e353ab8c4d5c2,2568,price_2afceaaf99c313,29900,GBP,month,past_due,2025-01-19 02:05:45.784825,2025-01-19 02:23:45.784825,2025-02-18 02:23:45.784825,False,,,,"{""source"": ""direct"", ""archetype"": ""enterprise_evaluator""}"
sub_43e6899ac13109,cus_4787ae4895f9e0,2586,price_7201e7a053c35b,19900,usd,month,active,2025-01-09 08:09:15.316165,2025-01-09 08:36:15.316165,2025-02-08 08:36:15.316165,False,,,,"{""source"": ""partner"", ""archetype"": ""power_user""}"
sub_ba0b7f619cd7fc,cus_a05876a5b37df6,2589,price_395ae08494249e,29900,GBP,month,active,2025-02-23 00:53:48.670510,2025-02-23 00:58:48.670510,2025-03-25 00:58:48.670510,False,,,,"{""source"": ""google_ads"", ""archetype"": ""power_user""}"
sub_138ed63410e77e,cus_a32909a81f625f,2598,price_cb3c50a3d1cb77,29900,Eur,year,active,2025-02-04 12:14:38.401301,2025-02-04 12:33:38.401301,2025-03-06 12:33:38.401301,False,,2025-01-22 12:33:38.401301,,"{""source"": ""linkedin"", ""archetype"": ""enterprise_evaluator""}"
sub_d83838190f6559,cus_1ae8ec922fa40d,2600,price_20fde47a07e02a,29900,USD,year,active,2025-01-31 14:15:18.611027,2025-01-31 14:24:18.611027,2025-03-02 14:24:18.611027,False,,,2025-01-31 14:24:18.611027,"{""source"": ""direct"", ""archetype"": ""enterprise_evaluator""}"
sub_d34663cc931183,cus_7f5ac9f1008f95,2620,price_175c8b098b7d65,2900,GBP,month,active,2025-01-15 15:12:43.238437,2025-01-15 15:41:43.238437,2025-02-14 15:41:43.238437,False,,,,"{""source"": ""organic"", ""archetype"": ""engaged_free""}"
sub_5b7a789772fba3,cus_eef116d12c5179,2624,price_7f0f6a7e539ba6,9900,USD,month,active,2025-01-27 00:01:56.765949,2025-01-27 00:23:56.765949,2025-02-26 00:23:56.765949,False,,,,"{""source"": ""direct"", ""archetype"": ""power_user""}"
sub_736e55d22f7f9f,cus_6257e7646c20d3,2662,price_c83ad931a1fb3a,19900,Eur,month,active,2025-02-24 12:12:17.887257,2025-02-24 12:21:17.887257,2025-03-26 12:21:17.887257,False,,,,"{""source"": ""organic"", ""archetype"": ""power_user""}"
sub_edfb5e6db79484,cus_dd7f97350fc9c3,2675,price_737f4971cee992,29900,usd,month,active,2025-01-14 01:22:26.951910,2025-01-14 01:35:26.951910,2025-02-13 01:35:26.951910,False,,,,"{""source"": ""organic"", ""archetype"": ""enterprise_evaluator""}"
sub_25f8a020117e80,cus_a256f4753f36a2,2678,price_c93e13fd0f32e7,2900,GBP,month,unpaid,2025-01-23 14:59:04.146481,2025-01-23 15:15:04.146481,2025-02-22 15:15:04.146481,False,,2025-01-14 15:15:04.146481,,"{""source"": ""google_ads"", ""archetype"": ""casual_explorer""}"
sub_60e46d5f487ec1,cus_6027acb24e55df,2705,price_03c526f2136408,29900,usd,month,unpaid,2025-01-10 01:24:12.151403,2025-01-10 01:28:12.151403,2025-02-09 01:28:12.151403,False,,2024-12-31 01:28:12.151403,,"{""source"": ""direct"", ""archetype"": ""enterprise_evaluator""}"
sub_2cdf1c433a00a0,cus_3eed1927934ff6,2710,price_2e362db8c822aa,19900,gbp,year,past_due,2025-01-31 03:20:49.419156,2025-01-31 03:41:49.419156,2025-03-02 03:41:49.419156,False,,,,"{""source"": ""linkedin"", ""archetype"": ""enterprise_evaluator""}"
sub_1541cededbd479,cus_4f85963aeecf62,2711,price_505ae270e2bfe1,19900,USD,month,active,2025-02-04 19:05:01.635450,2025-02-04 19:21:01.635450,2025-03-06 19:21:01.635450,False,,2025-01-25 19:21:01.635450,,"{""source"": ""google_ads"", ""archetype"": ""enterprise_evaluator""}"
sub_3dbb218c58e550,cus_d3edae2d5c1b11,2722,price_d2e6fa81fef0c6,19900,usd,month,active,2025-01-17 19:31:28.224952,2025-01-17 19:33:28.224952,2025-02-16 19:33:28.224952,False,,,,"{""source"": ""organic"", ""archetype"": ""power_user""}"
sub_d1791e0ed94094,cus_310934c3864898,2723,price_acfbef1b0e9c3a,4900,GBP,month,active,2025-01-16 06:21:07.638438,2025-01-16 06:50:07.638438,2025-02-15 06:50:07.638438,False,,,2025-01-16 06:50:07.638438,"{""source"": ""linkedin"", ""archetype"": ""engaged_free""}"
sub_3d6d8326931010,cus_2eeec60a10934a,2731,price_d7ce1620425dea,29900,Eur,year,active,2025-01-26 09:26:18.717645,2025-01-26 09:48:18.717645,2025-02-25 09:48:18.717645,False,,2025-01-18 09:48:18.717645,,"{""source"": ""google_ads"", ""archetype"": ""enterprise_evaluator""}"
sub_090204ac6f4942,cus_0c711fa7a01c85,2733,price_baf8fc97694e33,29900,Eur,month,active,2025-01-13 05:40:33.416099,2025-01-13 05:46:33.416099,2025-02-12 05:46:33.416099,False,,,,"{""source"": ""direct"", ""archetype"": ""enterprise_evaluator""}"
sub_8b5d733a50dd00,cus_3f7332371ffa3c,2735,price_e8c99e7549f6b8,2900,Eur,month,unpaid,2025-01-07 01:34:16.832805,2025-01-07 01:59:16.832805,2025-02-06 01:59:16.832805,False,,,2025-01-07 01:59:16.832805,"{""source"": ""partner"", ""archetype"": ""engaged_free""}"
sub_511aaa52c6bbf6,cus_be7bee723bdd4f,2739,price_e8989f63dc6e73,29900,usd,year,active,2025-02-09 14:28:19.233945,2025-02-09 14:38:19.233945,2025-03-11 14:38:19.233945,False,,2025-01-28 14:38:19.233945,,"{""source"": ""google_ads"", ""archetype"": ""enterprise_evaluator""}"
sub_023f7f1efada26,cus_b7fdef1c8495bd,2740,price_306b80fb6ce674,19900,Eur,year,active,2025-01-29 12:33:00.295614,2025-01-29 12:36:00.295614,2025-02-28 12:36:00.295614,False,,,,"{""source"": ""referral"", ""archetype"": ""enterprise_evaluator""}"
sub_a6633b9dddfb91,cus_b7f3f5df1ee57e,2742,price_4570ec74a666aa,29900,Eur,month,active,2025-02-01 04:09:05.690170,2025-02-01 04:38:05.690170,2025-03-03 04:38:05.690170,False,,,2025-02-01 04:38:05.690170,"{""source"": ""organic"", ""archetype"": ""enterprise_evaluator""}"
sub_44d58709422e70,cus_146333bdcd93df,2752,price_d53cd66725d6ab,19900,gbp,year,active,2025-01-21 20:00:13.704710,2025-01-21 20:04:13.704710,2025-02-20 20:04:13.704710,False,,,,"{""source"": ""partner"", ""archetype"": ""power_user""}"
sub_c0b1c4cc82d16c,cus_95678db4a88515,2757,price_5ed97a260eb72c,19900,GBP,month,active,2025-01-25 21:00:52.697631,2025-01-25 21:20:52.697631,2025-02-24 21:20:52.697631,False,,,,"{""source"": ""organic"", ""archetype"": ""enterprise_evaluator""}"
sub_da47aab97575b5,cus_b8d32aa6413697,2764,price_c9179d40f5e284,19900,eur,year,active,2025-01-18 22:31:25.360381,2025-01-18 22:49:25.360381,2025-02-17 22:49:25.360381,False,,2025-01-10 22:49:25.360381,,"{""source"": ""partner"", ""archetype"": ""enterprise_evaluator""}"
sub_a1ac1a90bce2c3,cus_5eb350bb9d3de6,2768,price_1b378fb1cdd902,19900,USD,year,active,2025-01-16 06:33:30.382359,2025-01-16 06:44:30.382359,2025-02-15 06:44:30.382359,False,,2025-01-06 06:44:30.382359,,"{""source"": ""partner"", ""archetype"": ""enterprise_evaluator""}"
sub_76f620c22a1bcb,cus_4b7c0256b8f71b,2771,price_730541dd5d075d,29900,Eur,month,active,2025-01-17 19:28:14.840470,2025-01-17 19:58:14.840470,2025-02-16 19:58:14.840470,False,,,2025-01-17 19:58:14.840470,"{""source"": ""linkedin"", ""archetype"": ""enterprise_evaluator""}"
sub_009f50beef5949,cus_d44518afbefb26,2782,price_6d292e739aed1d,19900,eur,year,active,2025-01-20 22:32:21.076119,2025-01-20 22:34:21.076119,2025-02-19 22:34:21.076119,False,,,,"{""source"": ""linkedin"", ""archetype"": ""enterprise_evaluator""}"
sub_d55518417bac17,cus_22fca1d0370b14,2783,price_3525e5973f55a4,29900,gbp,month,active,2025-01-24 19:56:17.782167,2025-01-24 19:57:17.782167,2025-02-23 19:57:17.782167,False,,,2025-01-24 19:57:17.782167,"{""source"": ""organic"", ""archetype"": ""power_user""}"
sub_ae5299bf22229e,cus_5c69f867e53f85,2794,price_5e46cc852c9c83,9900,USD,month,active,2025-01-21 05:07:27.935676,2025-01-21 05:22:27.935676,2025-02-20 05:22:27.935676,False,,,,"{""source"": ""google_ads"", ""archetype"": ""power_user""}"
sub_caaac5aed3a3fe,cus_44f93930a555e1,2795,price_1a345fd35b3673,2900,gbp,month,active,2025-03-07 06:56:33.958083,2025-03-07 07:06:33.958083,2025-04-06 07:06:33.958083,False,,,,"{""source"": ""linkedin"", ""archetype"": ""engaged_free""}"
sub_a8b83e4daffa1e,cus_10e4468a39dc05,2797,price_f6261b1d056bf7,19900,eur,year,active,2025-02-06 18:11:51.491971,2025-02-06 18:41:51.491971,2025-03-08 18:41:51.491971,False,,2025-01-23 18:41:51.491971,2025-02-06 18:41:51.491971,"{""source"": ""google_ads"", ""archetype"": ""enterprise_evaluator""}"
sub_acf2ff4ff783f0,cus_8b989c3166ade5,2808,price_57dbe4d46f5ad3,9900,Eur,month,active,2025-03-10 06:12:53.722072,2025-03-10 06:39:53.722072,2025-04-09 06:39:53.722072,False,,,,"{""source"": ""referral"", ""archetype"": ""power_user""}"
sub_fcf957fcb8700e,cus_68650c7956116e,2825,price_09d925f81e0b59,19900,usd,month,past_due,2025-01-13 14:25:33.088657,2025-01-13 14:30:33.088657,2025-02-12 14:30:33.088657,False,,,2025-01-13 14:30:33.088657,"{""source"": ""direct"", ""archetype"": ""power_user""}"
sub_3cab9cc82003ff,cus_6335859e4cd1e2,2826,price_c77b94b38dfd45,4900,eur,month,active,2025-01-11 07:30:20.884907,2025-01-11 07:52:20.884907,2025-02-10 07:52:20.884907,False,,,,"{""source"": ""partner"", ""archetype"": ""engaged_free""}"
sub_1c6385680eae62,cus_ab5a85743fc130,2833,price_e705a928f0f62e,4900,USD,month,past_due,2025-01-15 15:17:14.866727,2025-01-15 15:26:14.866727,2025-02-14 15:26:14.866727,False,,,,"{""source"": ""linkedin"", ""archetype"": ""support_heavy""}"
sub_e4b014461c1854,cus_83733aa54411c1,2842,price_a9c84c65e356c8,29900,gbp,month,active,2025-01-14 15:24:05.903242,2025-01-14 15:25:05.903242,2025-02-13 15:25:05.903242,False,,2024-12-31 15:25:05.903242,,"{""source"": ""partner"", ""archetype"": ""power_user""}"
sub_6a2ccf172ab739,cus_829d38742de4d9,2843,price_3a1f3273f5d697,9900,Eur,month,active,2025-01-19 05:39:04.977948,2025-01-19 05:59:04.977948,2025-02-18 05:59:04.977948,False,,,,"{""source"": ""direct"", ""archetype"": ""power_user""}"
sub_15d1448837b267,cus_dab3a92a847810,2854,price_7e9ce7c4d2b336,4900,eur,month,canceled,2025-01-16 12:16:33.901691,2025-01-16 12:29:33.901691,2025-02-15 12:29:33.901691,True,2025-02-06 17:46:15.552306,,,"{""source"": ""partner"", ""archetype"": ""engaged_free""}"
sub_3c9659535e28b0,cus_bb2a0d26218dc8,2855,price_c51ff3b8145c64,9900,Eur,year,active,2025-02-09 21:46:06.046164,2025-02-09 22:03:06.046164,2025-03-11 22:03:06.046164,False,,,2025-02-09 22:03:06.046164,"{""source"": ""referral"", ""archetype"": ""power_user""}"
sub_d395d2882f71ad,cus_707b906cad1576,2859,price_534926d819dfb0,9900,GBP,year,active,2025-01-15 10:00:30.861699,2025-01-15 10:05:30.861699,2025-02-14 10:05:30.861699,False,,2025-01-03 10:05:30.861699,,"{""source"": ""linkedin"", ""archetype"": ""power_user""}"
sub_34d176b0cebd26,cus_e9fde67b83f764,2871,price_fec726a8e849a3,29900,usd,year,active,2025-01-07 06:51:22.262269,2025-01-07 06:59:22.262269,2025-02-06 06:59:22.262269,False,,,,"{""source"": ""google_ads"", ""archetype"": ""enterprise_evaluator""}"
sub_3ba796f60b570e,cus_acffbbc4be9d10,2878,price_dd8e7c9193be5e,19900,GBP,year,active,2025-01-29 13:25:25.517324,2025-01-29 13:55:25.517324,2025-02-28 13:55:25.517324,False,,,,"{""source"": ""partner"", ""archetype"": ""enterprise_evaluator""}"
sub_9bb743a05b8cef,cus_62e5ef8106d99c,2884,price_315c95da634081,29900,eur,month,active,2025-01-12 19:05:59.489346,2025-01-12 19:19:59.489346,2025-02-11 19:19:59.489346,False,,2025-01-05 19:19:59.489346,,"{""source"": ""referral"", ""archetype"": ""enterprise_evaluator""}"
sub_6346520191e317,cus_3325b8be049450,2885,price_9a74602cd18d1a,29900,GBP,month,past_due,2025-01-19 14:53:29.147422,2025-01-19 15:21:29.147422,2025-02-18 15:21:29.147422,False,,2025-01-09 15:21:29.147422,,"{""source"": ""linkedin"", ""archetype"": ""enterprise_evaluator""}"
sub_6114c54aa1de2e,cus_e22acdbacbcdb0,2887,price_7ccb2ce097ff11,19900,gbp,month,active,2025-03-15 02:34:56.504617,2025-03-15 03:00:56.504617,2025-04-14 03:00:56.504617,False,,,,"{""source"": ""referral"", ""archetype"": ""power_user""}"
sub_b50a19f472eee0,cus_9075542810538f,2892,price_61d314159e41d8,9900,USD,month,active,2025-02-05 07:16:32.086325,2025-02-05 07:33:32.086325,2025-03-07 07:33:32.086325,False,,2025-01-27 07:33:32.086325,2025-02-05 07:33:32.086325,"{""source"": ""partner"", ""archetype"": ""power_user""}"
sub_af121541c49c0c,cus_32ec1b8652df22,2895,price_d32e42880cab5b,19900,eur,month,active,2025-01-30 08:31:59.529251,2025-01-30 08:35:59.529251,2025-03-01 08:35:59.529251,False,,,,"{""source"": ""linkedin"", ""archetype"": ""enterprise_evaluator""}"
sub_3e7eaa0821bd1c,cus_1f8cf41c7fdba5,2897,price_3bb05c39e264d4,2900,GBP,month,active,2025-03-03 18:50:55.032235,2025-03-03 18:54:55.032235,2025-04-02 18:54:55.032235,False,,,,"{""source"": ""organic"", ""archetype"": ""engaged_free""}"
sub_614bba0487c796,cus_3bb0f970bcc88b,2904,price_84cb4b2a9bf96f,29900,USD,year,active,2025-01-27 14:10:54.138715,2025-01-27 14:36:54.138715,2025-02-26 14:36:54.138715,False,,,,"{""source"": ""direct"", ""archetype"": ""power_user""}"
sub_32667368d00caf,cus_3507211983c1b0,2909,price_c9f22e08e1f0c7,19900,gbp,month,unpaid,2025-01-10 08:33:32.801913,2025-01-10 08:34:32.801913,2025-02-09 08:34:32.801913,False,,,2025-01-10 08:34:32.801913,"{""source"": ""linkedin"", ""archetype"": ""power_user""}"
sub_a8bf3cd3baec18,cus_5b65b49048f2dc,2917,price_3e5407c3a65991,2900,eur,month,active,2025-02-13 01:45:54.514605,2025-02-13 01:52:54.514605,2025-03-15 01:52:54.514605,False,,2025-01-30 01:52:54.514605,2025-02-13 01:52:54.514605,"{""source"": ""organic"", ""archetype"": ""engaged_free""}"
sub_93d56e23af6556,cus_7f74db7177c20d,2928,price_92b37361ccdf41,9900,Eur,year,active,2025-01-26 10:40:28.640314,2025-01-26 10:49:28.640314,2025-02-25 10:49:28.640314,False,,2025-01-15 10:49:28.640314,2025-01-26 10:49:28.640314,"{""source"": ""organic"", ""archetype"": ""power_user""}"
sub_934619f4717224,cus_fe2614f9f229a5,2929,price_1a40488b1f3a84,2900,GBP,month,active,2025-02-01 22:55:56.794603,2025-02-01 23:12:56.794603,2025-03-03 23:12:56.794603,False,,2025-01-18 23:12:56.794603,2025-02-01 23:12:56.794603,"{""source"": ""google_ads"", ""archetype"": ""engaged_free""}"
sub_bc4779c3233730,cus_8b1d622cdd22a3,2933,price_afe3cb1b3ee8cf,9900,Eur,year,active,2025-02-20 00:51:16.925254,2025-02-20 00:58:16.925254,2025-03-22 00:58:16.925254,False,,2025-02-11 00:58:16.925254,,"{""source"": ""referral"", ""archetype"": ""power_user""}"
sub_0cb2bdee7b45b6,cus_2da19c35b0df6e,2934,price_d9cb1e5b815b92,19900,GBP,month,active,2025-01-06 07:47:38.448982,2025-01-06 08:03:38.448982,2025-02-05 08:03:38.448982,False,,,,"{""source"": ""referral"", ""archetype"": ""enterprise_evaluator""}"
sub_7f8f47f249d610,cus_963f01fec2da1f,2937,price_5c9405ffcc1f67,29900,USD,month,active,2025-01-31 04:54:10.388730,2025-01-31 04:55:10.388730,2025-03-02 04:55:10.388730,False,,,,"{""source"": ""linkedin"", ""archetype"": ""enterprise_evaluator""}"
sub_c2881c2e098269,cus_60fb63cf0b1d3c,2942,price_de8ec77f32832f,2900,gbp,month,canceled,2025-01-27 23:24:10.675911,2025-01-27 23:52:10.675911,2025-02-26 23:52:10.675911,True,2025-02-11 01:06:55.668133,,,"{""source"": ""referral"", ""archetype"": ""engaged_free""}"
sub_7bb6565c628ea1,cus_3d693417ae3f6d,2968,price_cfd97924cbec17,9900,eur,month,active,2025-01-20 03:30:57.267091,2025-01-20 03:41:57.267091,2025-02-19 03:41:57.267091,False,,,,"{""source"": ""partner"", ""archetype"": ""power_user""}"
sub_dedb9c13ab9dc6,cus_8d180d14b80690,2969,price_cc2c50c03d4238,2900,eur,month,active,2025-01-05 10:41:20.480379,2025-01-05 10:55:20.480379,2025-02-04 10:55:20.480379,False,,,,"{""source"": ""organic"", ""archetype"": ""engaged_free""}"
sub_a4063c27e85f67,cus_3e2101f300a058,2972,price_cf460121bf6550,2900,gbp,month,active,2025-01-14 07:49:37.660764,2025-01-14 07:56:37.660764,2025-02-13 07:56:37.660764,False,,,,"{""source"": ""linkedin"", ""archetype"": ""engaged_free""}"
sub_799402422d42a0,cus_9af332b9a909c4,2980,price_e2d7479cf141d3,9900,eur,month,past_due,2025-01-27 07:29:50.646182,2025-01-27 07:35:50.646182,2025-02-26 07:35:50.646182,False,,2025-01-16 07:35:50.646182,,"{""source"": ""organic"", ""archetype"": ""power_user""}"
sub_d07331ce27b4a1,cus_96d4ea75b130f4,2981,price_b70241b6dc9925,29900,Eur,month,active,2025-01-17 13:35:37.715048,2025-01-17 13:38:37.715048,2025-02-16 13:38:37.715048,False,,,,"{""source"": ""referral"", ""archetype"": ""power_user""}"
sub_60d3b3fce26ebd,cus_b81f5bb3337321,2982,price_ba136eaf41de54,19900,usd,month,active,2025-02-01 10:41:58.401447,2025-02-01 10:48:58.401447,2025-03-03 10:48:58.401447,False,,,,"{""source"": ""linkedin"", ""archetype"": ""power_user""}"
sub_c76b5049aba62b,cus_e02e3f6c88d5ff,2985,price_056bbe428c95b9,4900,usd,month,past_due,2025-01-25 07:13:32.794916,2025-01-25 07:42:32.794916,2025-02-24 07:42:32.794916,False,,2025-01-12 07:42:32.794916,2025-01-25 07:42:32.794916,"{""source"": ""partner"", ""archetype"": ""engaged_free""}"
sub_c075688e40211a,cus_a1e543f45d9f62,2989,price_4447954724181b,4900,USD,year,unpaid,2025-01-19 06:39:56.319922,2025-01-19 06:47:56.319922,2025-02-18 06:47:56.319922,False,,2025-01-12 06:47:56.319922,2025-01-19 06:47:56.319922,"{""source"": ""google_ads"", ""archetype"": ""engaged_free""}"
sub_6ba851271e4dbd,cus_667a53d68ae655,2990,price_5d7b05f6bca607,29900,gbp,month,canceled,2025-01-23 18:13:45.554260,2025-01-23 18:30:45.554260,2025-02-22 18:30:45.554260,True,2025-03-03 12:52:53.862601,,,"{""source"": ""google_ads"", ""archetype"": ""enterprise_evaluator""}"
sub_9a8049195a2a4e,cus_cee8b705a7fe3b,2991,price_e9671985b7c4a3,29900,Eur,month,active,2025-01-24 18:38:49.814450,2025-01-24 18:43:49.814450,2025-02-23 18:43:49.814450,False,,,,"{""source"": ""direct"", ""archetype"": ""enterprise_evaluator""}"
sub_aafacacad5dc58,cus_5182589c344ca6,2995,price_85f60f9515d5f1,2900,usd,month,active,2025-02-12 05:59:01.227151,2025-02-12 06:24:01.227151,2025-03-14 06:24:01.227151,False,,,2025-02-12 06:24:01.227151,"{""source"": ""organic"", ""archetype"": ""engaged_free""}"
sub_dee0eb922a49a8,cus_84a91c9f1139a1,3008,price_d15cf2abe98af7,29900,USD,year,active,2025-01-24 22:04:42.790217,2025-01-24 22:06:42.790217,2025-02-23 22:06:42.790217,False,,,,"{""source"": ""organic"", ""archetype"": ""enterprise_evaluator""}"
sub_a64bd7963c4300,cus_2edde5acee5c60,3010,price_9440cfa114ebb0,2900,usd,month,past_due,2025-01-28 07:33:31.548751,2025-01-28 07:37:31.548751,2025-02-27 07:37:31.548751,False,,,,"{""source"": ""organic"", ""archetype"": ""engaged_free""}"
sub_115d14c85bba6c,cus_991547b5fac977,3023,price_923423906d28d3,4900,GBP,month,canceled,2025-01-11 12:48:51.894282,2025-01-11 13:18:51.894282,2025-02-10 13:18:51.894282,True,2025-01-29 01:30:48.432847,2025-01-03 13:18:51.894282,,"{""source"": ""linkedin"", ""archetype"": ""engaged_free""}"
sub_ee7650af94445e,cus_77f69e96eee319,3028,price_235c83fcb0bc36,29900,USD,month,active,2025-01-22 15:37:52.330997,2025-01-22 16:00:52.330997,2025-02-21 16:00:52.330997,False,,,,"{""source"": ""direct"", ""archetype"": ""power_user""}"
sub_9e0ea233f5e0bf,cus_4cb28ea6ba2296,3029,price_9afb7450fa46b0,2900,GBP,month,active,2025-01-11 22:37:04.218477,2025-01-11 22:39:04.218477,2025-02-10 22:39:04.218477,False,,,,"{""source"": ""direct"", ""archetype"": ""engaged_free""}"
sub_1abd6884d809dc,cus_c1b82f07239f49,3032,price_f65534e7a5393a,2900,GBP,month,unpaid,2025-01-26 06:55:38.701512,2025-01-26 07:17:38.701512,2025-02-25 07:17:38.701512,False,,2025-01-13 07:17:38.701512,,"{""source"": ""organic"", ""archetype"": ""engaged_free""}"
sub_d4715820193fac,cus_d4a9cad7c78478,3037,price_d4cc72ed03b511,19900,Eur,month,active,2025-01-31 21:26:16.769248,2025-01-31 21:27:16.769248,2025-03-02 21:27:16.769248,False,,,,"{""source"": ""google_ads"", ""archetype"": ""enterprise_evaluator""}"
sub_574bf3f12624b5,cus_4d0a85bdb81ae2,3039,price_5596be841b39e4,4900,GBP,year,unpaid,2025-01-29 03:01:02.949241,2025-01-29 03:13:02.949241,2025-02-28 03:13:02.949241,False,,2025-01-22 03:13:02.949241,,"{""source"": ""linkedin"", ""archetype"": ""engaged_free""}"
sub_eef292aaf95ab2,cus_92d652e25d3140,3048,price_7c7d62bd4e5f1d,19900,eur,month,active,2025-02-19 01:29:48.618585,2025-02-19 01:31:48.618585,2025-03-21 01:31:48.618585,False,,,2025-02-19 01:31:48.618585,"{""source"": ""partner"", ""archetype"": ""enterprise_evaluator""}"
sub_115d1dd9f8dd2f,cus_2dc96e000b3441,3049,price_06778c1a8ba9d3,9900,Eur,year,active,2025-01-16 06:10:17.133578,2025-01-16 06:15:17.133578,2025-02-15 06:15:17.133578,False,,2025-01-03 06:15:17.133578,2025-01-16 06:15:17.133578,"{""source"": ""referral"", ""archetype"": ""power_user""}"
sub_94f94d73f0814f,cus_05e8e86a74f276,3051,price_79611411621007,9900,Eur,month,active,2025-01-05 21:57:17.561126,2025-01-05 22:04:17.561126,2025-02-04 22:04:17.561126,False,,,,"{""source"": ""linkedin"", ""archetype"": ""power_user""}"
sub_32b936deec6df3,cus_0047008cd3ab04,3062,price_806646d19f5d1c,19900,gbp,month,unpaid,2025-03-10 06:14:56.446777,2025-03-10 06:22:56.446777,2025-04-09 06:22:56.446777,False,,,,"{""source"": ""referral"", ""archetype"": ""power_user""}"
sub_03ff63d394ea55,cus_ff7f7c7881ba4a,3064,price_a63b10047a2e31,19900,gbp,month,active,2025-01-06 14:07:29.077814,2025-01-06 14:08:29.077814,2025-02-05 14:08:29.077814,False,,,,"{""source"": ""referral"", ""archetype"": ""power_user""}"
sub_9274f90ab42f8e,cus_ea42d0049929fa,3066,price_b6f4607091ef7b,4900,eur,month,active,2025-02-02 02:12:18.829791,2025-02-02 02:20:18.829791,2025-03-04 02:20:18.829791,False,,,,"{""source"": ""referral"", ""archetype"": ""engaged_free""}"
sub_97f877ac4c7219,cus_816a71a0a301b8,3073,price_4763d782ac3d28,19900,gbp,month,active,2025-01-12 00:27:33.411427,2025-01-12 00:44:33.411427,2025-02-11 00:44:33.411427,False,,,2025-01-12 00:44:33.411427,"{""source"": ""organic"", ""archetype"": ""enterprise_evaluator""}"
sub_c672fbd5315606,cus_051196492b30dd,3075,price_69412d61fc2c96,4900,gbp,month,active,2025-01-18 19:53:48.049615,2025-01-18 20:19:48.049615,2025-02-17 20:19:48.049615,False,,2025-01-06 20:19:48.049615,,"{""source"": ""direct"", ""archetype"": ""engaged_free""}"
sub_ace4d823ff5332,cus_61f1bd9e3e3a03,3084,price_f6ccbac8fb4a98,2900,eur,year,active,2025-01-27 16:03:33.127700,2025-01-27 16:07:33.127700,2025-02-26 16:07:33.127700,False,,2025-01-14 16:07:33.127700,,"{""source"": ""google_ads"", ""archetype"": ""engaged_free""}"
sub_691fed1772a638,cus_6363c40c8d7108,3093,price_ed734e6be0e91f,29900,gbp,month,active,2025-01-10 21:22:13.653565,2025-01-10 21:31:13.653565,2025-02-09 21:31:13.653565,False,,,,"{""source"": ""partner"", ""archetype"": ""power_user""}"
sub_588de685ed2564,cus_30e6537ad0f17a,3111,price_1cf479a3678b72,9900,USD,month,active,2025-01-20 12:08:19.275467,2025-01-20 12:38:19.275467,2025-02-19 12:38:19.275467,False,,,2025-01-20 12:38:19.275467,"{""source"": ""linkedin"", ""archetype"": ""power_user""}"
sub_944839febdf634,cus_1fddde0ee32e77,3112,price_4211b06c6ab690,19900,USD,year,active,2025-01-23 15:55:34.900054,2025-01-23 15:57:34.900054,2025-02-22 15:57:34.900054,False,,,,"{""source"": ""google_ads"", ""archetype"": ""enterprise_evaluator""}"
sub_30d308aec53f3e,cus_3f3b7ef2734932,3121,price_b50d1cc1921afc,4900,usd,month,past_due,2025-01-06 19:13:38.168355,2025-01-06 19:39:38.168355,2025-02-05 19:39:38.168355,False,,,,"{""source"": ""google_ads"", ""archetype"": ""engaged_free""}"
sub_7ea3b379e6aa26,cus_7dd77a289b57f7,3124,price_b639fb4bfb67fe,19900,USD,month,active,2025-01-22 19:15:29.396316,2025-01-22 19:41:29.396316,2025-02-21 19:41:29.396316,False,,,,"{""source"": ""partner"", ""archetype"": ""enterprise_evaluator""}"
sub_4108b528874f63,cus_fab6312b625b56,3125,price_24477c227c10ae,19900,USD,month,active,2025-01-05 21:43:06.078779,2025-01-05 22:12:06.078779,2025-02-04 22:12:06.078779,False,,,,"{""source"": ""partner"", ""archetype"": ""power_user""}"
sub_6a0f018e289d76,cus_f8519e4cdd4ebd,3129,price_e5e371e16fafe1,19900,eur,month,unpaid,2025-02-16 08:33:28.868978,2025-02-16 09:02:28.868978,2025-03-18 09:02:28.868978,False,,2025-02-07 09:02:28.868978,2025-02-16 09:02:28.868978,"{""source"": ""google_ads"", ""archetype"": ""power_user""}"
sub_5996824def19f8,cus_efd10584b92701,3139,price_88849d7f38f20f,29900,gbp,month,active,2025-01-12 15:13:21.235122,2025-01-12 15:23:21.235122,2025-02-11 15:23:21.235122,False,,,2025-01-12 15:23:21.235122,"{""source"": ""organic"", ""archetype"": ""enterprise_evaluator""}"
sub_661e49a87c5e16,cus_2eac68a6c0e3b5,3148,price_46508036ff0b1e,2900,USD,month,active,2025-02-07 13:15:35.822324,2025-02-07 13:31:35.822324,2025-03-09 13:31:35.822324,False,,,,"{""source"": ""organic"", ""archetype"": ""engaged_free""}"
sub_b271fd0610e708,cus_a03b3bf9f199e6,3157,price_f60a64c10f0974,9900,gbp,month,active,2025-02-23 11:09:49.656906,2025-02-23 11:31:49.656906,2025-03-25 11:31:49.656906,False,,2025-02-11 11:31:49.656906,2025-02-23 11:31:49.656906,"{""source"": ""organic"", ""archetype"": ""power_user""}"
sub_96ec582096f0fe,cus_d259243702319e,3162,price_fd0eb911ce9f43,19900,gbp,month,active,2025-01-08 03:26:39.190725,2025-01-08 03:36:39.190725,2025-02-07 03:36:39.190725,False,,2024-12-28 03:36:39.190725,,"{""source"": ""direct"", ""archetype"": ""enterprise_evaluator""}"
sub_ba1cfc64431f6b,cus_caf39e47f0cc94,3169,price_99d88d55805b11,29900,Eur,month,active,2025-01-12 12:11:50.947082,2025-01-12 12:22:50.947082,2025-02-11 12:22:50.947082,False,,,,"{""source"": ""partner"", ""archetype"": ""power_user""}"
sub_d0e066355db62c,cus_e2c64a75401a75,3171,price_e77e2a3ddbf154,2900,GBP,month,unpaid,2025-01-22 11:51:23.982912,2025-01-22 12:13:23.982912,2025-02-21 12:13:23.982912,False,,2025-01-13 12:13:23.982912,,"{""source"": ""referral"", ""archetype"": ""engaged_free""}"
sub_5275c8292656f3,cus_c058ed7eba37b7,3176,price_b31b1ad34d940b,29900,Eur,month,active,2025-02-17 11:14:57.309198,2025-02-17 11:39:57.309198,2025-03-19 11:39:57.309198,False,,,2025-02-17 11:39:57.309198,"{""source"": ""partner"", ""archetype"": ""enterprise_evaluator""}"
sub_8b975299b94c84,cus_2782560b94d797,3188,price_f36428c966e485,29900,eur,year,active,2025-01-16 18:17:57.593610,2025-01-16 18:35:57.593610,2025-02-15 18:35:57.593610,False,,2025-01-03 18:35:57.593610,,"{""source"": ""google_ads"", ""archetype"": ""enterprise_evaluator""}"
sub_c9b5ac1777bb8d,cus_d925ebec242ffc,3189,price_4fae70eb190d9c,19900,gbp,year,active,2025-01-24 08:29:02.331292,2025-01-24 08:33:02.331292,2025-02-23 08:33:02.331292,False,,,,"{""source"": ""organic"", ""archetype"": ""power_user""}"
sub_e4a8a74560accd,cus_a3630d035b8821,3195,price_7b25866adc8696,29900,eur,month,active,2025-01-14 18:09:27.476158,2025-01-14 18:25:27.476158,2025-02-13 18:25:27.476158,False,,,,"{""source"": ""linkedin"", ""archetype"": ""power_user""}"
sub_851557556eaf4e,cus_cbbcd3b82a83e7,3196,price_ad4ddc59bcffca,4900,eur,month,unpaid,2025-01-12 15:53:22.726801,2025-01-12 15:58:22.726801,2025-02-11 15:58:22.726801,False,,,,"{""source"": ""partner"", ""archetype"": ""engaged_free""}"
sub_0f42879627ecc4,cus_976b3e1a7bfb90,3199,price_63a00ba2a1c9de,19900,gbp,month,active,2025-01-05 15:07:23.214300,2025-01-05 15:12:23.214300,2025-02-04 15:12:23.214300,False,,2024-12-25 15:12:23.214300,2025-01-05 15:12:23.214300,"{""source"": ""direct"", ""archetype"": ""enterprise_evaluator""}"
sub_3e06fe582d75cc,cus_286984e184811f,3201,price_c7e8f4c25c7504,2900,usd,year,active,2025-01-18 09:30:05.788128,2025-01-18 09:59:05.788128,2025-02-17 09:59:05.788128,False,,,,"{""source"": ""organic"", ""archetype"": ""engaged_free""}"
sub_0aa861f0bda8c3,cus_8920bf961f86ac,3206,price_da2a8fa58028b8,29900,eur,year,active,2025-02-10 22:10:51.088195,2025-02-10 22:25:51.088195,2025-03-12 22:25:51.088195,False,,2025-01-31 22:25:51.088195,,"{""source"": ""referral"", ""archetype"": ""enterprise_evaluator""}"
sub_7cb0f63343641a,cus_b16a31c037865b,3208,price_4d1896ce839c02,29900,USD,month,active,2025-01-12 06:07:35.097604,2025-01-12 06:20:35.097604,2025-02-11 06:20:35.097604,False,,2025-01-05 06:20:35.097604,,"{""source"": ""linkedin"", ""archetype"": ""enterprise_evaluator""}"
sub_b6b7406de4fb4b,cus_736ba1efa600b8,3219,price_e4287e97312d1b,19900,USD,year,active,2025-02-03 21:06:56.505581,2025-02-03 21:15:56.505581,2025-03-05 21:15:56.505581,False,,,,"{""source"": ""referral"", ""archetype"": ""enterprise_evaluator""}"
sub_c4caa77bb3c32d,cus_69638320e0852b,3221,price_86a9bd39a43fb3,19900,usd,month,active,2025-01-27 22:14:54.631787,2025-01-27 22:38:54.631787,2025-02-26 22:38:54.631787,False,,,,"{""source"": ""linkedin"", ""archetype"": ""power_user""}"
sub_125def5b49c51c,cus_c619eaee1ac43a,3239,price_c112d26fb142e0,29900,gbp,month,active,2025-02-10 16:13:24.431400,2025-02-10 16:37:24.431400,2025-03-12 16:37:24.431400,False,,,2025-02-10 16:37:24.431400,"{""source"": ""organic"", ""archetype"": ""power_user""}"
sub_578485f0e0a72b,cus_49b8d00633bc51,3240,price_d8954339adcd7b,29900,eur,month,active,2025-01-15 08:18:56.085806,2025-01-15 08:31:56.085806,2025-02-14 08:31:56.085806,False,,2025-01-05 08:31:56.085806,2025-01-15 08:31:56.085806,"{""source"": ""direct"", ""archetype"": ""enterprise_evaluator""}"
sub_a5ba3d10e6355a,cus_876804f5fa7076,3242,price_133e34529478a9,29900,gbp,month,past_due,2025-01-06 06:02:16.205871,2025-01-06 06:05:16.205871,2025-02-05 06:05:16.205871,False,,2024-12-30 06:05:16.205871,2025-01-06 06:05:16.205871,"{""source"": ""organic"", ""archetype"": ""enterprise_evaluator""}"
sub_a9d4861a8e6c59,cus_419d978f35144c,3258,price_4e41ca28a0e2c3,4900,USD,month,active,2025-01-25 17:20:57.330054,2025-01-25 17:44:57.330054,2025-02-24 17:44:57.330054,False,,2025-01-12 17:44:57.330054,,"{""source"": ""partner"", ""archetype"": ""engaged_free""}"
sub_5cd7ee739d6c4c,cus_86f1f05b22d409,3264,price_081e7f96f77b2c,4900,usd,month,active,2025-01-16 15:48:18.772186,2025-01-16 16:01:18.772186,2025-02-15 16:01:18.772186,False,,,,"{""source"": ""partner"", ""archetype"": ""engaged_free""}"
sub_d05e4568b2ad42,cus_60aea8a028604a,3265,price_2cbb3e8df6123f,29900,eur,month,active,2025-01-30 23:26:27.995285,2025-01-30 23:34:27.995285,2025-03-01 23:34:27.995285,False,,,,"{""source"": ""partner"", ""archetype"": ""power_user""}"
sub_5b518cf0ee2d1d,cus_e7a92cd45c4135,3270,price_058d17c9d5e88d,19900,eur,month,active,2025-02-08 12:06:32.818367,2025-02-08 12:34:32.818367,2025-03-10 12:34:32.818367,False,,,,"{""source"": ""organic"", ""archetype"": ""power_user""}"
sub_ec9726e62622c4,cus_4acee085c365bd,3271,price_0cc9a465775ab3,19900,Eur,month,unpaid,2025-01-10 08:11:35.063735,2025-01-10 08:38:35.063735,2025-02-09 08:38:35.063735,False,,2024-12-27 08:38:35.063735,,"{""source"": ""referral"", ""archetype"": ""enterprise_evaluator""}"
sub_2255ba097390e5,cus_6a7327755816bb,3272,price_dda3f35e35b252,19900,eur,year,past_due,2025-01-18 21:08:53.803192,2025-01-18 21:35:53.803192,2025-02-17 21:35:53.803192,False,,,,"{""source"": ""organic"", ""archetype"": ""enterprise_evaluator""}"
sub_94de831e5092e9,cus_d86449ea09d7ed,3275,price_1ec30ca5e4fc7b,19900,gbp,year,active,2025-01-06 02:45:16.743338,2025-01-06 03:15:16.743338,2025-02-05 03:15:16.743338,False,,,2025-01-06 03:15:16.743338,"{""source"": ""google_ads"", ""archetype"": ""power_user""}"
sub_9eef61e5ac23dd,cus_400fae0ed12abd,3284,price_b5e02727475df7,29900,USD,year,active,2025-03-07 02:01:46.735913,2025-03-07 02:29:46.735913,2025-04-06 02:29:46.735913,False,,,,"{""source"": ""referral"", ""archetype"": ""power_user""}"
sub_49ddb8cb6b6656,cus_3dd86bf61cf2b1,3287,price_3fe8f269f71e51,9900,USD,month,active,2025-01-27 04:16:22.151904,2025-01-27 04:20:22.151904,2025-02-26 04:20:22.151904,False,,2025-01-16 04:20:22.151904,,"{""source"": ""organic"", ""archetype"": ""power_user""}"
sub_7ff2c6c17af713,cus_c88e21b90d3bed,3293,price_332aa1e49e2eb8,29900,GBP,month,active,2025-01-18 11:22:28.516628,2025-01-18 11:24:28.516628,2025-02-17 11:24:28.516628,False,,,,"{""source"": ""organic"", ""archetype"": ""power_user""}"
sub_2c3cec24c9dc3f,cus_c67c3fe05fa866,3312,price_d76f055b40a2a5,29900,USD,month,active,2025-01-29 07:32:35.864612,2025-01-29 07:56:35.864612,2025-02-28 07:56:35.864612,False,,,2025-01-29 07:56:35.864612,"{""source"": ""partner"", ""archetype"": ""power_user""}"
sub_152a4ffee83e73,cus_b754a66e2d89b7,3318,price_4cd8b13674dd90,29900,USD,month,active,2025-01-08 03:06:32.857702,2025-01-08 03:28:32.857702,2025-02-07 03:28:32.857702,False,,,,"{""source"": ""linkedin"", ""archetype"": ""enterprise_evaluator""}"
sub_16478ad4f35b04,cus_63b3cd65bdfda5,3326,price_4bab78ddf5ffc2,29900,USD,year,unpaid,2025-02-13 04:12:21.730164,2025-02-13 04:38:21.730164,2025-03-15 04:38:21.730164,False,,,,"{""source"": ""linkedin"", ""archetype"": ""enterprise_evaluator""}"
sub_07ddaf65dc5a7d,cus_0ce39344cc4682,3333,price_6e940dec05fe13,19900,GBP,month,active,2025-01-10 08:04:05.941226,2025-01-10 08:29:05.941226,2025-02-09 08:29:05.941226,False,,,2025-01-10 08:29:05.941226,"{""source"": ""linkedin"", ""archetype"": ""enterprise_evaluator""}"
sub_dde14b219eb9a4,cus_fe2035095bf36a,3335,price_828460a301b050,19900,GBP,month,active,2025-02-15 23:34:12.420188,2025-02-15 23:40:12.420188,2025-03-17 23:40:12.420188,False,,,,"{""source"": ""google_ads"", ""archetype"": ""enterprise_evaluator""}"
sub_ff7d0b4f62b343,cus_3d98ff7a23017e,3336,price_2df5c80b9da0db,29900,gbp,year,active,2025-01-10 20:12:08.710159,2025-01-10 20:18:08.710159,2025-02-09 20:18:08.710159,False,,2024-12-30 20:18:08.710159,2025-01-10 20:18:08.710159,"{""source"": ""linkedin"", ""archetype"": ""enterprise_evaluator""}"
sub_490cfbbd2ee3ca,cus_c6960faeabb58f,3338,price_f24bb93228d926,19900,Eur,year,past_due,2025-01-19 13:03:31.095177,2025-01-19 13:11:31.095177,2025-02-18 13:11:31.095177,False,,,,"{""source"": ""referral"", ""archetype"": ""enterprise_evaluator""}"
sub_d5ae26c8a6fa93,cus_630f9191f0d070,3355,price_7b00e4306f1ea5,2900,eur,month,active,2025-01-16 04:58:37.920038,2025-01-16 05:28:37.920038,2025-02-15 05:28:37.920038,False,,,,"{""source"": ""google_ads"", ""archetype"": ""engaged_free""}"
sub_001e1961a085b6,cus_2ab7f9659f20fb,3365,price_42116850987f05,2900,USD,month,unpaid,2025-01-13 03:05:17.379734,2025-01-13 03:07:17.379734,2025-02-12 03:07:17.379734,False,,,,"{""source"": ""referral"", ""archetype"": ""engaged_free""}"
sub_df9cc2fd51b0f3,cus_36d9519d0a73ad,3372,price_7f2178d443ae2c,19900,GBP,month,active,2025-02-01 07:05:26.034969,2025-02-01 07:27:26.034969,2025-03-03 07:27:26.034969,False,,2025-01-25 07:27:26.034969,,"{""source"": ""linkedin"", ""archetype"": ""enterprise_evaluator""}"
sub_6da5719c392832,cus_fba2be40dfe712,3374,price_b0a6afce566659,2900,usd,month,active,2025-02-03 08:55:51.710568,2025-02-03 09:05:51.710568,2025-03-05 09:05:51.710568,False,,,2025-02-03 09:05:51.710568,"{""source"": ""linkedin"", ""archetype"": ""engaged_free""}"
sub_2f4d38c4c63285,cus_52637c9d925a87,3379,price_243d840fc73e3c,4900,USD,year,canceled,2025-02-09 10:18:11.532742,2025-02-09 10:46:11.532742,2025-03-11 10:46:11.532742,True,2025-03-03 08:53:19.735292,,,"{""source"": ""partner"", ""archetype"": ""engaged_free""}"
sub_9cd8fd4c7db144,cus_58b639d757e8b5,3380,price_d6f316c6cf40ca,29900,GBP,month,active,2025-02-21 13:59:54.705150,2025-02-21 14:19:54.705150,2025-03-23 14:19:54.705150,False,,,2025-02-21 14:19:54.705150,"{""source"": ""partner"", ""archetype"": ""power_user""}"
sub_cf7ba8c7d02a02,cus_0653003d55e024,3384,price_a82e013321a692,9900,GBP,month,active,2025-02-05 14:53:28.553063,2025-02-05 15:17:28.553063,2025-03-07 15:17:28.553063,False,,2025-01-25 15:17:28.553063,,"{""source"": ""direct"", ""archetype"": ""power_user""}"
sub_03f0ce1ef27f0f,cus_51a007798733d9,3385,price_27cd48b50a077b,19900,eur,year,active,2025-01-13 03:01:07.343054,2025-01-13 03:25:07.343054,2025-02-12 03:25:07.343054,False,,2025-01-02 03:25:07.343054,,"{""source"": ""linkedin"", ""archetype"": ""enterprise_evaluator""}"
sub_c719f08aac3a1c,cus_3816ad491b3b46,3396,price_4a19ac5f8e6ffd,29900,USD,year,active,2025-01-19 14:10:32.552663,2025-01-19 14:31:32.552663,2025-02-18 14:31:32.552663,False,,2025-01-11 14:31:32.552663,,"{""source"": ""organic"", ""archetype"": ""power_user""}"
sub_75c7dc08fc38cc,cus_80b2f106085c10,3401,price_4db067863d27b8,19900,eur,month,unpaid,2025-01-31 06:02:50.528787,2025-01-31 06:31:50.528787,2025-03-02 06:31:50.528787,False,,,,"{""source"": ""partner"", ""archetype"": ""enterprise_evaluator""}"
sub_9a4f7dea11f7e5,cus_51f75a1fb689b5,3404,price_e8203818e71d1d,29900,gbp,year,active,2025-01-26 00:38:12.431407,2025-01-26 00:59:12.431407,2025-02-25 00:59:12.431407,False,,,,"{""source"": ""referral"", ""archetype"": ""enterprise_evaluator""}"
sub_b379b72c68a52f,cus_ec2560ab83548a,3420,price_06ab007c47e9b2,29900,GBP,month,active,2025-03-08 01:54:09.720528,2025-03-08 02:21:09.720528,2025-04-07 02:21:09.720528,False,,2025-03-01 02:21:09.720528,,"{""source"": ""google_ads"", ""archetype"": ""power_user""}"
sub_86e5bbd594ec54,cus_4d99f929b11955,3421,price_22fc4a3d4e6ba7,19900,USD,month,canceled,2025-01-24 14:14:22.566035,2025-01-24 14:30:22.566035,2025-02-23 14:30:22.566035,True,2025-01-30 22:04:14.175018,2025-01-14 14:30:22.566035,,"{""source"": ""partner"", ""archetype"": ""enterprise_evaluator""}"
sub_4dbddf3f55e5e5,cus_2b7e9a25428fd5,3426,price_20876f1b802102,19900,USD,year,active,2025-01-22 09:58:34.646017,2025-01-22 10:22:34.646017,2025-02-21 10:22:34.646017,False,,,2025-01-22 10:22:34.646017,"{""source"": ""linkedin"", ""archetype"": ""enterprise_evaluator""}"
sub_cc991d7a157546,cus_544c7c0e9a1ef3,3436,price_b2cacab1696ed0,29900,GBP,year,active,2025-01-19 07:58:49.735578,2025-01-19 08:01:49.735578,2025-02-18 08:01:49.735578,False,,,,"{""source"": ""partner"", ""archetype"": ""enterprise_evaluator""}"
sub_025467fafd5e6f,cus_1527c118b8a8cc,3442,price_59d8c3aaee9cb9,19900,eur,month,active,2025-02-03 11:48:21.174438,2025-02-03 12:03:21.174438,2025-03-05 12:03:21.174438,False,,,2025-02-03 12:03:21.174438,"{""source"": ""partner"", ""archetype"": ""enterprise_evaluator""}"
sub_553d1e6d0bbb99,cus_f5dd15b3f65eb5,3445,price_bc0fab55129e64,29900,USD,year,active,2025-02-20 05:16:18.921916,2025-02-20 05:21:18.921916,2025-03-22 05:21:18.921916,False,,,,"{""source"": ""partner"", ""archetype"": ""enterprise_evaluator""}"
sub_c4d3937a9cbfbc,cus_b3ae58337e3b51,3446,price_ccb04726554936,9900,Eur,month,active,2025-01-17 03:10:01.560372,2025-01-17 03:34:01.560372,2025-02-16 03:34:01.560372,False,,,2025-01-17 03:34:01.560372,"{""source"": ""partner"", ""archetype"": ""power_user""}"
sub_ff278a430911d7,cus_dea441e0a7b9c3,3457,price_75892947a7c8d1,4900,Eur,month,active,2025-01-21 21:13:09.538637,2025-01-21 21:22:09.538637,2025-02-20 21:22:09.538637,False,,,,"{""source"": ""partner"", ""archetype"": ""engaged_free""}"
sub_d694be6c07a73e,cus_e766f753700c52,3466,price_85d46c595874a7,29900,usd,year,active,2025-01-25 22:14:29.488536,2025-01-25 22:26:29.488536,2025-02-24 22:26:29.488536,False,,,,"{""source"": ""organic"", ""archetype"": ""power_user""}"
sub_cd44270ac5915c,cus_ab130e583e9387,3476,price_011d929516970a,19900,eur,month,active,2025-01-06 10:24:20.822388,2025-01-06 10:46:20.822388,2025-02-05 10:46:20.822388,False,,,,"{""source"": ""referral"", ""archetype"": ""enterprise_evaluator""}"
sub_370df1761257a0,cus_a67f1fcd8c0302,3491,price_376449b4f4f996,29900,GBP,month,canceled,2025-01-27 14:28:04.030405,2025-01-27 14:40:04.030405,2025-02-26 14:40:04.030405,True,2025-02-04 22:14:01.468372,2025-01-19 14:40:04.030405,,"{""source"": ""linkedin"", ""archetype"": ""power_user""}"
sub_043f290d32ab9c,cus_f39dcf969269c3,3500,price_d0b5b1d123257f,4900,eur,year,active,2025-01-19 05:00:20.958964,2025-01-19 05:29:20.958964,2025-02-18 05:29:20.958964,False,,2025-01-08 05:29:20.958964,,"{""source"": ""referral"", ""archetype"": ""engaged_free""}"
sub_77cd23c3a1c74e,cus_cc37dae670c757,3504,price_395c820a657b65,19900,usd,year,active,2025-01-16 15:20:18.054990,2025-01-16 15:34:18.054990,2025-02-15 15:34:18.054990,False,,2025-01-04 15:34:18.054990,,"{""source"": ""direct"", ""archetype"": ""enterprise_evaluator""}"
sub_ccb3fbf324ca36,cus_c780a24fd23c70,3510,price_22e8a8aac06808,19900,gbp,month,active,2025-01-12 17:34:43.706043,2025-01-12 18:04:43.706043,2025-02-11 18:04:43.706043,False,,,,"{""source"": ""organic"", ""archetype"": ""power_user""}"
sub_2b9457776ae10b,cus_a4e534b3988b72,3512,price_f7071560a24542,9900,gbp,month,active,2025-01-16 08:03:30.797096,2025-01-16 08:27:30.797096,2025-02-15 08:27:30.797096,False,,2025-01-04 08:27:30.797096,,"{""source"": ""google_ads"", ""archetype"": ""power_user""}"
sub_78730b93c11dd7,cus_693b6cb307923c,3515,price_6ac60214a4f2f6,29900,GBP,month,active,2025-01-09 06:56:13.686784,2025-01-09 07:08:13.686784,2025-02-08 07:08:13.686784,False,,2024-12-31 07:08:13.686784,2025-01-09 07:08:13.686784,"{""source"": ""linkedin"", ""archetype"": ""enterprise_evaluator""}"
sub_185a0a7ab50885,cus_e6424903341187,3521,price_d0cd0438ae1850,2900,USD,month,active,2025-01-30 15:21:32.629199,2025-01-30 15:44:32.629199,2025-03-01 15:44:32.629199,False,,,,"{""source"": ""google_ads"", ""archetype"": ""engaged_free""}"
sub_fd0a9fbca1a56c,cus_b034de3ebae6c5,3525,price_7cc313a2bce937,19900,Eur,month,active,2025-01-06 00:20:41.963579,2025-01-06 00:46:41.963579,2025-02-05 00:46:41.963579,False,,,2025-01-06 00:46:41.963579,"{""source"": ""direct"", ""archetype"": ""enterprise_evaluator""}"
sub_e4011d54987038,cus_82a5528530224a,3534,price_cb4be58e2ef69f,29900,eur,month,active,2025-01-17 20:58:18.566711,2025-01-17 21:18:18.566711,2025-02-16 21:18:18.566711,False,,,,"{""source"": ""linkedin"", ""archetype"": ""power_user""}"
sub_4d371e853a1e9d,cus_599d64e916adb3,3536,price_62763b96a82320,9900,GBP,month,active,2025-01-20 06:23:03.890589,2025-01-20 06:33:03.890589,2025-02-19 06:33:03.890589,False,,,,"{""source"": ""organic"", ""archetype"": ""power_user""}"
sub_183f43d4728c3c,cus_f673ac0036cced,3545,price_9aefbec3148e34,19900,Eur,month,unpaid,2025-01-23 20:53:05.059375,2025-01-23 21:09:05.059375,2025-02-22 21:09:05.059375,False,,2025-01-09 21:09:05.059375,,"{""source"": ""partner"", ""archetype"": ""enterprise_evaluator""}"
sub_7dada508c2eb4d,cus_40659e4af7343a,3554,price_959fb7ec7aeab3,19900,eur,month,active,2025-01-12 06:02:28.958331,2025-01-12 06:27:28.958331,2025-02-11 06:27:28.958331,False,,2025-01-01 06:27:28.958331,,"{""source"": ""direct"", ""archetype"": ""enterprise_evaluator""}"
sub_5d557b13408213,cus_31c67c73b85ec1,3560,price_25effa7f77155c,2900,USD,month,active,2025-01-16 01:17:48.309556,2025-01-16 01:35:48.309556,2025-02-15 01:35:48.309556,False,,,,"{""source"": ""partner"", ""archetype"": ""support_heavy""}"
sub_8d5b1867b313e2,cus_7e2f3103330b63,3563,price_41c7808113b39f,29900,USD,month,active,2025-02-11 10:28:23.551904,2025-02-11 10:35:23.551904,2025-03-13 10:35:23.551904,False,,,2025-02-11 10:35:23.551904,"{""source"": ""direct"", ""archetype"": ""enterprise_evaluator""}"
sub_e305bd750f0a98,cus_78f396c83f9831,3592,price_ab6401b6223f01,29900,eur,year,active,2025-01-15 01:49:57.348420,2025-01-15 02:08:57.348420,2025-02-14 02:08:57.348420,False,,2025-01-03 02:08:57.348420,,"{""source"": ""direct"", ""archetype"": ""enterprise_evaluator""}"
sub_6d8636ca9cd645,cus_540780e6dc37f4,3597,price_f4fb3c907643d4,29900,eur,month,active,2025-01-20 10:24:54.225668,2025-01-20 10:45:54.225668,2025-02-19 10:45:54.225668,False,,,,"{""source"": ""linkedin"", ""archetype"": ""enterprise_evaluator""}"
sub_ed20bdecacf102,cus_ed8091bcf04c84,3599,price_ae74a64ed084d7,9900,usd,year,active,2025-02-07 16:27:11.029765,2025-02-07 16:31:11.029765,2025-03-09 16:31:11.029765,False,,2025-01-30 16:31:11.029765,2025-02-07 16:31:11.029765,"{""source"": ""google_ads"", ""archetype"": ""power_user""}"
sub_8379a6818db549,cus_0515457e3c2a90,3606,price_fa9ffc9b1d5725,2900,usd,month,active,2025-01-09 17:50:25.286280,2025-01-09 17:57:25.286280,2025-02-08 17:57:25.286280,False,,,,"{""source"": ""google_ads"", ""archetype"": ""engaged_free""}"
sub_c26bb7a30d1bda,cus_8274527bc5c82a,3616,price_d27ccd62b5a861,29900,Eur,month,active,2025-01-07 13:15:32.276236,2025-01-07 13:20:32.276236,2025-02-06 13:20:32.276236,False,,2024-12-28 13:20:32.276236,2025-01-07 13:20:32.276236,"{""source"": ""google_ads"", ""archetype"": ""power_user""}"
sub_41fc24e9ed4b74,cus_c62cb6f2b9b057,3621,price_82179317ff48fd,19900,GBP,month,active,2025-02-07 18:29:55.870839,2025-02-07 18:52:55.870839,2025-03-09 18:52:55.870839,False,,2025-01-26 18:52:55.870839,,"{""source"": ""partner"", ""archetype"": ""enterprise_evaluator""}"
sub_fcfa766d9a8788,cus_cf6f61b2f8eddd,3643,price_9ddc1df0badeb4,2900,GBP,month,active,2025-02-17 06:06:50.786678,2025-02-17 06:36:50.786678,2025-03-19 06:36:50.786678,False,,,2025-02-17 06:36:50.786678,"{""source"": ""linkedin"", ""archetype"": ""engaged_free""}"
sub_56015090409073,cus_68e326e2c4eb84,3668,price_83ffcb96eff7c5,4900,usd,year,active,2025-02-05 07:12:52.468683,2025-02-05 07:23:52.468683,2025-03-07 07:23:52.468683,False,,2025-01-24 07:23:52.468683,,"{""source"": ""direct"", ""archetype"": ""engaged_free""}"
sub_eaf317e9b8649b,cus_2bbfbe1fd7a20d,3677,price_42f66552a319d1,19900,USD,year,active,2025-01-25 09:56:04.454988,2025-01-25 10:09:04.454988,2025-02-24 10:09:04.454988,False,,2025-01-14 10:09:04.454988,2025-01-25 10:09:04.454988,"{""source"": ""linkedin"", ""archetype"": ""power_user""}"
sub_7a1ee5c1eefcf2,cus_436c725c5d0023,3680,price_d48ed24190f942,9900,eur,month,active,2025-01-19 12:11:18.212440,2025-01-19 12:14:18.212440,2025-02-18 12:14:18.212440,False,,2025-01-09 12:14:18.212440,,"{""source"": ""direct"", ""archetype"": ""power_user""}"
sub_72044573c7309d,cus_801fbbfc19c787,3681,price_66b49034c666da,29900,gbp,month,active,2025-02-07 13:26:05.843316,2025-02-07 13:42:05.843316,2025-03-09 13:42:05.843316,False,,,,"{""source"": ""organic"", ""archetype"": ""power_user""}"
sub_4696b5bc2235c1,cus_8a4d59795424b9,3686,price_fd4e21af1147a2,19900,GBP,month,canceled,2025-01-17 01:17:32.605380,2025-01-17 01:45:32.605380,2025-02-16 01:45:32.605380,True,2025-01-22 11:04:45.162685,,,"{""source"": ""direct"", ""archetype"": ""enterprise_evaluator""}"
sub_66caf28fe57a77,cus_8bce05267a5a25,3688,price_0082053efec217,19900,gbp,month,active,2025-02-04 18:19:13.805866,2025-02-04 18:36:13.805866,2025-03-06 18:36:13.805866,False,,,,"{""source"": ""linkedin"", ""archetype"": ""enterprise_evaluator""}"
sub_d30b48b9f42c61,cus_adb9df1db97af4,3691,price_02714e137e39fb,19900,eur,month,active,2025-01-20 14:59:40.773516,2025-01-20 15:07:40.773516,2025-02-19 15:07:40.773516,False,,,2025-01-20 15:07:40.773516,"{""source"": ""google_ads"", ""archetype"": ""power_user""}"
sub_0d14eb1e1ff10b,cus_895afc0f325713,3694,price_78c38d1cc57e07,29900,USD,year,active,2025-02-18 12:57:27.908206,2025-02-18 13:22:27.908206,2025-03-20 13:22:27.908206,False,,2025-02-10 13:22:27.908206,,"{""source"": ""direct"", ""archetype"": ""enterprise_evaluator""}"
sub_4986f8f06d85c5,cus_e2b87a9b50b63f,3695,price_10c0f7cd243a8f,19900,eur,year,active,2025-01-07 15:15:47.195927,2025-01-07 15:37:47.195927,2025-02-06 15:37:47.195927,False,,,,"{""source"": ""referral"", ""archetype"": ""power_user""}"
sub_815157f481f966,cus_bc0c84178d1e34,3698,price_0df49340627759,29900,eur,month,active,2025-01-24 07:11:55.843635,2025-01-24 07:21:55.843635,2025-02-23 07:21:55.843635,False,,,,"{""source"": ""referral"", ""archetype"": ""enterprise_evaluator""}"
sub_3ab1bd92880cd8,cus_6a04c74dedbd34,3702,price_129a86b530d9ed,2900,GBP,year,past_due,2025-01-29 07:04:51.158204,2025-01-29 07:12:51.158204,2025-02-28 07:12:51.158204,False,,2025-01-21 07:12:51.158204,2025-01-29 07:12:51.158204,"{""source"": ""direct"", ""archetype"": ""engaged_free""}"
sub_f8b25c3473ea9f,cus_9f0f8e4e50bf1d,3705,price_299d0806371618,19900,eur,year,active,2025-01-07 03:10:14.346168,2025-01-07 03:25:14.346168,2025-02-06 03:25:14.346168,False,,,,"{""source"": ""organic"", ""archetype"": ""enterprise_evaluator""}"
sub_aefe2d7677b029,cus_a2316c8a6f52b1,3708,price_30a7df5c1a4fdd,19900,gbp,month,active,2025-02-21 18:27:55.318783,2025-02-21 18:52:55.318783,2025-03-23 18:52:55.318783,False,,,2025-02-21 18:52:55.318783,"{""source"": ""direct"", ""archetype"": ""enterprise_evaluator""}"
sub_34996becde58ae,cus_9d8a9e2b0d218b,3711,price_570b794d86e236,29900,GBP,month,active,2025-02-17 05:30:33.701213,2025-02-17 05:44:33.701213,2025-03-19 05:44:33.701213,False,,,,"{""source"": ""referral"", ""archetype"": ""enterprise_evaluator""}"
sub_32e36f1cf028f1,cus_ae910df811f2ca,3713,price_849bf2f4c594f8,2900,gbp,month,active,2025-01-12 23:26:57.583627,2025-01-12 23:47:57.583627,2025-02-11 23:47:57.583627,False,,2025-01-01 23:47:57.583627,,"{""source"": ""referral"", ""archetype"": ""engaged_free""}"
sub_ab64d7a3939f54,cus_2d9b6e26e0cf6b,3723,price_2f7fed00309c50,9900,USD,month,active,2025-01-14 14:37:24.139950,2025-01-14 14:54:24.139950,2025-02-13 14:54:24.139950,False,,,,"{""source"": ""linkedin"", ""archetype"": ""power_user""}"
sub_4e603d459b3f88,cus_e079a9c250997f,3730,price_d8875c80dbbfb2,29900,Eur,month,active,2025-01-22 12:28:35.790008,2025-01-22 12:38:35.790008,2025-02-21 12:38:35.790008,False,,2025-01-14 12:38:35.790008,,"{""source"": ""linkedin"", ""archetype"": ""power_user""}"
sub_f3299ebe5a590b,cus_4592a798aac40b,3734,price_bacf62378770ad,19900,GBP,month,active,2025-01-10 22:58:45.190707,2025-01-10 23:13:45.190707,2025-02-09 23:13:45.190707,False,,2024-12-27 23:13:45.190707,,"{""source"": ""direct"", ""archetype"": ""enterprise_evaluator""}"
sub_42b4f165e1354c,cus_47e98097591ec4,3741,price_e2cf713a2505e4,2900,gbp,month,active,2025-01-26 02:13:35.630350,2025-01-26 02:18:35.630350,2025-02-25 02:18:35.630350,False,,,,"{""source"": ""google_ads"", ""archetype"": ""support_heavy""}"
sub_c163905d2080c5,cus_243e1c664d33f3,3746,price_d80fa3f3b5d845,29900,gbp,year,active,2025-01-08 14:28:22.654002,2025-01-08 14:35:22.654002,2025-02-07 14:35:22.654002,False,,2024-12-27 14:35:22.654002,,"{""source"": ""referral"", ""archetype"": ""enterprise_evaluator""}"
sub_cec84cfe24949e,cus_89b67bddc14e5a,3760,price_66599337738b8d,19900,gbp,month,active,2025-02-01 19:42:42.494025,2025-02-01 19:46:42.494025,2025-03-03 19:46:42.494025,False,,,2025-02-01 19:46:42.494025,"{""source"": ""partner"", ""archetype"": ""power_user""}"
sub_afbe1106554961,cus_31d8a1ccac8fe0,3763,price_509797584de32d,9900,Eur,month,active,2025-01-16 17:24:01.720405,2025-01-16 17:33:01.720405,2025-02-15 17:33:01.720405,False,,,,"{""source"": ""referral"", ""archetype"": ""power_user""}"
sub_d1261277580fb7,cus_1b8fa31774eb9a,3766,price_8a948bb4b91982,2900,USD,month,past_due,2025-01-10 00:55:03.440296,2025-01-10 01:22:03.440296,2025-02-09 01:22:03.440296,False,,,,"{""source"": ""linkedin"", ""archetype"": ""engaged_free""}"
sub_170305b78cdba6,cus_7625e9ce3312f1,3777,price_d1d28a3241065a,9900,GBP,month,active,2025-02-25 07:42:09.568363,2025-02-25 07:56:09.568363,2025-03-27 07:56:09.568363,False,,2025-02-18 07:56:09.568363,,"{""source"": ""direct"", ""archetype"": ""power_user""}"
sub_a2cea924face2f,cus_f087e6a10e2ba0,3779,price_589955c05861a7,19900,USD,month,canceled,2025-01-15 21:35:55.768842,2025-01-15 21:54:55.768842,2025-02-14 21:54:55.768842,True,2025-01-20 08:33:47.831379,,,"{""source"": ""partner"", ""archetype"": ""enterprise_evaluator""}"
sub_056b7bf2e989d7,cus_d85b0325882f33,3783,price_be388a1be5088b,9900,eur,month,active,2025-02-11 22:59:10.762234,2025-02-11 23:20:10.762234,2025-03-13 23:20:10.762234,False,,2025-01-31 23:20:10.762234,2025-02-11 23:20:10.762234,"{""source"": ""direct"", ""archetype"": ""power_user""}"
sub_86799b542e7a6e,cus_87b6dc489d6ce2,3785,price_35b8989cf89798,4900,usd,month,active,2025-01-18 16:49:08.298963,2025-01-18 17:14:08.298963,2025-02-17 17:14:08.298963,False,,,,"{""source"": ""partner"", ""archetype"": ""engaged_free""}"
sub_8bc2af8ad46f12,cus_3cde2d273d63c6,3792,price_c27d0a1fc2471e,9900,Eur,month,active,2025-01-14 14:50:39.841383,2025-01-14 15:04:39.841383,2025-02-13 15:04:39.841383,False,,,,"{""source"": ""direct"", ""archetype"": ""power_user""}"
sub_10c8d97ad939af,cus_cea5a8c189a4f2,3793,price_a1c83c57831231,19900,usd,year,active,2025-02-10 22:00:40.052399,2025-02-10 22:10:40.052399,2025-03-12 22:10:40.052399,False,,,,"{""source"": ""partner"", ""archetype"": ""enterprise_evaluator""}"
sub_b03f5aa75080e9,cus_cd55a36cf4022d,3796,price_601a9448ced06a,29900,Eur,month,active,2025-01-14 07:26:21.424170,2025-01-14 07:38:21.424170,2025-02-13 07:38:21.424170,False,,,,"{""source"": ""partner"", ""archetype"": ""enterprise_evaluator""}"
sub_a26766767eee26,cus_2b2f8289a27fdb,3798,price_ea70f779900628,19900,USD,year,active,2025-01-22 05:34:25.649827,2025-01-22 05:52:25.649827,2025-02-21 05:52:25.649827,False,,2025-01-12 05:52:25.649827,,"{""source"": ""direct"", ""archetype"": ""power_user""}"
sub_70ef17cbc519c9,cus_542e7795b51b83,3804,price_8787de7355dbfd,29900,usd,month,active,2025-01-01 19:53:34.556000,2025-01-01 20:05:34.556000,2025-01-31 20:05:34.556000,False,,,,"{""source"": ""google_ads"", ""archetype"": ""enterprise_evaluator""}"
sub_8d3f97f8632a73,cus_5afae899b5abc0,3805,price_8e0a900ff86ca3,9900,Eur,year,active,2025-01-26 16:14:04.558913,2025-01-26 16:39:04.558913,2025-02-25 16:39:04.558913,False,,,,"{""source"": ""linkedin"", ""archetype"": ""power_user""}"
sub_c02ee13b4142a2,cus_dddf6675be613f,3819,price_0725fca1bea170,9900,Eur,month,active,2025-01-09 12:10:23.626045,2025-01-09 12:26:23.626045,2025-02-08 12:26:23.626045,False,,,2025-01-09 12:26:23.626045,"{""source"": ""organic"", ""archetype"": ""power_user""}"
sub_d36052f4f7939e,cus_1b3f3659d9f0f9,3821,price_b106be7e5cd0fd,29900,usd,month,active,2025-01-29 21:54:07.962655,2025-01-29 22:14:07.962655,2025-02-28 22:14:07.962655,False,,2025-01-15 22:14:07.962655,,"{""source"": ""partner"", ""archetype"": ""enterprise_evaluator""}"
sub_065de559738790,cus_e22e35a9646690,3838,price_9f39d0bd0f8a8d,4900,GBP,month,active,2025-01-21 22:13:06.332460,2025-01-21 22:28:06.332460,2025-02-20 22:28:06.332460,False,,2025-01-12 22:28:06.332460,,"{""source"": ""partner"", ""archetype"": ""engaged_free""}"
sub_8b1df2865b250f,cus_c7b0d2bba1be1e,3841,price_e5812e387fae5f,2900,gbp,month,active,2025-01-11 14:08:38.204581,2025-01-11 14:31:38.204581,2025-02-10 14:31:38.204581,False,,2025-01-02 14:31:38.204581,,"{""source"": ""linkedin"", ""archetype"": ""engaged_free""}"
sub_f0436e1a5a7735,cus_3ffa4e97195bdf,3850,price_672d36c45f7bf6,19900,USD,year,active,2025-01-13 04:04:06.908727,2025-01-13 04:07:06.908727,2025-02-12 04:07:06.908727,False,,,,"{""source"": ""partner"", ""archetype"": ""power_user""}"
sub_0d4153fc5b2553,cus_b35aec7c6dad30,3851,price_947389ad61f6c4,19900,eur,month,active,2025-01-30 22:24:31.355369,2025-01-30 22:30:31.355369,2025-03-01 22:30:31.355369,False,,,,"{""source"": ""linkedin"", ""archetype"": ""enterprise_evaluator""}"
sub_fcd95664f6c765,cus_37b0a9de0676e3,3856,price_4d5991ae9b459a,29900,eur,year,active,2025-03-24 05:08:46.597775,2025-03-24 05:20:46.597775,2025-04-23 05:20:46.597775,False,,2025-03-16 05:20:46.597775,,"{""source"": ""linkedin"", ""archetype"": ""power_user""}"
sub_08e7681604c4a2,cus_6136d414f361a2,3857,price_ecb46407170fff,19900,gbp,month,active,2025-02-20 20:52:10.607412,2025-02-20 21:04:10.607412,2025-03-22 21:04:10.607412,False,,,2025-02-20 21:04:10.607412,"{""source"": ""partner"", ""archetype"": ""power_user""}"
sub_8a3fdcf8714497,cus_42c2b3425570a2,3863,price_09ad73cc58301e,9900,GBP,year,active,2025-01-19 01:01:56.616838,2025-01-19 01:11:56.616838,2025-02-18 01:11:56.616838,False,,,2025-01-19 01:11:56.616838,"{""source"": ""linkedin"", ""archetype"": ""power_user""}"
sub_9ec3dc538fdda2,cus_a0ffc5db1eaf78,3868,price_a8d2cfa91a6b3e,9900,Eur,month,active,2025-01-18 07:47:52.089607,2025-01-18 07:51:52.089607,2025-02-17 07:51:52.089607,False,,,,"{""source"": ""linkedin"", ""archetype"": ""power_user""}"
sub_947954984a2ceb,cus_7752182c3ae069,3870,price_deb3e80e5dabb1,9900,USD,month,active,2025-01-26 16:56:24.169384,2025-01-26 17:10:24.169384,2025-02-25 17:10:24.169384,False,,,2025-01-26 17:10:24.169384,"{""source"": ""google_ads"", ""archetype"": ""power_user""}"
sub_20f88fcaa26e26,cus_c2ff61419e373f,3872,price_3a03b05e42a9dc,2900,USD,month,active,2025-02-11 18:32:38.620842,2025-02-11 18:52:38.620842,2025-03-13 18:52:38.620842,False,,,,"{""source"": ""direct"", ""archetype"": ""engaged_free""}"
sub_c068db922851f6,cus_2b18919053bcd3,3876,price_0092e3895b9bbc,29900,Eur,month,active,2025-01-30 01:23:45.234916,2025-01-30 01:43:45.234916,2025-03-01 01:43:45.234916,False,,2025-01-21 01:43:45.234916,2025-01-30 01:43:45.234916,"{""source"": ""partner"", ""archetype"": ""enterprise_evaluator""}"
sub_7155b5bddd1e1d,cus_e3624aa95b1f33,3879,price_1728e5ee329aed,19900,eur,month,active,2025-01-12 18:17:42.739591,2025-01-12 18:42:42.739591,2025-02-11 18:42:42.739591,False,,,2025-01-12 18:42:42.739591,"{""source"": ""google_ads"", ""archetype"": ""power_user""}"
sub_b46ce951095469,cus_9daf277b86b968,3887,price_4e203441916d85,29900,Eur,month,active,2025-02-04 11:14:02.785906,2025-02-04 11:17:02.785906,2025-03-06 11:17:02.785906,False,,,,"{""source"": ""direct"", ""archetype"": ""power_user""}"
sub_24c0e50dbc7064,cus_b5172f101fa038,3890,price_3e3a6f79ef5676,4900,Eur,month,active,2025-01-13 00:18:16.219714,2025-01-13 00:42:16.219714,2025-02-12 00:42:16.219714,False,,,,"{""source"": ""linkedin"", ""archetype"": ""engaged_free""}"
sub_c12aa311b18721,cus_db0ab2e7a359c6,3904,price_1e89e33d6f4ed2,29900,usd,month,past_due,2025-01-19 22:50:42.881688,2025-01-19 22:55:42.881688,2025-02-18 22:55:42.881688,False,,,,"{""source"": ""partner"", ""archetype"": ""enterprise_evaluator""}"
sub_55721529c951e4,cus_4ff1429b5f05d9,3919,price_b8c04754834144,4900,eur,month,canceled,2025-02-01 03:12:01.566887,2025-02-01 03:42:01.566887,2025-03-03 03:42:01.566887,True,2025-03-30 21:28:17.007339,,,"{""source"": ""direct"", ""archetype"": ""engaged_free""}"
sub_b36231c139fec2,cus_4bcae62720e6b0,3920,price_3dbd36436cfcc2,29900,USD,month,active,2025-01-27 16:46:11.252238,2025-01-27 17:04:11.252238,2025-02-26 17:04:11.252238,False,,,,"{""source"": ""direct"", ""archetype"": ""enterprise_evaluator""}"
sub_90e7876a62c132,cus_25bd269f42af18,3923,price_1d11888b0d5585,29900,usd,month,active,2025-02-23 03:04:33.419145,2025-02-23 03:34:33.419145,2025-03-25 03:34:33.419145,False,,2025-02-10 03:34:33.419145,2025-02-23 03:34:33.419145,"{""source"": ""partner"", ""archetype"": ""power_user""}"
sub_c236146710338d,cus_926036617cbf4e,3930,price_e8825eef5cceff,4900,USD,month,active,2025-01-14 10:49:07.169979,2025-01-14 11:11:07.169979,2025-02-13 11:11:07.169979,False,,,,"{""source"": ""direct"", ""archetype"": ""engaged_free""}"
sub_09f716d6ada2d9,cus_9c480863e21372,3931,price_017bdef0f7e032,19900,Eur,month,active,2025-01-21 03:07:52.785903,2025-01-21 03:09:52.785903,2025-02-20 03:09:52.785903,False,,,,"{""source"": ""referral"", ""archetype"": ""enterprise_evaluator""}"
sub_3cb27902635c4a,cus_b72e0d0cc20897,3934,price_712dae456879d2,29900,gbp,year,active,2025-01-16 08:20:43.194668,2025-01-16 08:49:43.194668,2025-02-15 08:49:43.194668,False,,,2025-01-16 08:49:43.194668,"{""source"": ""google_ads"", ""archetype"": ""enterprise_evaluator""}"
sub_2bcc96d5ee144e,cus_ca70aaddd84d4a,3939,price_426d3973600eb7,19900,Eur,year,active,2025-01-24 11:45:04.544357,2025-01-24 11:59:04.544357,2025-02-23 11:59:04.544357,False,,,2025-01-24 11:59:04.544357,"{""source"": ""linkedin"", ""archetype"": ""enterprise_evaluator""}"
sub_bcbde11290717a,cus_3d4a995b93a829,3949,price_3ba0401ddedf50,29900,usd,month,active,2025-01-09 07:09:15.201820,2025-01-09 07:11:15.201820,2025-02-08 07:11:15.201820,False,,,,"{""source"": ""organic"", ""archetype"": ""enterprise_evaluator""}"
sub_751b61a935bbbe,cus_421ebec63191b9,3956,price_2f6be0fd949cb3,29900,usd,year,active,2025-01-24 22:48:35.739836,2025-01-24 23:03:35.739836,2025-02-23 23:03:35.739836,False,,,2025-01-24 23:03:35.739836,"{""source"": ""partner"", ""archetype"": ""power_user""}"
sub_d6379f08ff0c84,cus_d57f842f14818e,3976,price_6cf0ff0a3d1156,9900,GBP,month,active,2025-01-14 08:26:08.650196,2025-01-14 08:53:08.650196,2025-02-13 08:53:08.650196,False,,,,"{""source"": ""direct"", ""archetype"": ""power_user""}"
sub_83e1ca1d281f95,cus_dbf6a4ed913419,3985,price_c64e5326e1a8d9,2900,usd,month,active,2025-01-15 02:43:51.560827,2025-01-15 03:10:51.560827,2025-02-14 03:10:51.560827,False,,2025-01-04 03:10:51.560827,2025-01-15 03:10:51.560827,"{""source"": ""partner"", ""archetype"": ""engaged_free""}"
sub_f43c9123530537,cus_5390226cd4fbce,3989,price_30d7b3af5aa3a1,2900,usd,month,canceled,2025-01-11 15:31:00.334371,2025-01-11 15:45:00.334371,2025-02-10 15:45:00.334371,True,2025-01-22 20:42:26.721937,2024-12-30 15:45:00.334371,2025-01-11 15:45:00.334371,"{""source"": ""referral"", ""archetype"": ""engaged_free""}"
sub_c0159edad460f5,cus_ce1258dab11df5,3991,price_0935727ad6999f,29900,usd,month,active,2025-01-09 08:24:45.938140,2025-01-09 08:34:45.938140,2025-02-08 08:34:45.938140,False,,2024-12-27 08:34:45.938140,2025-01-09 08:34:45.938140,"{""source"": ""direct"", ""archetype"": ""enterprise_evaluator""}"
sub_1b6df4fd1917e7,cus_dbc76fa0ce5627,4005,price_c19e280f1c3412,2900,eur,month,active,2025-02-19 19:08:09.849167,2025-02-19 19:29:09.849167,2025-03-21 19:29:09.849167,False,,2025-02-08 19:29:09.849167,,"{""source"": ""linkedin"", ""archetype"": ""engaged_free""}"
sub_f64bc377847e20,cus_41c60e2c1981d5,4006,price_75d101f0f84205,19900,GBP,month,active,2025-01-07 23:49:00.872053,2025-01-07 23:51:00.872053,2025-02-06 23:51:00.872053,False,,2024-12-31 23:51:00.872053,,"{""source"": ""partner"", ""archetype"": ""enterprise_evaluator""}"
sub_ccebe279b6f7b4,cus_02091656b537b1,4025,price_cd9fb78d0b2da7,2900,USD,month,canceled,2025-02-11 20:13:37.850963,2025-02-11 20:15:37.850963,2025-03-13 20:15:37.850963,True,2025-02-14 17:56:51.435839,,,"{""source"": ""direct"", ""archetype"": ""engaged_free""}"
sub_dd8abf605d8b3f,cus_97f4f26b5ae494,4026,price_8682dfa4a59f6f,4900,Eur,year,active,2025-01-15 11:26:58.011111,2025-01-15 11:37:58.011111,2025-02-14 11:37:58.011111,False,,,,"{""source"": ""linkedin"", ""archetype"": ""engaged_free""}"
sub_715f8304ab51cc,cus_306ed7ffdc55ad,4039,price_f6237d3503aaa9,19900,Eur,month,active,2025-01-14 10:36:07.387910,2025-01-14 11:06:07.387910,2025-02-13 11:06:07.387910,False,,2025-01-06 11:06:07.387910,,"{""source"": ""direct"", ""archetype"": ""enterprise_evaluator""}"
sub_59ff3aa8550e8e,cus_71dbceb267315c,4040,price_e3531d97185b2b,2900,eur,month,unpaid,2025-01-10 04:42:45.002415,2025-01-10 04:53:45.002415,2025-02-09 04:53:45.002415,False,,,,"{""source"": ""partner"", ""archetype"": ""engaged_free""}"
sub_d1eadfa016f8ab,cus_0e78f0f78a8636,4043,price_1fc0ad499a25b8,9900,USD,month,active,2025-02-01 21:20:30.553202,2025-02-01 21:47:30.553202,2025-03-03 21:47:30.553202,False,,,,"{""source"": ""direct"", ""archetype"": ""power_user""}"
sub_c2f0d6a7c3de81,cus_9c9c7c779eb67a,4049,price_d7d11052e8490e,9900,USD,month,active,2025-01-08 20:20:57.250572,2025-01-08 20:36:57.250572,2025-02-07 20:36:57.250572,False,,,2025-01-08 20:36:57.250572,"{""source"": ""linkedin"", ""archetype"": ""power_user""}"
sub_0701c29af93c9a,cus_7a68c4fa21d27d,4056,price_d2db03c4e5faed,2900,usd,month,active,2025-01-17 21:42:40.465125,2025-01-17 22:07:40.465125,2025-02-16 22:07:40.465125,False,,,2025-01-17 22:07:40.465125,"{""source"": ""linkedin"", ""archetype"": ""engaged_free""}"
sub_393547e48e51f4,cus_5304a30ff09a13,4060,price_f7e159ea5c7422,19900,gbp,month,active,2025-01-07 16:10:30.682357,2025-01-07 16:35:30.682357,2025-02-06 16:35:30.682357,False,,,,"{""source"": ""direct"", ""archetype"": ""enterprise_evaluator""}"
sub_39434b76f6cb73,cus_abc8efc079c830,4064,price_58cb8f67cd03fd,29900,usd,month,active,2025-01-08 12:29:12.478027,2025-01-08 12:48:12.478027,2025-02-07 12:48:12.478027,False,,2024-12-31 12:48:12.478027,,"{""source"": ""google_ads"", ""archetype"": ""enterprise_evaluator""}"
sub_f4865f8a5a7426,cus_4352215f3c6f7e,4083,price_cad249d2d3faca,29900,usd,month,active,2025-01-14 17:17:34.749075,2025-01-14 17:30:34.749075,2025-02-13 17:30:34.749075,False,,2025-01-06 17:30:34.749075,2025-01-14 17:30:34.749075,"{""source"": ""organic"", ""archetype"": ""power_user""}"
sub_d0ac2e0cc62fd6,cus_a3fe0a0b51248e,4087,price_b725ce214961c9,19900,Eur,month,active,2025-02-02 07:24:45.793270,2025-02-02 07:39:45.793270,2025-03-04 07:39:45.793270,False,,,,"{""source"": ""referral"", ""archetype"": ""power_user""}"
sub_39460a75dc6df6,cus_3fb4b24b7136c2,4093,price_2f39f781ba087a,4900,GBP,year,unpaid,2025-01-26 23:57:08.174207,2025-01-26 23:59:08.174207,2025-02-25 23:59:08.174207,False,,,,"{""source"": ""referral"", ""archetype"": ""engaged_free""}"
sub_2e4c00c0b207e5,cus_5645117911003c,4096,price_0aab031b49d966,4900,USD,year,active,2025-02-12 13:19:03.104922,2025-02-12 13:43:03.104922,2025-03-14 13:43:03.104922,False,,2025-01-31 13:43:03.104922,,"{""source"": ""google_ads"", ""archetype"": ""engaged_free""}"
sub_6da0cde2ca3305,cus_eb3c22620e8712,4097,price_241a5a769bba6a,2900,USD,month,canceled,2025-03-14 16:31:32.613144,2025-03-14 16:54:32.613144,2025-04-13 16:54:32.613144,True,2025-03-25 20:21:19.889319,,,"{""source"": ""direct"", ""archetype"": ""engaged_free""}"
sub_600eeaec674077,cus_e34faa555aaa48,4099,price_50cc54e1345617,29900,gbp,month,canceled,2025-02-20 13:14:57.753474,2025-02-20 13:26:57.753474,2025-03-22 13:26:57.753474,True,2025-02-22 12:16:42.860495,,,"{""source"": ""partner"", ""archetype"": ""power_user""}"
sub_5373d7be231c77,cus_0b5aa73196ea7f,4114,price_8a585fb0b0cb2c,19900,gbp,month,active,2025-01-20 01:46:41.513405,2025-01-20 02:06:41.513405,2025-02-19 02:06:41.513405,False,,2025-01-07 02:06:41.513405,,"{""source"": ""direct"", ""archetype"": ""power_user""}"
sub_e454d5f25c8219,cus_296f9a2a2cce6f,4118,price_d076a1cf2f00ac,4900,USD,year,active,2025-01-12 03:00:59.852389,2025-01-12 03:03:59.852389,2025-02-11 03:03:59.852389,False,,,,"{""source"": ""partner"", ""archetype"": ""engaged_free""}"
sub_e1bd0d4ebf6dec,cus_f16d298253f03d,4123,price_f7137fb94fee53,19900,usd,year,active,2025-01-31 08:13:53.274111,2025-01-31 08:38:53.274111,2025-03-02 08:38:53.274111,False,,2025-01-22 08:38:53.274111,2025-01-31 08:38:53.274111,"{""source"": ""referral"", ""archetype"": ""power_user""}"
sub_6b00005100e83e,cus_30bcc185847a95,4129,price_6eb138799e960e,19900,Eur,month,active,2025-02-19 17:37:08.699392,2025-02-19 17:56:08.699392,2025-03-21 17:56:08.699392,False,,,,"{""source"": ""linkedin"", ""archetype"": ""power_user""}"
sub_e69da349123d53,cus_82e2cca213083e,4132,price_ddc8deb2466367,2900,gbp,month,active,2025-02-01 07:39:03.723022,2025-02-01 07:44:03.723022,2025-03-03 07:44:03.723022,False,,,,"{""source"": ""google_ads"", ""archetype"": ""engaged_free""}"
sub_59e6b15d9ec606,cus_a5e44d4479551f,4136,price_992754186a864b,29900,USD,month,active,2025-01-14 21:47:57.747542,2025-01-14 22:16:57.747542,2025-02-13 22:16:57.747542,False,,,,"{""source"": ""direct"", ""archetype"": ""power_user""}"
sub_168143ed32f998,cus_dbf03c7da3df06,4139,price_c6e62865bb8147,2900,USD,month,unpaid,2025-01-21 07:00:37.481003,2025-01-21 07:16:37.481003,2025-02-20 07:16:37.481003,False,,,2025-01-21 07:16:37.481003,"{""source"": ""linkedin"", ""archetype"": ""support_heavy""}"
sub_f497e894df9c67,cus_821000fc31e06f,4143,price_a0166cb3ace31f,9900,usd,month,active,2025-02-05 23:12:04.127104,2025-02-05 23:23:04.127104,2025-03-07 23:23:04.127104,False,,,,"{""source"": ""direct"", ""archetype"": ""power_user""}"
sub_cbffc46cde88ab,cus_b87f749abd74eb,4147,price_32fc09a3063cad,9900,gbp,year,active,2025-01-05 21:09:51.002949,2025-01-05 21:12:51.002949,2025-02-04 21:12:51.002949,False,,,,"{""source"": ""google_ads"", ""archetype"": ""power_user""}"
sub_d940eb2699a933,cus_23dc707252e2e1,4149,price_fda74b6fe9a301,19900,USD,year,active,2025-01-10 03:40:11.063747,2025-01-10 04:10:11.063747,2025-02-09 04:10:11.063747,False,,2024-12-28 04:10:11.063747,2025-01-10 04:10:11.063747,"{""source"": ""partner"", ""archetype"": ""power_user""}"
sub_e786dddef82e06,cus_18a89a773eda3f,4153,price_ccfa42897a8187,9900,gbp,month,active,2025-01-10 10:48:47.060076,2025-01-10 11:04:47.060076,2025-02-09 11:04:47.060076,False,,,2025-01-10 11:04:47.060076,"{""source"": ""linkedin"", ""archetype"": ""power_user""}"
sub_2188a858aac32d,cus_f108f52fe747da,4155,price_60da715ea8c258,29900,GBP,month,canceled,2025-01-12 07:18:22.491421,2025-01-12 07:40:22.491421,2025-02-11 07:40:22.491421,True,2025-01-29 06:46:50.126432,2025-01-03 07:40:22.491421,,"{""source"": ""linkedin"", ""archetype"": ""enterprise_evaluator""}"
sub_d6dafc3e2b2932,cus_5107bb0fbc01d8,4163,price_1ee661cd915d16,19900,gbp,month,active,2025-01-08 06:23:34.556276,2025-01-08 06:51:34.556276,2025-02-07 06:51:34.556276,False,,,,"{""source"": ""partner"", ""archetype"": ""enterprise_evaluator""}"
sub_3715627e85b654,cus_b23b96834b3ecd,4165,price_cb59642bc2e876,9900,GBP,year,active,2025-01-20 08:17:29.863620,2025-01-20 08:43:29.863620,2025-02-19 08:43:29.863620,False,,,2025-01-20 08:43:29.863620,"{""source"": ""linkedin"", ""archetype"": ""power_user""}"
sub_7adad481c79a6f,cus_2ee74896c1f61b,4187,price_b604970b5fc607,9900,USD,month,active,2025-01-16 18:00:22.308646,2025-01-16 18:07:22.308646,2025-02-15 18:07:22.308646,False,,,2025-01-16 18:07:22.308646,"{""source"": ""referral"", ""archetype"": ""power_user""}"
sub_47ff6fb20b2a29,cus_5b28572eef2b9e,4191,price_d6b8509150dde6,9900,gbp,month,active,2025-01-16 11:53:41.329783,2025-01-16 12:21:41.329783,2025-02-15 12:21:41.329783,False,,2025-01-09 12:21:41.329783,,"{""source"": ""referral"", ""archetype"": ""power_user""}"
sub_167869daa6d2d2,cus_af82ded159418a,4199,price_88c4249a8913af,19900,usd,year,active,2025-01-22 13:54:45.900963,2025-01-22 14:10:45.900963,2025-02-21 14:10:45.900963,False,,,2025-01-22 14:10:45.900963,"{""source"": ""linkedin"", ""archetype"": ""power_user""}"
sub_1bbc3693f01fd1,cus_ec70508477674e,4206,price_bd01838d93e509,19900,Eur,month,active,2025-01-15 19:22:01.442707,2025-01-15 19:40:01.442707,2025-02-14 19:40:01.442707,False,,,,"{""source"": ""partner"", ""archetype"": ""enterprise_evaluator""}"
sub_f46a3e2baa12eb,cus_5caebbba1f1072,4209,price_360f89aae7a277,19900,eur,month,active,2025-01-06 17:14:17.131982,2025-01-06 17:28:17.131982,2025-02-05 17:28:17.131982,False,,2024-12-25 17:28:17.131982,,"{""source"": ""direct"", ""archetype"": ""enterprise_evaluator""}"
sub_168b64450788b2,cus_ddff98b29bdc74,4212,price_d8e1adcbf09166,19900,GBP,month,active,2025-01-18 13:45:41.982601,2025-01-18 13:55:41.982601,2025-02-17 13:55:41.982601,False,,2025-01-05 13:55:41.982601,,"{""source"": ""organic"", ""archetype"": ""power_user""}"
sub_c1ad8c76173fe7,cus_efe08208e2600f,4214,price_3c2499575eb23d,19900,Eur,year,active,2025-01-18 17:47:11.519199,2025-01-18 17:53:11.519199,2025-02-17 17:53:11.519199,False,,,,"{""source"": ""organic"", ""archetype"": ""power_user""}"
sub_976988638b4969,cus_7f154a517d7339,4220,price_62ea6fbdd98756,2900,eur,month,canceled,2025-01-18 20:14:47.138168,2025-01-18 20:37:47.138168,2025-02-17 20:37:47.138168,True,2025-01-27 11:54:01.932776,,,"{""source"": ""organic"", ""archetype"": ""engaged_free""}"
sub_596905fa09452c,cus_2687ba2200d6ad,4238,price_33734e86d42b52,29900,USD,year,canceled,2025-01-19 06:31:27.048711,2025-01-19 06:33:27.048711,2025-02-18 06:33:27.048711,True,2025-01-19 21:14:45.306032,,2025-01-19 06:33:27.048711,"{""source"": ""organic"", ""archetype"": ""enterprise_evaluator""}"
sub_e77d5e81e83378,cus_3d6c93ab452b6e,4244,price_6e0cb8a4bcbad3,2900,Eur,month,active,2025-02-23 06:40:07.821043,2025-02-23 06:43:07.821043,2025-03-25 06:43:07.821043,False,,2025-02-15 06:43:07.821043,,"{""source"": ""partner"", ""archetype"": ""engaged_free""}"
sub_f0b625fddb2eae,cus_209afc79febec6,4248,price_7bfabacca25630,29900,USD,month,active,2025-02-13 00:27:42.766934,2025-02-13 00:41:42.766934,2025-03-15 00:41:42.766934,False,,,,"{""source"": ""linkedin"", ""archetype"": ""enterprise_evaluator""}"
sub_e201774c6a09b7,cus_6e6b334e2cbf16,4251,price_d211bfe3bd2f52,2900,gbp,year,active,2025-01-12 14:37:11.318279,2025-01-12 14:41:11.318279,2025-02-11 14:41:11.318279,False,,,2025-01-12 14:41:11.318279,"{""source"": ""organic"", ""archetype"": ""engaged_free""}"
sub_c88ad82964e7d7,cus_5620ff58dcc200,4255,price_b871ee26e4b63f,19900,usd,year,active,2025-01-29 20:31:14.256597,2025-01-29 20:42:14.256597,2025-02-28 20:42:14.256597,False,,2025-01-22 20:42:14.256597,2025-01-29 20:42:14.256597,"{""source"": ""referral"", ""archetype"": ""power_user""}"
sub_8a09eb0b52d64c,cus_710623863df575,4257,price_a289e02655122d,19900,Eur,month,active,2025-01-11 09:35:57.540705,2025-01-11 09:54:57.540705,2025-02-10 09:54:57.540705,False,,,2025-01-11 09:54:57.540705,"{""source"": ""google_ads"", ""archetype"": ""power_user""}"
sub_307ec6baa674f7,cus_f1e200cd9df78b,4265,price_b94b4441b8bfe5,9900,Eur,month,active,2025-01-15 15:38:24.483380,2025-01-15 15:42:24.483380,2025-02-14 15:42:24.483380,False,,,2025-01-15 15:42:24.483380,"{""source"": ""google_ads"", ""archetype"": ""power_user""}"
sub_a8968929b9648f,cus_a89cd6bf78413f,4266,price_f3324ea5da5f4c,29900,GBP,year,active,2025-01-21 01:01:26.527373,2025-01-21 01:22:26.527373,2025-02-20 01:22:26.527373,False,,,,"{""source"": ""google_ads"", ""archetype"": ""enterprise_evaluator""}"
sub_391286809138e6,cus_73bb94b96f685a,4276,price_996cdbe52b1a8a,9900,eur,year,active,2025-01-15 05:59:20.643511,2025-01-15 06:19:20.643511,2025-02-14 06:19:20.643511,False,,,,"{""source"": ""direct"", ""archetype"": ""power_user""}"
sub_6a4b0644d2ef3f,cus_1d65e5088b0bcd,4283,price_c300eecd6b341b,19900,usd,month,active,2025-03-01 13:12:21.857284,2025-03-01 13:34:21.857284,2025-03-31 13:34:21.857284,False,,,,"{""source"": ""google_ads"", ""archetype"": ""power_user""}"
sub_20ae4d6bf496c6,cus_185ed15f976eac,4292,price_7af2a92039addf,29900,gbp,year,active,2025-01-23 04:03:44.648511,2025-01-23 04:26:44.648511,2025-02-22 04:26:44.648511,False,,,,"{""source"": ""linkedin"", ""archetype"": ""power_user""}"
sub_7be3e4f381d361,cus_c90058e889de96,4303,price_cc2c2514eea681,19900,usd,year,active,2025-03-24 12:17:58.296181,2025-03-24 12:27:58.296181,2025-04-23 12:27:58.296181,False,,,,"{""source"": ""direct"", ""archetype"": ""power_user""}"
sub_68ba2475078772,cus_791990ac412f8f,4305,price_8d6ad814cb4366,29900,gbp,month,past_due,2025-03-12 12:01:28.166619,2025-03-12 12:16:28.166619,2025-04-11 12:16:28.166619,False,,,,"{""source"": ""google_ads"", ""archetype"": ""enterprise_evaluator""}"
sub_dc58faff43da59,cus_2b13be6d3e068a,4317,price_4367ca05792a8a,2900,GBP,month,active,2025-01-10 07:43:41.921752,2025-01-10 07:53:41.921752,2025-02-09 07:53:41.921752,False,,,,"{""source"": ""referral"", ""archetype"": ""engaged_free""}"
sub_cb172a92b2288d,cus_c1ad71fe2f56db,4325,price_85dc3ec44bd170,19900,gbp,month,active,2025-01-20 04:04:07.974606,2025-01-20 04:22:07.974606,2025-02-19 04:22:07.974606,False,,,,"{""source"": ""referral"", ""archetype"": ""power_user""}"
sub_95a32ebe21fe07,cus_41d14dcbe0a532,4328,price_790de52247c69e,9900,gbp,year,active,2025-01-23 14:55:55.180186,2025-01-23 15:20:55.180186,2025-02-22 15:20:55.180186,False,,2025-01-15 15:20:55.180186,2025-01-23 15:20:55.180186,"{""source"": ""linkedin"", ""archetype"": ""power_user""}"
sub_aacce544d57af3,cus_13d3c6c3ff8f3f,4329,price_78ac76b0cf8088,19900,gbp,month,active,2025-02-05 01:32:40.334658,2025-02-05 01:50:40.334658,2025-03-07 01:50:40.334658,False,,,,"{""source"": ""direct"", ""archetype"": ""enterprise_evaluator""}"
sub_95ac9ca224e626,cus_e4c360239645fc,4331,price_0085b1e6bf8dc0,29900,usd,month,active,2025-02-04 15:11:04.458217,2025-02-04 15:37:04.458217,2025-03-06 15:37:04.458217,False,,2025-01-23 15:37:04.458217,2025-02-04 15:37:04.458217,"{""source"": ""google_ads"", ""archetype"": ""power_user""}"
sub_1550e7565a090d,cus_1901813ac6c980,4334,price_8b5a5a8bdd4616,2900,Eur,year,active,2025-01-29 21:31:13.494413,2025-01-29 21:49:13.494413,2025-02-28 21:49:13.494413,False,,2025-01-15 21:49:13.494413,,"{""source"": ""partner"", ""archetype"": ""engaged_free""}"
sub_605d0fbff99c08,cus_6dfc2f373c6889,4345,price_8d20793efcf9a6,29900,usd,month,active,2025-01-23 05:23:43.377930,2025-01-23 05:35:43.377930,2025-02-22 05:35:43.377930,False,,,,"{""source"": ""direct"", ""archetype"": ""power_user""}"
sub_8fea4fa3aabdde,cus_2ea2d3b6b4ec83,4346,price_181376bb808d52,2900,Eur,year,active,2025-01-23 23:48:57.226740,2025-01-24 00:05:57.226740,2025-02-23 00:05:57.226740,False,,,2025-01-24 00:05:57.226740,"{""source"": ""referral"", ""archetype"": ""engaged_free""}"
sub_ed1e448229e6cd,cus_10954f59568ca4,4354,price_9511bb532e59c9,19900,Eur,month,active,2025-02-07 14:57:47.385055,2025-02-07 15:18:47.385055,2025-03-09 15:18:47.385055,False,,,2025-02-07 15:18:47.385055,"{""source"": ""direct"", ""archetype"": ""power_user""}"
sub_e2b169ad310d7b,cus_19b06f80c4ef6f,4385,price_a52a34ed2e3c71,29900,USD,month,active,2025-01-15 17:55:16.745187,2025-01-15 18:00:16.745187,2025-02-14 18:00:16.745187,False,,2025-01-06 18:00:16.745187,,"{""source"": ""partner"", ""archetype"": ""enterprise_evaluator""}"
sub_aba853d92e81f0,cus_fe8a4119f5f8ff,4399,price_6cff8ba570c4b5,9900,usd,month,active,2025-01-12 21:31:00.936495,2025-01-12 21:53:00.936495,2025-02-11 21:53:00.936495,False,,,,"{""source"": ""referral"", ""archetype"": ""power_user""}"
sub_1f5b02505d7f01,cus_7560701abc44d8,4404,price_94494b180139bd,19900,usd,month,active,2025-01-14 04:52:18.602930,2025-01-14 05:11:18.602930,2025-02-13 05:11:18.602930,False,,,,"{""source"": ""google_ads"", ""archetype"": ""power_user""}"
sub_f23fb555e499be,cus_f58a62b9ba1835,4411,price_6d25266786977d,19900,usd,year,canceled,2025-02-12 11:53:31.126653,2025-02-12 12:23:31.126653,2025-03-14 12:23:31.126653,True,2025-02-17 08:28:21.086229,,,"{""source"": ""referral"", ""archetype"": ""enterprise_evaluator""}"
sub_95be83c5f83ec6,cus_bf5cb12738fa50,4424,price_66dddb7717f1dc,29900,eur,month,active,2025-02-05 09:28:40.851598,2025-02-05 09:39:40.851598,2025-03-07 09:39:40.851598,False,,,2025-02-05 09:39:40.851598,"{""source"": ""referral"", ""archetype"": ""power_user""}"
sub_7c4271ed4f073e,cus_b6dbd1f1353b3a,4429,price_d022d1cf69f7f4,29900,Eur,month,active,2025-01-25 08:21:57.942815,2025-01-25 08:29:57.942815,2025-02-24 08:29:57.942815,False,,2025-01-13 08:29:57.942815,,"{""source"": ""referral"", ""archetype"": ""enterprise_evaluator""}"
sub_97782687512670,cus_879a5f6ff8a4d2,4430,price_e3a0bcf1388425,19900,gbp,month,active,2025-01-22 16:27:58.333831,2025-01-22 16:47:58.333831,2025-02-21 16:47:58.333831,False,,,,"{""source"": ""linkedin"", ""archetype"": ""power_user""}"
sub_92014e2839f604,cus_0f6f83e56bd107,4432,price_bd392eab11a5e6,19900,eur,year,active,2025-01-21 14:41:07.083464,2025-01-21 15:11:07.083464,2025-02-20 15:11:07.083464,False,,,2025-01-21 15:11:07.083464,"{""source"": ""referral"", ""archetype"": ""enterprise_evaluator""}"
sub_12f67461221748,cus_d83636698eb930,4435,price_fbb66b53469042,29900,gbp,month,past_due,2025-02-21 03:49:15.144642,2025-02-21 03:51:15.144642,2025-03-23 03:51:15.144642,False,,,,"{""source"": ""direct"", ""archetype"": ""power_user""}"
sub_791760b1549975,cus_12dda4800df56c,4449,price_6936cc76020850,29900,USD,month,unpaid,2025-01-15 03:58:36.801058,2025-01-15 03:59:36.801058,2025-02-14 03:59:36.801058,False,,,,"{""source"": ""partner"", ""archetype"": ""enterprise_evaluator""}"
sub_acd3cd113293e6,cus_822702a6ce0abf,4459,price_ddd8ef6f2c8974,29900,eur,month,past_due,2025-01-21 01:13:43.420250,2025-01-21 01:41:43.420250,2025-02-20 01:41:43.420250,False,,,,"{""source"": ""partner"", ""archetype"": ""enterprise_evaluator""}"
sub_cbf22d66bad8ae,cus_13c4a4c37d1acb,4466,price_4b2c0b6f46c6cd,29900,USD,month,active,2025-01-26 14:41:05.136077,2025-01-26 15:04:05.136077,2025-02-25 15:04:05.136077,False,,,,"{""source"": ""organic"", ""archetype"": ""power_user""}"
sub_171112a5be22e7,cus_5fe5e797dd7323,4467,price_da582e819e2bf8,2900,gbp,month,active,2025-01-23 07:30:01.359817,2025-01-23 07:38:01.359817,2025-02-22 07:38:01.359817,False,,,,"{""source"": ""referral"", ""archetype"": ""engaged_free""}"
sub_798afdb5624b63,cus_05b5834d0b035b,4468,price_128320ee5a6cdc,9900,eur,month,active,2025-01-26 08:56:30.190671,2025-01-26 09:11:30.190671,2025-02-25 09:11:30.190671,False,,,,"{""source"": ""referral"", ""archetype"": ""power_user""}"
sub_cb1cff021cca77,cus_326003ea3b4e4c,4470,price_0a8b1a05b70be0,9900,gbp,year,active,2025-01-05 01:51:01.993589,2025-01-05 02:09:01.993589,2025-02-04 02:09:01.993589,False,,2024-12-28 02:09:01.993589,,"{""source"": ""organic"", ""archetype"": ""power_user""}"
sub_e7d36831dc7294,cus_06e03e7c2cda3b,4484,price_3ff217e506f2cd,29900,GBP,month,past_due,2025-01-08 18:34:37.889973,2025-01-08 18:53:37.889973,2025-02-07 18:53:37.889973,False,,2024-12-28 18:53:37.889973,,"{""source"": ""partner"", ""archetype"": ""enterprise_evaluator""}"
sub_8faea77b5845af,cus_4bdf6803595ef8,4486,price_a7791b36cb6669,29900,GBP,month,active,2025-01-17 00:40:34.957386,2025-01-17 01:06:34.957386,2025-02-16 01:06:34.957386,False,,,,"{""source"": ""google_ads"", ""archetype"": ""power_user""}"
sub_f43492a936e0bd,cus_29b32bf819158c,4494,price_c4778d5cc4dc7c,2900,gbp,month,unpaid,2025-01-27 10:19:55.483382,2025-01-27 10:49:55.483382,2025-02-26 10:49:55.483382,False,,2025-01-15 10:49:55.483382,,"{""source"": ""partner"", ""archetype"": ""engaged_free""}"
sub_4a3261f602ff56,cus_903b88e3c8ed78,4497,price_9eb39b55cecb0d,29900,Eur,month,past_due,2025-02-03 22:34:45.930257,2025-02-03 22:37:45.930257,2025-03-05 22:37:45.930257,False,,2025-01-26 22:37:45.930257,,"{""source"": ""linkedin"", ""archetype"": ""power_user""}"
sub_f6f53e3e14b2ea,cus_d90d59162bc5c9,4506,price_604dad4eea14ef,19900,usd,month,active,2025-02-03 06:45:42.103305,2025-02-03 07:13:42.103305,2025-03-05 07:13:42.103305,False,,,,"{""source"": ""google_ads"", ""archetype"": ""power_user""}"
sub_cf0baf07a9e7a0,cus_d0b87b7cac783a,4514,price_dbff55c4308857,4900,eur,year,active,2025-02-05 00:59:43.108677,2025-02-05 01:18:43.108677,2025-03-07 01:18:43.108677,False,,,,"{""source"": ""google_ads"", ""archetype"": ""engaged_free""}"
sub_c663820b30a7b6,cus_db62f174443502,4522,price_bf182414ef231e,29900,USD,year,active,2025-01-12 02:43:48.711659,2025-01-12 02:46:48.711659,2025-02-11 02:46:48.711659,False,,2025-01-01 02:46:48.711659,,"{""source"": ""partner"", ""archetype"": ""enterprise_evaluator""}"
sub_0d36a9bf29b7df,cus_cf065b2ba62472,4526,price_cb0e30edd9b961,9900,gbp,year,active,2025-02-13 05:50:11.915553,2025-02-13 06:00:11.915553,2025-03-15 06:00:11.915553,False,,2025-01-31 06:00:11.915553,,"{""source"": ""organic"", ""archetype"": ""power_user""}"
sub_08fedf8647fbce,cus_8dc1c3c69affc1,4528,price_9d057e8b1416b2,4900,usd,year,active,2025-01-31 23:55:46.760493,2025-02-01 00:07:46.760493,2025-03-03 00:07:46.760493,False,,2025-01-19 00:07:46.760493,,"{""source"": ""linkedin"", ""archetype"": ""engaged_free""}"
sub_ab93dd9918127e,cus_f36b571146401c,4539,price_7a6bf4ad1ee9aa,19900,Eur,month,past_due,2025-01-14 23:34:40.059213,2025-01-15 00:00:40.059213,2025-02-14 00:00:40.059213,False,,,,"{""source"": ""google_ads"", ""archetype"": ""power_user""}"
sub_15a8f55cc31593,cus_1e56611950fbdd,4542,price_100b5d9c7cf7ce,9900,gbp,month,active,2025-01-29 22:29:10.657592,2025-01-29 22:34:10.657592,2025-02-28 22:34:10.657592,False,,,,"{""source"": ""direct"", ""archetype"": ""power_user""}"
sub_8dd01a0ef112c0,cus_940d75ef8cd67f,4547,price_c43c0a810cf1ae,29900,USD,month,canceled,2025-01-14 20:43:22.145086,2025-01-14 21:00:22.145086,2025-02-13 21:00:22.145086,True,2025-02-14 10:18:28.139358,,,"{""source"": ""linkedin"", ""archetype"": ""power_user""}"
sub_bd9c07f9662d59,cus_67cbd7756b8e5f,4556,price_a39cc321e6b7f3,19900,gbp,month,active,2025-02-04 18:59:47.255886,2025-02-04 19:21:47.255886,2025-03-06 19:21:47.255886,False,,2025-01-28 19:21:47.255886,,"{""source"": ""referral"", ""archetype"": ""power_user""}"
sub_f4ee658e668c58,cus_d736667893db46,4569,price_059476c1ddcd37,29900,gbp,month,unpaid,2025-01-10 23:56:44.019036,2025-01-11 00:12:44.019036,2025-02-10 00:12:44.019036,False,,2024-12-29 00:12:44.019036,2025-01-11 00:12:44.019036,"{""source"": ""google_ads"", ""archetype"": ""enterprise_evaluator""}"
sub_dd94cb6e03838d,cus_f3ae64f637b686,4570,price_755dd6df0577e9,29900,USD,year,active,2025-01-22 14:29:28.962682,2025-01-22 14:56:28.962682,2025-02-21 14:56:28.962682,False,,2025-01-15 14:56:28.962682,,"{""source"": ""linkedin"", ""archetype"": ""power_user""}"
sub_f733477cb29522,cus_3c863ff0647ec1,4583,price_4f553b38100f8a,29900,gbp,month,active,2025-02-15 16:54:22.166745,2025-02-15 17:09:22.166745,2025-03-17 17:09:22.166745,False,,,,"{""source"": ""organic"", ""archetype"": ""enterprise_evaluator""}"
sub_492c2879adfc2c,cus_1ba815697187e5,4584,price_9eac1fc6b16066,29900,USD,month,active,2025-01-15 08:57:59.236743,2025-01-15 09:09:59.236743,2025-02-14 09:09:59.236743,False,,2025-01-06 09:09:59.236743,,"{""source"": ""referral"", ""archetype"": ""power_user""}"
sub_8d1673a64c13c0,cus_b21dcc5469aa46,4588,price_61ed28985d8aea,19900,gbp,year,active,2025-01-20 07:41:12.103733,2025-01-20 08:04:12.103733,2025-02-19 08:04:12.103733,False,,,2025-01-20 08:04:12.103733,"{""source"": ""google_ads"", ""archetype"": ""power_user""}"
sub_6a7328e74874ad,cus_ef66b4cad1ba67,4589,price_7bb87d1ae3e6b9,2900,gbp,month,active,2025-02-24 02:17:07.656765,2025-02-24 02:26:07.656765,2025-03-26 02:26:07.656765,False,,,,"{""source"": ""partner"", ""archetype"": ""engaged_free""}"
sub_7480125607b7bc,cus_d37157f8e67c3d,4594,price_429104afb7390d,2900,usd,month,active,2025-01-06 16:59:11.381809,2025-01-06 17:19:11.381809,2025-02-05 17:19:11.381809,False,,2024-12-28 17:19:11.381809,2025-01-06 17:19:11.381809,"{""source"": ""google_ads"", ""archetype"": ""engaged_free""}"
sub_263e7e70cb77db,cus_e1c5f87969fa1c,4596,price_2e656718c65116,9900,GBP,month,active,2025-01-22 07:44:36.895880,2025-01-22 07:48:36.895880,2025-02-21 07:48:36.895880,False,,,,"{""source"": ""direct"", ""archetype"": ""power_user""}"
sub_15f0f89a9f0dfe,cus_19a7a97bfba66f,4613,price_6a3c7872742c51,19900,USD,month,active,2025-02-04 21:08:04.812812,2025-02-04 21:31:04.812812,2025-03-06 21:31:04.812812,False,,,2025-02-04 21:31:04.812812,"{""source"": ""linkedin"", ""archetype"": ""enterprise_evaluator""}"
sub_0e856ab5d9fba5,cus_11acd8d638a981,4617,price_d8f374d682d513,2900,usd,year,past_due,2025-01-20 17:25:37.197639,2025-01-20 17:29:37.197639,2025-02-19 17:29:37.197639,False,,,,"{""source"": ""linkedin"", ""archetype"": ""casual_explorer""}"
sub_a051b1a45a6ae2,cus_527f91fda7672b,4621,price_d96733f9e6c86e,29900,GBP,month,active,2025-01-21 12:39:42.636783,2025-01-21 12:54:42.636783,2025-02-20 12:54:42.636783,False,,,2025-01-21 12:54:42.636783,"{""source"": ""linkedin"", ""archetype"": ""enterprise_evaluator""}"
sub_d2ecfeb7e79c84,cus_19ecf121930357,4623,price_670418c6b77585,19900,GBP,month,active,2025-03-15 10:25:52.495747,2025-03-15 10:28:52.495747,2025-04-14 10:28:52.495747,False,,,,"{""source"": ""direct"", ""archetype"": ""enterprise_evaluator""}"
sub_7e3450ca8eaa97,cus_7bba2c9f376d85,4625,price_eafce764be53f2,2900,USD,month,active,2025-01-06 01:47:45.834841,2025-01-06 01:59:45.834841,2025-02-05 01:59:45.834841,False,,,,"{""source"": ""referral"", ""archetype"": ""engaged_free""}"
sub_d10766b25275c0,cus_d29eab2d26f381,4626,price_37b0663fe2a756,9900,eur,year,active,2025-01-11 02:44:15.371717,2025-01-11 02:58:15.371717,2025-02-10 02:58:15.371717,False,,,,"{""source"": ""linkedin"", ""archetype"": ""power_user""}"
sub_3c48664ddb0054,cus_1ab5674418488f,4646,price_6fa073a729e7d3,29900,Eur,year,past_due,2025-01-10 09:23:14.484192,2025-01-10 09:51:14.484192,2025-02-09 09:51:14.484192,False,,,,"{""source"": ""google_ads"", ""archetype"": ""enterprise_evaluator""}"
sub_c5adfeca67da2e,cus_b8f6082312f4ec,4647,price_a963679d076bde,2900,eur,month,active,2025-01-20 23:24:09.616410,2025-01-20 23:30:09.616410,2025-02-19 23:30:09.616410,False,,,2025-01-20 23:30:09.616410,"{""source"": ""organic"", ""archetype"": ""engaged_free""}"
sub_36bad5c0c3aa18,cus_351a1110a7535c,4672,price_a9a629507f95f4,9900,GBP,month,active,2025-01-26 11:58:18.100347,2025-01-26 12:25:18.100347,2025-02-25 12:25:18.100347,False,,,,"{""source"": ""google_ads"", ""archetype"": ""power_user""}"
sub_45246a118e0865,cus_cea5c654cf191e,4685,price_258def46952587,29900,USD,month,active,2025-01-26 16:51:38.004182,2025-01-26 16:58:38.004182,2025-02-25 16:58:38.004182,False,,,,"{""source"": ""referral"", ""archetype"": ""power_user""}"
sub_1db8953166f6e9,cus_bc6c194ff87949,4693,price_9888cfbe83a8fb,19900,Eur,month,active,2025-01-09 17:43:19.346216,2025-01-09 18:07:19.346216,2025-02-08 18:07:19.346216,False,,,,"{""source"": ""referral"", ""archetype"": ""power_user""}"
sub_1f2ed348fe6b5a,cus_20918db8e07b22,4696,price_0861496047c204,19900,Eur,month,active,2025-01-16 16:37:00.017470,2025-01-16 16:53:00.017470,2025-02-15 16:53:00.017470,False,,,,"{""source"": ""referral"", ""archetype"": ""power_user""}"
sub_b57c2378310a47,cus_99ded761c4be8c,4700,price_068e36a0d794e3,4900,GBP,month,unpaid,2025-01-09 02:16:09.115962,2025-01-09 02:40:09.115962,2025-02-08 02:40:09.115962,False,,,2025-01-09 02:40:09.115962,"{""source"": ""direct"", ""archetype"": ""engaged_free""}"
sub_e463bc2fefa9f1,cus_69d23e25ef35b1,4703,price_ff74f3e8dac7e2,9900,eur,month,active,2025-01-17 22:13:23.862596,2025-01-17 22:41:23.862596,2025-02-16 22:41:23.862596,False,,,2025-01-17 22:41:23.862596,"{""source"": ""google_ads"", ""archetype"": ""power_user""}"
sub_1135ef9f6d35da,cus_592c7ab49a484a,4705,price_dfdfd065e2df9c,2900,eur,month,active,2025-02-11 06:56:57.206591,2025-02-11 07:06:57.206591,2025-03-13 07:06:57.206591,False,,,,"{""source"": ""direct"", ""archetype"": ""support_heavy""}"
sub_0c4a2bc9bb286c,cus_0bffd2e221e001,4706,price_3de6b81621ad03,29900,GBP,month,past_due,2025-01-26 22:06:41.716718,2025-01-26 22:35:41.716718,2025-02-25 22:35:41.716718,False,,2025-01-15 22:35:41.716718,,"{""source"": ""partner"", ""archetype"": ""power_user""}"
sub_d1b159aa5a76bd,cus_8591ce0ecb971e,4713,price_7bb2a582283fe9,19900,GBP,year,active,2025-02-24 17:38:07.685023,2025-02-24 18:05:07.685023,2025-03-26 18:05:07.685023,False,,,2025-02-24 18:05:07.685023,"{""source"": ""google_ads"", ""archetype"": ""enterprise_evaluator""}"
sub_688ed9cce0023f,cus_476c1211e86df9,4725,price_084e2600b1dfb5,19900,GBP,month,active,2025-01-08 05:18:03.363087,2025-01-08 05:44:03.363087,2025-02-07 05:44:03.363087,False,,,,"{""source"": ""direct"", ""archetype"": ""power_user""}"
sub_5bef595a5b57af,cus_4785bcc312ea08,4736,price_8be51a187cc152,4900,eur,month,canceled,2025-02-02 16:39:44.051487,2025-02-02 17:08:44.051487,2025-03-04 17:08:44.051487,True,2025-03-11 00:48:54.615197,,2025-02-02 17:08:44.051487,"{""source"": ""linkedin"", ""archetype"": ""engaged_free""}"
sub_21ad276e257319,cus_6bbcd221a862d3,4755,price_d6cae91e63a518,29900,usd,month,canceled,2025-01-28 00:16:36.366373,2025-01-28 00:38:36.366373,2025-02-27 00:38:36.366373,True,2025-02-07 14:13:17.840441,2025-01-19 00:38:36.366373,2025-01-28 00:38:36.366373,"{""source"": ""organic"", ""archetype"": ""enterprise_evaluator""}"
sub_f78bf62d746fa6,cus_70572adf30482a,4756,price_1fd6268172785e,4900,GBP,month,active,2025-01-17 20:47:38.087056,2025-01-17 20:58:38.087056,2025-02-16 20:58:38.087056,False,,,,"{""source"": ""direct"", ""archetype"": ""engaged_free""}"
sub_1bc92c0da284fa,cus_072eec0f26c0c2,4767,price_ddbfac2a522f40,29900,GBP,month,unpaid,2025-01-08 17:25:45.629058,2025-01-08 17:45:45.629058,2025-02-07 17:45:45.629058,False,,2025-01-01 17:45:45.629058,,"{""source"": ""direct"", ""archetype"": ""power_user""}"
sub_5a93c89e865a7a,cus_8bc3ff79b691fc,4774,price_22affce4261696,9900,GBP,month,active,2025-02-08 11:34:34.578852,2025-02-08 11:52:34.578852,2025-03-10 11:52:34.578852,False,,,,"{""source"": ""partner"", ""archetype"": ""power_user""}"
sub_105c62aba969c1,cus_a087df52644d63,4775,price_5d1c4e6ef1a43b,4900,gbp,year,active,2025-04-15 15:23:56.498571,2025-04-15 15:45:56.498571,2025-05-15 15:45:56.498571,False,,,,"{""source"": ""referral"", ""archetype"": ""engaged_free""}"
sub_1c6e81859bdc4a,cus_be36c259cf7f41,4777,price_8d6ee2c7f83965,29900,GBP,year,active,2025-01-29 06:26:42.605478,2025-01-29 06:46:42.605478,2025-02-28 06:46:42.605478,False,,2025-01-20 06:46:42.605478,,"{""source"": ""direct"", ""archetype"": ""enterprise_evaluator""}"
sub_4a1f63c960936d,cus_843208b6197782,4778,price_c00e4634a26474,29900,Eur,month,active,2025-01-07 11:13:33.305991,2025-01-07 11:34:33.305991,2025-02-06 11:34:33.305991,False,,,,"{""source"": ""partner"", ""archetype"": ""enterprise_evaluator""}"
sub_dd281f078db3f9,cus_e6838a7fd2e136,4785,price_0dcc5c2a862937,29900,USD,year,active,2025-01-15 20:59:02.532512,2025-01-15 21:12:02.532512,2025-02-14 21:12:02.532512,False,,,2025-01-15 21:12:02.532512,"{""source"": ""linkedin"", ""archetype"": ""enterprise_evaluator""}"
sub_5ae03cf6e2af99,cus_dd950fa30bb184,4796,price_ceaf36a9737cf8,29900,GBP,month,active,2025-02-19 22:58:36.305665,2025-02-19 23:07:36.305665,2025-03-21 23:07:36.305665,False,,,,"{""source"": ""referral"", ""archetype"": ""power_user""}"
sub_497df379e89543,cus_852088d5e2602f,4801,price_01768d50723985,2900,Eur,month,active,2025-01-10 23:53:33.583859,2025-01-11 00:02:33.583859,2025-02-10 00:02:33.583859,False,,2024-12-28 00:02:33.583859,,"{""source"": ""direct"", ""archetype"": ""casual_explorer""}"
sub_33f1546dd35aa1,cus_ee596c265b27e0,4803,price_17b95bf9135ba9,29900,usd,month,active,2025-02-28 18:50:46.949599,2025-02-28 18:52:46.949599,2025-03-30 18:52:46.949599,False,,,,"{""source"": ""referral"", ""archetype"": ""enterprise_evaluator""}"
sub_908367e88dbc8e,cus_040d0ce2d8ec8c,4811,price_50492ba7466ee7,4900,eur,month,active,2025-02-15 23:19:08.028981,2025-02-15 23:49:08.028981,2025-03-17 23:49:08.028981,False,,2025-02-07 23:49:08.028981,,"{""source"": ""direct"", ""archetype"": ""engaged_free""}"
sub_166b550cb3e2ad,cus_71f0d1d215694c,4820,price_0cf7acd86f81ba,29900,USD,year,active,2025-01-24 19:46:22.907666,2025-01-24 20:07:22.907666,2025-02-23 20:07:22.907666,False,,,,"{""source"": ""referral"", ""archetype"": ""power_user""}"
sub_3c5c5ac264048d,cus_ec55b249e1837c,4821,price_fbcdcc67946551,19900,GBP,year,active,2025-02-06 07:49:16.430164,2025-02-06 08:16:16.430164,2025-03-08 08:16:16.430164,False,,2025-01-28 08:16:16.430164,2025-02-06 08:16:16.430164,"{""source"": ""organic"", ""archetype"": ""enterprise_evaluator""}"
sub_cfe93907a20ad7,cus_b4d01b5b4a70bf,4826,price_b4d15da7a795f7,19900,Eur,month,active,2025-01-18 21:29:58.486661,2025-01-18 21:55:58.486661,2025-02-17 21:55:58.486661,False,,,,"{""source"": ""organic"", ""archetype"": ""enterprise_evaluator""}"
sub_ac74f33195b5e2,cus_af0cb33b4d0eb3,4833,price_671d7da9111563,9900,GBP,month,active,2025-02-08 10:05:09.856965,2025-02-08 10:33:09.856965,2025-03-10 10:33:09.856965,False,,2025-01-29 10:33:09.856965,,"{""source"": ""linkedin"", ""archetype"": ""power_user""}"
sub_540bc7fb7c7184,cus_86201482582625,4835,price_5e62cfc3d9a0f3,29900,usd,month,active,2025-02-11 11:52:14.096043,2025-02-11 12:17:14.096043,2025-03-13 12:17:14.096043,False,,,2025-02-11 12:17:14.096043,"{""source"": ""organic"", ""archetype"": ""power_user""}"
sub_11c35bd04e093d,cus_724a28f5fa15e8,4868,price_214096d19ba8b0,19900,usd,month,active,2025-01-17 10:05:53.003496,2025-01-17 10:22:53.003496,2025-02-16 10:22:53.003496,False,,,,"{""source"": ""linkedin"", ""archetype"": ""power_user""}"
sub_61752a6a437187,cus_609317eec5f4c3,4888,price_fcf2a93beea9c4,9900,GBP,year,active,2025-01-31 03:19:11.491907,2025-01-31 03:46:11.491907,2025-03-02 03:46:11.491907,False,,2025-01-24 03:46:11.491907,,"{""source"": ""partner"", ""archetype"": ""power_user""}"
sub_1f751dfc91e3e8,cus_0b3adf2ac32eb9,4889,price_e780ec9182a6ce,9900,gbp,month,active,2025-01-24 21:16:02.746292,2025-01-24 21:37:02.746292,2025-02-23 21:37:02.746292,False,,,,"{""source"": ""direct"", ""archetype"": ""power_user""}"
sub_4cfceb2d87bf18,cus_63e7ca8db02ca9,4892,price_73f05675b38b42,9900,GBP,year,active,2025-01-09 10:55:39.076867,2025-01-09 11:16:39.076867,2025-02-08 11:16:39.076867,False,,,,"{""source"": ""partner"", ""archetype"": ""power_user""}"
sub_3fca5862bc2ed5,cus_f1f8a75c8bcbf1,4893,price_4dc92888cf233d,19900,eur,month,active,2025-02-09 19:51:12.962393,2025-02-09 20:11:12.962393,2025-03-11 20:11:12.962393,False,,2025-01-30 20:11:12.962393,,"{""source"": ""organic"", ""archetype"": ""power_user""}"
sub_a66ff4fc5194db,cus_65ebdf087e89e1,4901,price_c1f12b8318cd70,29900,USD,month,active,2025-02-08 21:11:36.361270,2025-02-08 21:13:36.361270,2025-03-10 21:13:36.361270,False,,,,"{""source"": ""direct"", ""archetype"": ""power_user""}"
sub_4f066f123c18f9,cus_3508c811a398ed,4903,price_9f13094764d44f,4900,Eur,month,active,2025-01-20 10:26:42.159366,2025-01-20 10:27:42.159366,2025-02-19 10:27:42.159366,False,,,2025-01-20 10:27:42.159366,"{""source"": ""direct"", ""archetype"": ""engaged_free""}"
sub_0b5c4474307c1b,cus_2d2466a22f019e,4921,price_6b7e319b321549,19900,usd,month,active,2025-01-05 22:02:47.445817,2025-01-05 22:24:47.445817,2025-02-04 22:24:47.445817,False,,,2025-01-05 22:24:47.445817,"{""source"": ""linkedin"", ""archetype"": ""power_user""}"
sub_b15b868d00ec7c,cus_2c5ff7e447c6f5,4922,price_b249df9ea58de8,19900,usd,month,active,2025-01-16 22:55:21.845357,2025-01-16 23:12:21.845357,2025-02-15 23:12:21.845357,False,,2025-01-06 23:12:21.845357,2025-01-16 23:12:21.845357,"{""source"": ""google_ads"", ""archetype"": ""power_user""}"
sub_2d8c24b5a2acde,cus_f65bc60a0d4154,4924,price_861448190c45b1,29900,gbp,month,active,2025-01-17 15:38:26.957709,2025-01-17 15:45:26.957709,2025-02-16 15:45:26.957709,False,,2025-01-04 15:45:26.957709,,"{""source"": ""linkedin"", ""archetype"": ""enterprise_evaluator""}"
sub_524131b0813726,cus_00db5ee8768bc7,4925,price_e0c54ba606b697,19900,gbp,month,active,2025-01-12 13:14:21.490064,2025-01-12 13:32:21.490064,2025-02-11 13:32:21.490064,False,,,,"{""source"": ""referral"", ""archetype"": ""power_user""}"
sub_b4fd673416a518,cus_5b78ab6626e8f7,4926,price_730a496ebffda9,2900,usd,month,active,2025-02-11 13:22:38.976921,2025-02-11 13:36:38.976921,2025-03-13 13:36:38.976921,False,,,,"{""source"": ""google_ads"", ""archetype"": ""engaged_free""}"
sub_8778941bcf2a4d,cus_36f04d7c01f573,4933,price_ed51cfc1b38155,4900,Eur,month,unpaid,2025-01-20 22:48:59.702949,2025-01-20 23:18:59.702949,2025-02-19 23:18:59.702949,False,,,,"{""source"": ""partner"", ""archetype"": ""support_heavy""}"
sub_e5fff399a18c7b,cus_c27bb153c14ba9,4935,price_345fff1b04b616,29900,eur,month,active,2025-02-27 06:02:34.842067,2025-02-27 06:30:34.842067,2025-03-29 06:30:34.842067,False,,,,"{""source"": ""organic"", ""archetype"": ""enterprise_evaluator""}"
sub_188980ca6af746,cus_aab1b4c431c421,4936,price_28df9debcc7045,29900,eur,year,active,2025-02-26 15:20:22.894071,2025-02-26 15:42:22.894071,2025-03-28 15:42:22.894071,False,,,2025-02-26 15:42:22.894071,"{""source"": ""google_ads"", ""archetype"": ""enterprise_evaluator""}"
sub_ce2d69e3251cd3,cus_0b4b3eeef6b95e,4938,price_a95f13c98008ed,19900,eur,year,active,2025-01-03 07:52:29.540462,2025-01-03 07:56:29.540462,2025-02-02 07:56:29.540462,False,,2024-12-27 07:56:29.540462,,"{""source"": ""referral"", ""archetype"": ""power_user""}"
sub_38dbe0b7e5a614,cus_9c05a3d2361c54,4940,price_30d0d097f4ad76,19900,eur,month,active,2025-02-12 14:34:21.831195,2025-02-12 15:02:21.831195,2025-03-14 15:02:21.831195,False,,,,"{""source"": ""partner"", ""archetype"": ""enterprise_evaluator""}"
sub_c637d2a5693edb,cus_b3b901efc194a8,4941,price_45201bc921e126,19900,gbp,month,active,2025-01-25 10:28:03.304777,2025-01-25 10:50:03.304777,2025-02-24 10:50:03.304777,False,,2025-01-18 10:50:03.304777,,"{""source"": ""google_ads"", ""archetype"": ""enterprise_evaluator""}"
sub_754f1fec0d9f65,cus_02206077872a85,4947,price_a5c5a196e7a8a5,4900,USD,month,active,2025-01-21 04:00:15.540376,2025-01-21 04:05:15.540376,2025-02-20 04:05:15.540376,False,,,,"{""source"": ""organic"", ""archetype"": ""engaged_free""}"
sub_08715057294bdf,cus_1e1aee9164b4b6,4973,price_6e2c70c40d6307,4900,gbp,year,active,2025-01-28 07:15:59.680591,2025-01-28 07:29:59.680591,2025-02-27 07:29:59.680591,False,,2025-01-16 07:29:59.680591,,"{""source"": ""referral"", ""archetype"": ""engaged_free""}"
sub_cf900f94c7b6a8,cus_cc464028fe18cb,4978,price_184d416d2b52d2,4900,usd,month,unpaid,2025-02-07 04:07:57.435305,2025-02-07 04:11:57.435305,2025-03-09 04:11:57.435305,False,,2025-01-29 04:11:57.435305,,"{""source"": ""linkedin"", ""archetype"": ""engaged_free""}"
sub_f5f738411f3a21,cus_8455ac0c5ead4b,4979,price_3cfa56dab75ac6,29900,USD,month,active,2025-02-08 22:52:31.456874,2025-02-08 23:11:31.456874,2025-03-10 23:11:31.456874,False,,,,"{""source"": ""organic"", ""archetype"": ""power_user""}"
sub_0c0cee3ef71925,cus_aba2bab921fb46,4980,price_6cd60103ae4115,29900,usd,month,active,2025-04-16 01:32:07.532103,2025-04-16 01:35:07.532103,2025-05-16 01:35:07.532103,False,,2025-04-05 01:35:07.532103,,"{""source"": ""google_ads"", ""archetype"": ""enterprise_evaluator""}"
sub_aefc2150848d32,cus_864472c88f2e43,4981,price_384302386d2010,4900,usd,month,unpaid,2025-01-12 07:32:15.288390,2025-01-12 07:56:15.288390,2025-02-11 07:56:15.288390,False,,2024-12-30 07:56:15.288390,,"{""source"": ""referral"", ""archetype"": ""engaged_free""}"
sub_6e7d6065feab15,cus_09cc1c3743f6e2,4983,price_f6cfc96f2ab3ae,2900,Eur,year,active,2025-01-19 04:27:28.927296,2025-01-19 04:41:28.927296,2025-02-18 04:41:28.927296,False,,,,"{""source"": ""partner"", ""archetype"": ""engaged_free""}"
sub_97197612cacc77,cus_45d618661885e4,4984,price_26f93f539913ea,4900,USD,month,active,2025-02-11 02:10:03.880571,2025-02-11 02:30:03.880571,2025-03-13 02:30:03.880571,False,,2025-01-29 02:30:03.880571,,"{""source"": ""partner"", ""archetype"": ""engaged_free""}"
sub_d3fbfa474f5853,cus_528d7ab91b637f,4985,price_63de85500786cb,19900,GBP,year,active,2025-01-29 22:33:16.251045,2025-01-29 22:46:16.251045,2025-02-28 22:46:16.251045,False,,2025-01-21 22:46:16.251045,,"{""source"": ""organic"", ""archetype"": ""enterprise_evaluator""}"
sub_af4e3e66c019f2,cus_e3b4bfbb5679e5,4994,price_4049e85d669f04,19900,gbp,month,active,2025-02-18 00:20:23.037083,2025-02-18 00:24:23.037083,2025-03-20 00:24:23.037083,False,,2025-02-04 00:24:23.037083,,"{""source"": ""google_ads"", ""archetype"": ""enterprise_evaluator""}"
sub_c3a76f09622b99,cus_e7bf9bd203af28,4995,price_0f505872f96724,19900,GBP,year,active,2025-03-02 01:43:46.951688,2025-03-02 01:46:46.951688,2025-04-01 01:46:46.951688,False,,2025-02-20 01:46:46.951688,2025-03-02 01:46:46.951688,"{""source"": ""organic"", ""archetype"": ""enterprise_evaluator""}"
sub_c92f399a80a4c1,cus_28947c4fa18a22,5009,price_eee48517b9b43e,9900,eur,month,unpaid,2025-01-28 02:15:16.715515,2025-01-28 02:41:16.715515,2025-02-27 02:41:16.715515,False,,,,"{""source"": ""linkedin"", ""archetype"": ""power_user""}"
sub_d042b6b3467b62,cus_2e5ae4d24af5b5,5010,price_d14b3bd7be4f4f,29900,usd,month,canceled,2025-01-22 23:17:28.320174,2025-01-22 23:19:28.320174,2025-02-21 23:19:28.320174,True,2025-01-23 03:00:30.841809,,,"{""source"": ""partner"", ""archetype"": ""power_user""}"
sub_4551828b2c400a,cus_473ce22ea9ac3f,5014,price_bbd89fb2856efd,19900,gbp,year,active,2025-01-29 14:30:21.848760,2025-01-29 14:59:21.848760,2025-02-28 14:59:21.848760,False,,,,"{""source"": ""organic"", ""archetype"": ""enterprise_evaluator""}"
sub_dbbcf9e5f0f3f2,cus_6cb82c25813c13,5017,price_2dfc655aae351b,9900,eur,month,active,2025-02-04 04:05:40.692824,2025-02-04 04:25:40.692824,2025-03-06 04:25:40.692824,False,,2025-01-22 04:25:40.692824,2025-02-04 04:25:40.692824,"{""source"": ""google_ads"", ""archetype"": ""power_user""}"
sub_f62048829da9fa,cus_980cc31f7e5b9f,5030,price_9e1a798147ebd7,29900,GBP,year,active,2025-01-06 07:16:03.828386,2025-01-06 07:21:03.828386,2025-02-05 07:21:03.828386,False,,2024-12-25 07:21:03.828386,2025-01-06 07:21:03.828386,"{""source"": ""google_ads"", ""archetype"": ""power_user""}"
sub_aad6bdc86b47b2,cus_861b537dc708ea,5047,price_8c7a5347ed8422,29900,Eur,year,active,2025-01-07 20:57:21.402290,2025-01-07 21:15:21.402290,2025-02-06 21:15:21.402290,False,,,2025-01-07 21:15:21.402290,"{""source"": ""direct"", ""archetype"": ""power_user""}"
sub_af7b56b9cbd9b3,cus_e7ddbd29f21224,5050,price_590c85f1cc54e3,29900,gbp,year,active,2025-01-04 05:00:46.848990,2025-01-04 05:19:46.848990,2025-02-03 05:19:46.848990,False,,,,"{""source"": ""partner"", ""archetype"": ""enterprise_evaluator""}"
sub_78ef07e1a3db2b,cus_24d939ee9275bd,5052,price_3599d304a6723e,9900,Eur,month,active,2025-01-09 06:58:19.658408,2025-01-09 07:12:19.658408,2025-02-08 07:12:19.658408,False,,,,"{""source"": ""referral"", ""archetype"": ""power_user""}"
sub_34fd1075750951,cus_d51598d2dad1d2,5058,price_4ade11328f4d48,9900,eur,year,active,2025-01-22 07:09:20.847577,2025-01-22 07:17:20.847577,2025-02-21 07:17:20.847577,False,,2025-01-08 07:17:20.847577,,"{""source"": ""linkedin"", ""archetype"": ""power_user""}"
sub_082778032dad4f,cus_8a2a59983e0a70,5070,price_c110c33126f72b,29900,USD,month,active,2025-01-17 01:38:52.720286,2025-01-17 01:47:52.720286,2025-02-16 01:47:52.720286,False,,2025-01-07 01:47:52.720286,2025-01-17 01:47:52.720286,"{""source"": ""direct"", ""archetype"": ""power_user""}"
sub_7d92089c543092,cus_f2c35dc5453a6c,5073,price_d3f9517ad6ea03,19900,Eur,month,active,2025-02-17 22:08:27.146895,2025-02-17 22:20:27.146895,2025-03-19 22:20:27.146895,False,,,2025-02-17 22:20:27.146895,"{""source"": ""partner"", ""archetype"": ""power_user""}"
sub_6130043b4224ef,cus_b55f6e344933b8,5081,price_b3a73a01af848c,29900,gbp,month,active,2025-01-29 22:18:49.991840,2025-01-29 22:29:49.991840,2025-02-28 22:29:49.991840,False,,2025-01-20 22:29:49.991840,,"{""source"": ""linkedin"", ""archetype"": ""enterprise_evaluator""}"
sub_c306c874cf4cfd,cus_62742e363ffa72,5097,price_f41696b5867b3f,4900,GBP,year,past_due,2025-01-13 14:08:19.287341,2025-01-13 14:15:19.287341,2025-02-12 14:15:19.287341,False,,2025-01-06 14:15:19.287341,,"{""source"": ""referral"", ""archetype"": ""engaged_free""}"
sub_2c967fad469774,cus_ffa70fa771e648,5098,price_d40166a97b4ded,29900,USD,year,active,2025-01-17 02:03:48.337128,2025-01-17 02:27:48.337128,2025-02-16 02:27:48.337128,False,,2025-01-10 02:27:48.337128,2025-01-17 02:27:48.337128,"{""source"": ""partner"", ""archetype"": ""enterprise_evaluator""}"
sub_445b65142333d8,cus_5075b33f4d6331,5103,price_700a2e8eb5456a,29900,eur,year,active,2025-01-09 03:34:55.097534,2025-01-09 03:46:55.097534,2025-02-08 03:46:55.097534,False,,,,"{""source"": ""referral"", ""archetype"": ""enterprise_evaluator""}"
sub_424fc4a0c3152f,cus_ac4f951e3174c2,5117,price_29eab7dd0da4d7,29900,USD,month,active,2025-01-28 06:00:36.338806,2025-01-28 06:09:36.338806,2025-02-27 06:09:36.338806,False,,,,"{""source"": ""organic"", ""archetype"": ""power_user""}"
sub_ce74143b54c27d,cus_b33d4882421769,5119,price_7103ea53af9bef,19900,usd,month,active,2025-01-07 16:06:58.734260,2025-01-07 16:35:58.734260,2025-02-06 16:35:58.734260,False,,,,"{""source"": ""linkedin"", ""archetype"": ""enterprise_evaluator""}"
sub_3e257a1b2f1802,cus_127f043291355d,5122,price_3c566094d8f57d,19900,gbp,month,active,2025-01-11 08:45:19.165405,2025-01-11 08:54:19.165405,2025-02-10 08:54:19.165405,False,,2025-01-01 08:54:19.165405,,"{""source"": ""partner"", ""archetype"": ""enterprise_evaluator""}"
sub_d63775f6d320d7,cus_431257d446acc8,5137,price_0523c09e1c5e6a,29900,Eur,year,canceled,2025-01-15 02:00:29.314897,2025-01-15 02:23:29.314897,2025-02-14 02:23:29.314897,True,2025-02-18 06:38:16.128017,2025-01-07 02:23:29.314897,,"{""source"": ""linkedin"", ""archetype"": ""enterprise_evaluator""}"
sub_75efea2005dfe9,cus_ada0fd47796af0,5143,price_4beae2f84104cf,2900,Eur,month,canceled,2025-02-09 02:47:31.599685,2025-02-09 03:04:31.599685,2025-03-11 03:04:31.599685,True,2025-02-22 15:25:58.606829,,,"{""source"": ""organic"", ""archetype"": ""casual_explorer""}"
sub_b805f3a8d9a436,cus_0133f1930c5203,5147,price_7a00add95dccd2,9900,GBP,month,active,2025-01-04 11:55:36.004812,2025-01-04 12:16:36.004812,2025-02-03 12:16:36.004812,False,,,,"{""source"": ""direct"", ""archetype"": ""power_user""}"
sub_756fec69fbb5b1,cus_e70d226125d620,5149,price_95cdbdbb1c0525,29900,Eur,month,active,2025-01-19 12:42:37.272359,2025-01-19 12:43:37.272359,2025-02-18 12:43:37.272359,False,,,,"{""source"": ""referral"", ""archetype"": ""enterprise_evaluator""}"
sub_6ccfa3727050b8,cus_c425a6ec0f50dd,5155,price_281ffd0143f9fc,29900,GBP,month,active,2025-01-18 22:41:40.130802,2025-01-18 22:45:40.130802,2025-02-17 22:45:40.130802,False,,,,"{""source"": ""linkedin"", ""archetype"": ""enterprise_evaluator""}"
sub_bd84e83f236a62,cus_f6133ec0fb97cd,5175,price_81628a4c92b5f5,9900,USD,year,active,2025-02-17 02:47:42.432160,2025-02-17 03:15:42.432160,2025-03-19 03:15:42.432160,False,,,,"{""source"": ""linkedin"", ""archetype"": ""power_user""}"
sub_35859184c0e404,cus_5afe722681da5c,5187,price_7a475a04fe32d0,29900,eur,month,active,2025-02-10 23:00:46.043108,2025-02-10 23:16:46.043108,2025-03-12 23:16:46.043108,False,,2025-01-27 23:16:46.043108,,"{""source"": ""linkedin"", ""archetype"": ""power_user""}"
sub_5f011fcf48c7db,cus_5cf1950596d801,5191,price_48b0c8c932e9f7,19900,eur,month,active,2025-01-14 19:15:18.186595,2025-01-14 19:16:18.186595,2025-02-13 19:16:18.186595,False,,,2025-01-14 19:16:18.186595,"{""source"": ""google_ads"", ""archetype"": ""enterprise_evaluator""}"
sub_ba9e87da2f7ebd,cus_bec4ebdc3b67e0,5212,price_60739e1cdacf8c,19900,usd,month,active,2025-02-12 10:24:02.057389,2025-02-12 10:36:02.057389,2025-03-14 10:36:02.057389,False,,2025-01-29 10:36:02.057389,,"{""source"": ""partner"", ""archetype"": ""power_user""}"
sub_a22aff76a44b66,cus_50a4387384b9bf,5213,price_93df1b34b5421c,9900,usd,year,active,2025-01-09 13:15:36.501412,2025-01-09 13:30:36.501412,2025-02-08 13:30:36.501412,False,,,,"{""source"": ""direct"", ""archetype"": ""power_user""}"
sub_bf18fd517802b8,cus_aa6563e44595d2,5215,price_be64b8914c34e6,2900,GBP,month,active,2025-01-05 17:30:16.004448,2025-01-05 17:41:16.004448,2025-02-04 17:41:16.004448,False,,,,"{""source"": ""google_ads"", ""archetype"": ""engaged_free""}"
sub_170b16eed04d01,cus_b8fae25f051633,5216,price_f169eb43afbf04,29900,eur,month,unpaid,2025-01-06 11:30:57.024410,2025-01-06 11:54:57.024410,2025-02-05 11:54:57.024410,False,,,,"{""source"": ""linkedin"", ""archetype"": ""enterprise_evaluator""}"
sub_8c972ce60fcca2,cus_c0a63ac6c2f078,5217,price_29386d2d819aea,29900,gbp,month,unpaid,2025-02-04 01:36:07.626877,2025-02-04 02:03:07.626877,2025-03-06 02:03:07.626877,False,,,,"{""source"": ""partner"", ""archetype"": ""enterprise_evaluator""}"
sub_c4dbb5846025dc,cus_0e38aa62470110,5219,price_6071a2de680cad,9900,USD,month,active,2025-01-26 10:08:51.867433,2025-01-26 10:28:51.867433,2025-02-25 10:28:51.867433,False,,2025-01-14 10:28:51.867433,2025-01-26 10:28:51.867433,"{""source"": ""linkedin"", ""archetype"": ""power_user""}"
sub_f5ad563e1ef7ad,cus_ff7c0d24724324,5244,price_ccbd7eb122dc99,29900,gbp,month,past_due,2025-01-11 19:28:20.125033,2025-01-11 19:31:20.125033,2025-02-10 19:31:20.125033,False,,,,"{""source"": ""partner"", ""archetype"": ""enterprise_evaluator""}"
sub_0450e1b95046e8,cus_b976e0409687fb,5248,price_f5cb5c57a43ca3,19900,USD,month,active,2025-02-05 08:36:08.307294,2025-02-05 08:37:08.307294,2025-03-07 08:37:08.307294,False,,,2025-02-05 08:37:08.307294,"{""source"": ""partner"", ""archetype"": ""power_user""}"
sub_b75c39a6103d65,cus_3c31e01830220e,5249,price_21af305d67c327,29900,USD,month,active,2025-01-23 09:50:29.428393,2025-01-23 10:03:29.428393,2025-02-22 10:03:29.428393,False,,,,"{""source"": ""google_ads"", ""archetype"": ""power_user""}"
sub_e3406adc01ea6c,cus_b199243d1b7290,5251,price_a4340d984c33bd,19900,Eur,month,active,2025-01-08 16:58:38.148541,2025-01-08 17:00:38.148541,2025-02-07 17:00:38.148541,False,,,,"{""source"": ""direct"", ""archetype"": ""enterprise_evaluator""}"
sub_7cfe0c87a58651,cus_f95b507ffe1daa,5257,price_78d030b719bbf3,2900,eur,month,active,2025-01-27 02:16:17.964853,2025-01-27 02:46:17.964853,2025-02-26 02:46:17.964853,False,,,2025-01-27 02:46:17.964853,"{""source"": ""organic"", ""archetype"": ""engaged_free""}"
sub_3e860535f98af4,cus_9eec663eace755,5269,price_8d8911357483b1,29900,eur,month,active,2025-01-26 21:52:42.634552,2025-01-26 22:03:42.634552,2025-02-25 22:03:42.634552,False,,2025-01-15 22:03:42.634552,2025-01-26 22:03:42.634552,"{""source"": ""google_ads"", ""archetype"": ""power_user""}"
sub_85143402f7551a,cus_e0b40adfc05b79,5273,price_3cf07e626e7229,2900,USD,month,active,2025-01-11 05:16:49.364853,2025-01-11 05:38:49.364853,2025-02-10 05:38:49.364853,False,,,,"{""source"": ""linkedin"", ""archetype"": ""engaged_free""}"
sub_157c9798660a2b,cus_3da3645dfb3296,5274,price_9f0e2c08dd03a3,29900,GBP,month,active,2025-01-31 05:30:04.058945,2025-01-31 05:49:04.058945,2025-03-02 05:49:04.058945,False,,,,"{""source"": ""partner"", ""archetype"": ""power_user""}"
sub_ffd406e54fb1bb,cus_65b6827d5594de,5276,price_f89b83ba31a62c,19900,eur,month,unpaid,2025-01-16 12:23:34.390234,2025-01-16 12:43:34.390234,2025-02-15 12:43:34.390234,False,,,,"{""source"": ""linkedin"", ""archetype"": ""power_user""}"
sub_59f40d2656423e,cus_1030ca06c55c71,5279,price_369b0014bfea0f,19900,Eur,year,active,2025-02-20 08:12:44.485499,2025-02-20 08:34:44.485499,2025-03-22 08:34:44.485499,False,,2025-02-10 08:34:44.485499,,"{""source"": ""direct"", ""archetype"": ""enterprise_evaluator""}"
sub_6a150141e0e84f,cus_f0e3550f21482f,5284,price_bf0695bb37dd77,2900,usd,month,unpaid,2025-01-12 01:21:10.594923,2025-01-12 01:34:10.594923,2025-02-11 01:34:10.594923,False,,,,"{""source"": ""partner"", ""archetype"": ""casual_explorer""}"
sub_4889f25be8301b,cus_b15d8fdb84d673,5310,price_6476e3857b533c,29900,gbp,month,active,2025-03-15 20:51:30.338887,2025-03-15 20:52:30.338887,2025-04-14 20:52:30.338887,False,,,,"{""source"": ""direct"", ""archetype"": ""enterprise_evaluator""}"
sub_ab00a57ad945f0,cus_973cc8d245f038,5317,price_afb50952881a12,4900,eur,month,past_due,2025-01-08 15:34:50.414451,2025-01-08 15:37:50.414451,2025-02-07 15:37:50.414451,False,,,2025-01-08 15:37:50.414451,"{""source"": ""partner"", ""archetype"": ""casual_explorer""}"
sub_bf72ddd84e63d1,cus_a9b6d9403d49f1,5320,price_7480b4961f6fdc,9900,gbp,year,past_due,2025-01-30 14:00:20.573498,2025-01-30 14:21:20.573498,2025-03-01 14:21:20.573498,False,,,2025-01-30 14:21:20.573498,"{""source"": ""google_ads"", ""archetype"": ""power_user""}"
sub_75b2a1be978923,cus_e3a485a61ff078,5321,price_e014570a2caed2,2900,usd,year,active,2025-02-06 00:10:47.510311,2025-02-06 00:35:47.510311,2025-03-08 00:35:47.510311,False,,2025-01-30 00:35:47.510311,,"{""source"": ""linkedin"", ""archetype"": ""engaged_free""}"
sub_7f9dbd5040d5da,cus_417507b768a74c,5322,price_55a60aa6b925a3,19900,GBP,month,active,2025-01-23 09:48:54.121989,2025-01-23 09:58:54.121989,2025-02-22 09:58:54.121989,False,,,2025-01-23 09:58:54.121989,"{""source"": ""referral"", ""archetype"": ""enterprise_evaluator""}"
sub_98a91014c104a7,cus_3ef815749884f5,5328,price_3bb70b838217a0,29900,Eur,month,active,2025-02-19 11:26:36.324893,2025-02-19 11:34:36.324893,2025-03-21 11:34:36.324893,False,,,,"{""source"": ""direct"", ""archetype"": ""enterprise_evaluator""}"
sub_53ac81db85fc92,cus_2eb11552f780fe,5332,price_92aab8a93d50b0,4900,usd,year,active,2025-01-22 00:05:23.480079,2025-01-22 00:20:23.480079,2025-02-21 00:20:23.480079,False,,,2025-01-22 00:20:23.480079,"{""source"": ""direct"", ""archetype"": ""engaged_free""}"
sub_8183ede2b7f4e4,cus_2ea42a0ec6df56,5346,price_3dc6e7eb6f4ac9,29900,gbp,month,active,2025-01-28 05:44:33.765399,2025-01-28 05:50:33.765399,2025-02-27 05:50:33.765399,False,,,,"{""source"": ""partner"", ""archetype"": ""enterprise_evaluator""}"
sub_e24e2d3ef64d15,cus_7861d560ec147c,5353,price_8be3990b079619,2900,Eur,month,unpaid,2025-01-23 11:04:30.795602,2025-01-23 11:06:30.795602,2025-02-22 11:06:30.795602,False,,,,"{""source"": ""referral"", ""archetype"": ""engaged_free""}"
sub_e7b0134147d013,cus_e108a1d0a7dbfc,5355,price_1559327f7cf70d,19900,GBP,month,canceled,2025-01-13 08:00:30.550657,2025-01-13 08:06:30.550657,2025-02-12 08:06:30.550657,True,2025-01-26 18:26:11.472136,2024-12-30 08:06:30.550657,,"{""source"": ""direct"", ""archetype"": ""power_user""}"
sub_6b466d66c24bc1,cus_d005e7142a89a1,5356,price_a6f8124c6bda68,29900,Eur,year,active,2025-01-13 00:03:59.305564,2025-01-13 00:21:59.305564,2025-02-12 00:21:59.305564,False,,,,"{""source"": ""google_ads"", ""archetype"": ""power_user""}"
sub_c590f40efd1995,cus_3a345ccfd2e5a5,5365,price_cc23e2e3a0efe1,9900,gbp,month,active,2025-01-10 22:56:06.132727,2025-01-10 23:02:06.132727,2025-02-09 23:02:06.132727,False,,,,"{""source"": ""google_ads"", ""archetype"": ""power_user""}"
sub_a70bc45868e9db,cus_d47619da7e9fc8,5366,price_3d2e63b1ff8add,29900,Eur,year,active,2025-02-10 20:51:08.386833,2025-02-10 21:11:08.386833,2025-03-12 21:11:08.386833,False,,,,"{""source"": ""google_ads"", ""archetype"": ""enterprise_evaluator""}"
sub_8402b90d73df99,cus_e768ef89b416f9,5377,price_eb3a3d3cc826bb,29900,eur,month,active,2025-02-19 02:57:13.045675,2025-02-19 03:12:13.045675,2025-03-21 03:12:13.045675,False,,2025-02-06 03:12:13.045675,,"{""source"": ""partner"", ""archetype"": ""power_user""}"
sub_bcb8ebe93571f0,cus_72146144ef7668,5383,price_1ab273a7521ba9,2900,Eur,month,canceled,2025-01-08 03:23:25.646972,2025-01-08 03:33:25.646972,2025-02-07 03:33:25.646972,True,2025-01-11 21:29:22.716880,2024-12-30 03:33:25.646972,,"{""source"": ""partner"", ""archetype"": ""engaged_free""}"
sub_43fdaa6bcd407e,cus_6bf46515582d3e,5388,price_c33ad824285b6e,2900,GBP,year,active,2025-01-11 21:31:56.293264,2025-01-11 21:32:56.293264,2025-02-10 21:32:56.293264,False,,,,"{""source"": ""partner"", ""archetype"": ""engaged_free""}"
sub_597dff5c0b8259,cus_276c162634fb4c,5392,price_dfa0d998fbdb7b,9900,eur,month,active,2025-02-01 19:16:55.487803,2025-02-01 19:28:55.487803,2025-03-03 19:28:55.487803,False,,2025-01-21 19:28:55.487803,,"{""source"": ""linkedin"", ""archetype"": ""power_user""}"
sub_36c5aba0ad8ec7,cus_3d170fad0e8dd8,5395,price_b9f46e05535fc5,19900,gbp,year,canceled,2025-02-21 19:08:35.086861,2025-02-21 19:15:35.086861,2025-03-23 19:15:35.086861,True,2025-03-30 12:49:15.032062,,,"{""source"": ""google_ads"", ""archetype"": ""enterprise_evaluator""}"
sub_5b1a4affb57f3d,cus_b8dcebd0316e41,5405,price_f786be3ff9b4f1,29900,eur,year,active,2025-01-11 15:33:13.915712,2025-01-11 15:39:13.915712,2025-02-10 15:39:13.915712,False,,2025-01-01 15:39:13.915712,,"{""source"": ""partner"", ""archetype"": ""power_user""}"
sub_95455b2534da73,cus_6c8acc959b4cf2,5412,price_f227c9e10e6fb6,29900,eur,month,active,2025-02-06 05:58:33.323371,2025-02-06 06:03:33.323371,2025-03-08 06:03:33.323371,False,,2025-01-23 06:03:33.323371,,"{""source"": ""organic"", ""archetype"": ""power_user""}"
sub_1ccb669c704600,cus_3e24f693c4c365,5415,price_e604860bd12b53,19900,Eur,month,active,2025-01-08 17:16:25.646086,2025-01-08 17:20:25.646086,2025-02-07 17:20:25.646086,False,,,,"{""source"": ""partner"", ""archetype"": ""enterprise_evaluator""}"
sub_8d8eaf6584fac7,cus_5a3391c4d33cd8,5417,price_37dd6ddd471c86,9900,Eur,month,active,2025-01-28 15:59:14.486317,2025-01-28 16:06:14.486317,2025-02-27 16:06:14.486317,False,,,2025-01-28 16:06:14.486317,"{""source"": ""partner"", ""archetype"": ""power_user""}"
sub_5eb080275cacd2,cus_aa85e410458f67,5419,price_a8f731e57a99d0,29900,gbp,month,active,2025-02-03 10:22:03.265323,2025-02-03 10:40:03.265323,2025-03-05 10:40:03.265323,False,,,,"{""source"": ""organic"", ""archetype"": ""enterprise_evaluator""}"
sub_80d81ff8aecc3d,cus_b4f0dd0a557eb3,5441,price_732c7f919b8b1d,9900,eur,year,active,2025-01-19 20:13:11.858380,2025-01-19 20:24:11.858380,2025-02-18 20:24:11.858380,False,,2025-01-08 20:24:11.858380,2025-01-19 20:24:11.858380,"{""source"": ""linkedin"", ""archetype"": ""power_user""}"
sub_1a6f504916c34a,cus_3abb81bd4f6c33,5446,price_22002194807dbb,19900,gbp,month,active,2025-01-22 06:49:19.854324,2025-01-22 07:18:19.854324,2025-02-21 07:18:19.854324,False,,,,"{""source"": ""referral"", ""archetype"": ""enterprise_evaluator""}"
sub_ccac0d96b69abd,cus_ad98c0868598bb,5449,price_a7212c79dd25f4,9900,GBP,month,active,2025-01-29 01:33:18.544914,2025-01-29 02:00:18.544914,2025-02-28 02:00:18.544914,False,,2025-01-20 02:00:18.544914,2025-01-29 02:00:18.544914,"{""source"": ""organic"", ""archetype"": ""power_user""}"
sub_d867e3e39f621f,cus_c8ba51522993ac,5452,price_385eaa455648a2,4900,USD,month,active,2025-01-17 04:48:32.084224,2025-01-17 05:08:32.084224,2025-02-16 05:08:32.084224,False,,2025-01-03 05:08:32.084224,,"{""source"": ""google_ads"", ""archetype"": ""engaged_free""}"
sub_9a0075e14d8f59,cus_852102465219ec,5457,price_d674a34618d8c1,4900,USD,year,active,2025-01-11 01:45:33.228801,2025-01-11 01:59:33.228801,2025-02-10 01:59:33.228801,False,,2024-12-31 01:59:33.228801,2025-01-11 01:59:33.228801,"{""source"": ""linkedin"", ""archetype"": ""engaged_free""}"
sub_fdb598004db1e2,cus_108507ca0b16e4,5471,price_ef2b089f854dba,29900,gbp,month,active,2025-01-26 17:28:26.858808,2025-01-26 17:47:26.858808,2025-02-25 17:47:26.858808,False,,,2025-01-26 17:47:26.858808,"{""source"": ""partner"", ""archetype"": ""enterprise_evaluator""}"
sub_f12119ef33c89e,cus_b32c4dbe407e28,5472,price_865cd0c21cf3f3,29900,GBP,month,past_due,2025-01-07 03:07:45.089085,2025-01-07 03:24:45.089085,2025-02-06 03:24:45.089085,False,,,,"{""source"": ""partner"", ""archetype"": ""enterprise_evaluator""}"
sub_a0ef5729d3a195,cus_29da17d9b4544c,5476,price_3a44b9a7c321e3,19900,usd,month,active,2025-02-05 00:16:25.571212,2025-02-05 00:31:25.571212,2025-03-07 00:31:25.571212,False,,,2025-02-05 00:31:25.571212,"{""source"": ""partner"", ""archetype"": ""enterprise_evaluator""}"
sub_ad55a74d993b76,cus_a1b77a2e799785,5479,price_93ff61ab98d2c0,19900,Eur,month,canceled,2025-01-25 17:33:30.003150,2025-01-25 17:36:30.003150,2025-02-24 17:36:30.003150,True,2025-03-14 00:55:13.421312,,2025-01-25 17:36:30.003150,"{""source"": ""direct"", ""archetype"": ""power_user""}"
sub_8e83256e891442,cus_5f6edb29e64ed6,5481,price_5a938427b06b8c,2900,eur,year,canceled,2025-01-15 07:19:03.216939,2025-01-15 07:41:03.216939,2025-02-14 07:41:03.216939,True,2025-03-08 15:49:16.301794,2025-01-03 07:41:03.216939,,"{""source"": ""partner"", ""archetype"": ""engaged_free""}"
sub_2b4aeed9629fd3,cus_f124132cbc426a,5496,price_5dabe16efeefa0,2900,usd,month,active,2025-01-28 14:49:51.844633,2025-01-28 15:00:51.844633,2025-02-27 15:00:51.844633,False,,2025-01-18 15:00:51.844633,,"{""source"": ""referral"", ""archetype"": ""engaged_free""}"
sub_7d06629cb2ee74,cus_a777db597220f2,5500,price_7e83ecb4d4896e,19900,GBP,year,canceled,2025-01-20 04:12:42.487200,2025-01-20 04:21:42.487200,2025-02-19 04:21:42.487200,True,2025-01-28 14:56:49.869410,,,"{""source"": ""partner"", ""archetype"": ""power_user""}"
sub_fd67bca3ccc54f,cus_55c057223e0928,5503,price_00afc003ace38f,2900,GBP,year,active,2025-01-29 07:22:50.592024,2025-01-29 07:24:50.592024,2025-02-28 07:24:50.592024,False,,2025-01-19 07:24:50.592024,2025-01-29 07:24:50.592024,"{""source"": ""partner"", ""archetype"": ""engaged_free""}"
sub_ee9ad1a39484c0,cus_8f787933a3e4a9,5509,price_d8382f696bce1f,4900,USD,month,active,2025-01-14 01:14:09.047965,2025-01-14 01:25:09.047965,2025-02-13 01:25:09.047965,False,,,2025-01-14 01:25:09.047965,"{""source"": ""partner"", ""archetype"": ""engaged_free""}"
sub_7c6fec121feff5,cus_c5392b2df9f477,5513,price_0ba3823a104432,29900,gbp,month,active,2025-01-29 21:36:45.250631,2025-01-29 21:50:45.250631,2025-02-28 21:50:45.250631,False,,,,"{""source"": ""referral"", ""archetype"": ""power_user""}"
sub_29e694ec91e594,cus_20264cf36db44d,5521,price_da5eb9001d3c62,19900,usd,month,unpaid,2025-01-22 03:01:26.299401,2025-01-22 03:21:26.299401,2025-02-21 03:21:26.299401,False,,,,"{""source"": ""direct"", ""archetype"": ""enterprise_evaluator""}"
sub_b9a7fe59c07e19,cus_4f319211b6eb7f,5522,price_74bbb5009b9e55,19900,GBP,month,active,2025-01-21 02:54:48.714284,2025-01-21 03:18:48.714284,2025-02-20 03:18:48.714284,False,,,2025-01-21 03:18:48.714284,"{""source"": ""direct"", ""archetype"": ""enterprise_evaluator""}"
sub_24b7084a2a266d,cus_b2fc166a7be96b,5536,price_78903cb9dea2bd,29900,Eur,month,active,2025-02-09 06:39:36.954532,2025-02-09 06:51:36.954532,2025-03-11 06:51:36.954532,False,,,,"{""source"": ""direct"", ""archetype"": ""power_user""}"
sub_8ac57eaf9d25c8,cus_a7e0ac967c49c2,5538,price_1a4cf275e8792d,29900,eur,month,active,2025-01-29 15:33:53.409155,2025-01-29 15:34:53.409155,2025-02-28 15:34:53.409155,False,,,,"{""source"": ""referral"", ""archetype"": ""enterprise_evaluator""}"
sub_c20745fc495d80,cus_ef0ffece216f2b,5540,price_3b69aa380365af,19900,Eur,month,active,2025-03-06 02:17:06.046242,2025-03-06 02:30:06.046242,2025-04-05 02:30:06.046242,False,,,,"{""source"": ""partner"", ""archetype"": ""enterprise_evaluator""}"
sub_d085bb4c3997fa,cus_5d43f2a001d56d,5543,price_45d45f121642b5,19900,gbp,month,active,2025-01-10 12:00:36.303680,2025-01-10 12:21:36.303680,2025-02-09 12:21:36.303680,False,,2025-01-02 12:21:36.303680,2025-01-10 12:21:36.303680,"{""source"": ""partner"", ""archetype"": ""enterprise_evaluator""}"
sub_70cd091219ac1a,cus_e12905123a2964,5554,price_417efe7987e5a5,9900,USD,month,unpaid,2025-01-07 01:34:17.190897,2025-01-07 01:43:17.190897,2025-02-06 01:43:17.190897,False,,,2025-01-07 01:43:17.190897,"{""source"": ""referral"", ""archetype"": ""power_user""}"
sub_062a1d6486b4e0,cus_daef8424f12655,5555,price_22286554addf5a,9900,Eur,month,active,2025-01-12 15:13:55.152292,2025-01-12 15:33:55.152292,2025-02-11 15:33:55.152292,False,,,2025-01-12 15:33:55.152292,"{""source"": ""google_ads"", ""archetype"": ""power_user""}"
sub_9ee0c8c654b5f7,cus_635bc062eb6e62,5571,price_e82a456c27d15c,19900,GBP,month,active,2025-02-19 13:22:06.848043,2025-02-19 13:38:06.848043,2025-03-21 13:38:06.848043,False,,,,"{""source"": ""partner"", ""archetype"": ""power_user""}"
sub_e69c9458ece5ee,cus_6a32b77be3132c,5580,price_185aff460f4d99,29900,GBP,month,active,2025-01-06 00:00:30.717876,2025-01-06 00:04:30.717876,2025-02-05 00:04:30.717876,False,,,,"{""source"": ""referral"", ""archetype"": ""power_user""}"
sub_08162a80dfb99a,cus_65ac7baca9d25f,5583,price_e8128e2ed02979,9900,gbp,month,active,2025-01-19 04:58:56.769487,2025-01-19 05:05:56.769487,2025-02-18 05:05:56.769487,False,,2025-01-06 05:05:56.769487,2025-01-19 05:05:56.769487,"{""source"": ""google_ads"", ""archetype"": ""power_user""}"
sub_1f4a7760a15556,cus_0476e83efc9c37,5588,price_363558e3ac02db,19900,Eur,month,canceled,2025-02-25 20:26:06.068484,2025-02-25 20:43:06.068484,2025-03-27 20:43:06.068484,True,2025-03-18 16:14:29.020602,,2025-02-25 20:43:06.068484,"{""source"": ""google_ads"", ""archetype"": ""enterprise_evaluator""}"
sub_a23bfea5e4d00c,cus_9b4363febcbc76,5602,price_c705de9520d45a,2900,USD,year,past_due,2025-02-07 00:46:56.954646,2025-02-07 00:59:56.954646,2025-03-09 00:59:56.954646,False,,,,"{""source"": ""partner"", ""archetype"": ""engaged_free""}"
sub_08523ec8f8156f,cus_535a6140ff4be5,5606,price_42d30cc5500d2b,19900,usd,month,active,2025-03-14 07:53:15.371412,2025-03-14 08:22:15.371412,2025-04-13 08:22:15.371412,False,,,,"{""source"": ""organic"", ""archetype"": ""power_user""}"
sub_00c79f5c92b631,cus_6f56c8a9048bbf,5619,price_f75a26e03153b9,29900,GBP,month,active,2025-01-15 17:57:10.291179,2025-01-15 18:24:10.291179,2025-02-14 18:24:10.291179,False,,,,"{""source"": ""organic"", ""archetype"": ""power_user""}"
sub_362977cf228dd1,cus_c6bd0408c9292c,5633,price_b9fed78c7f7261,19900,USD,year,active,2025-01-21 16:31:54.010707,2025-01-21 16:40:54.010707,2025-02-20 16:40:54.010707,False,,,,"{""source"": ""direct"", ""archetype"": ""power_user""}"
sub_02e3376122fa3c,cus_5286d8ca3ac5ff,5640,price_28019b704e0a8d,19900,GBP,month,active,2025-02-18 02:47:05.920739,2025-02-18 03:15:05.920739,2025-03-20 03:15:05.920739,False,,2025-02-10 03:15:05.920739,2025-02-18 03:15:05.920739,"{""source"": ""referral"", ""archetype"": ""enterprise_evaluator""}"
sub_e276bf9f2e5368,cus_f960537da5cc51,5641,price_c141feb943c723,19900,Eur,month,past_due,2025-01-15 04:55:09.158383,2025-01-15 05:07:09.158383,2025-02-14 05:07:09.158383,False,,,,"{""source"": ""organic"", ""archetype"": ""enterprise_evaluator""}"
sub_8b05d4ee73e629,cus_2b7956617daa7d,5665,price_33cb44c716de65,2900,USD,year,active,2025-01-21 21:09:48.292470,2025-01-21 21:15:48.292470,2025-02-20 21:15:48.292470,False,,,,"{""source"": ""organic"", ""archetype"": ""engaged_free""}"
sub_4e1b9f9d2b6653,cus_9117f53a7dd924,5668,price_3feffd506f822c,19900,eur,year,active,2025-01-09 10:12:49.809640,2025-01-09 10:17:49.809640,2025-02-08 10:17:49.809640,False,,2024-12-28 10:17:49.809640,,"{""source"": ""organic"", ""archetype"": ""power_user""}"
sub_a3add5bdbcb206,cus_7e351e2e0dd0ae,5674,price_095c4739a04fc5,19900,eur,month,past_due,2025-01-18 08:54:13.458755,2025-01-18 09:05:13.458755,2025-02-17 09:05:13.458755,False,,,,"{""source"": ""referral"", ""archetype"": ""enterprise_evaluator""}"
sub_8dde2c92e6c2e4,cus_c674f912d8d24b,5683,price_dbfcb85c9d7325,29900,GBP,year,canceled,2025-01-08 11:32:50.901641,2025-01-08 11:59:50.901641,2025-02-07 11:59:50.901641,True,2025-02-04 03:10:45.225790,2024-12-25 11:59:50.901641,,"{""source"": ""linkedin"", ""archetype"": ""enterprise_evaluator""}"
sub_e63434afdffd23,cus_9697242b7ae2a0,5692,price_22f00af245ba67,9900,usd,month,active,2025-01-20 07:03:56.503320,2025-01-20 07:19:56.503320,2025-02-19 07:19:56.503320,False,,,,"{""source"": ""organic"", ""archetype"": ""power_user""}"
sub_8429c7ff5ea049,cus_f2dd8eee8b56e8,5698,price_3d172e472e52e6,9900,Eur,month,active,2025-01-29 00:52:04.868542,2025-01-29 01:14:04.868542,2025-02-28 01:14:04.868542,False,,,2025-01-29 01:14:04.868542,"{""source"": ""google_ads"", ""archetype"": ""power_user""}"
sub_e61a732f0e6ed6,cus_bd7ef948f4302d,5699,price_fbd74bbeda0c3d,29900,GBP,month,unpaid,2025-01-31 06:07:34.034494,2025-01-31 06:21:34.034494,2025-03-02 06:21:34.034494,False,,,,"{""source"": ""organic"", ""archetype"": ""enterprise_evaluator""}"
sub_5ec9b79eae71b6,cus_084e5a581ca846,5702,price_0464a3bfc2b8f7,29900,USD,month,active,2025-01-12 21:57:45.132043,2025-01-12 22:25:45.132043,2025-02-11 22:25:45.132043,False,,2025-01-04 22:25:45.132043,,"{""source"": ""referral"", ""archetype"": ""enterprise_evaluator""}"
sub_82e365a8fd6d99,cus_0f1dc0a7d39d8f,5710,price_56091fc5e278ca,29900,gbp,month,active,2025-03-17 21:48:16.743132,2025-03-17 22:07:16.743132,2025-04-16 22:07:16.743132,False,,,,"{""source"": ""organic"", ""archetype"": ""power_user""}"
sub_a8d45037513989,cus_322efffd268c2c,5729,price_29fd09eba91929,19900,USD,month,active,2025-01-22 08:24:16.088197,2025-01-22 08:41:16.088197,2025-02-21 08:41:16.088197,False,,,,"{""source"": ""google_ads"", ""archetype"": ""enterprise_evaluator""}"
sub_0f687e46a23d80,cus_f6de8c162d53c7,5731,price_2fbcf42dd5fca9,19900,USD,month,active,2025-01-30 14:15:09.899813,2025-01-30 14:35:09.899813,2025-03-01 14:35:09.899813,False,,2025-01-20 14:35:09.899813,2025-01-30 14:35:09.899813,"{""source"": ""partner"", ""archetype"": ""power_user""}"
sub_4e698e4f2f52e2,cus_3d78058c5132fa,5734,price_da1280dfc7bf5d,9900,eur,month,past_due,2025-01-26 15:20:28.162472,2025-01-26 15:40:28.162472,2025-02-25 15:40:28.162472,False,,,2025-01-26 15:40:28.162472,"{""source"": ""partner"", ""archetype"": ""power_user""}"
sub_a9e787801ef807,cus_25c203a78aaaa3,5738,price_69d301b785976a,9900,eur,year,active,2025-01-27 18:32:16.426835,2025-01-27 19:02:16.426835,2025-02-26 19:02:16.426835,False,,,,"{""source"": ""google_ads"", ""archetype"": ""power_user""}"
sub_5121a95c1fa0eb,cus_3bd533ab5d2c1f,5743,price_4a84d891a28362,19900,gbp,month,active,2025-01-20 08:42:03.588177,2025-01-20 09:12:03.588177,2025-02-19 09:12:03.588177,False,,,2025-01-20 09:12:03.588177,"{""source"": ""direct"", ""archetype"": ""enterprise_evaluator""}"
sub_5c365418d5a552,cus_f46c57aec48377,5753,price_1de2a3120537f3,19900,usd,month,past_due,2025-01-18 08:18:15.493576,2025-01-18 08:35:15.493576,2025-02-17 08:35:15.493576,False,,,2025-01-18 08:35:15.493576,"{""source"": ""linkedin"", ""archetype"": ""enterprise_evaluator""}"
sub_cfa771bf3042a5,cus_4ad27f97fc6f29,5756,price_8e8eaa6ed93b3e,9900,USD,month,active,2025-01-25 23:21:57.217683,2025-01-25 23:38:57.217683,2025-02-24 23:38:57.217683,False,,2025-01-18 23:38:57.217683,,"{""source"": ""direct"", ""archetype"": ""power_user""}"
sub_03a721d0fa43c1,cus_5898375b07aedf,5765,price_09f2598f46b101,2900,USD,year,active,2025-01-21 03:29:24.185826,2025-01-21 03:44:24.185826,2025-02-20 03:44:24.185826,False,,2025-01-09 03:44:24.185826,,"{""source"": ""organic"", ""archetype"": ""engaged_free""}"
sub_d70b78d33c9cdb,cus_b83ee11615ac76,5767,price_d3686ced4ac5ad,19900,USD,month,active,2025-01-10 13:39:51.186939,2025-01-10 14:02:51.186939,2025-02-09 14:02:51.186939,False,,,,"{""source"": ""linkedin"", ""archetype"": ""power_user""}"
sub_7084d925ad828e,cus_7228cd99f38f56,5772,price_fb2f3711d6fc23,2900,Eur,month,unpaid,2025-01-15 09:16:41.845906,2025-01-15 09:24:41.845906,2025-02-14 09:24:41.845906,False,,,2025-01-15 09:24:41.845906,"{""source"": ""linkedin"", ""archetype"": ""support_heavy""}"
sub_ed7675185c3016,cus_6678e86ac5cb69,5787,price_ffe41d85cb5b39,29900,usd,month,active,2025-01-15 03:05:47.806609,2025-01-15 03:35:47.806609,2025-02-14 03:35:47.806609,False,,,2025-01-15 03:35:47.806609,"{""source"": ""partner"", ""archetype"": ""enterprise_evaluator""}"
sub_6c8fbce40692ae,cus_6401e23e091b40,5794,price_2e977808181216,29900,Eur,month,active,2025-01-15 01:31:40.714958,2025-01-15 01:52:40.714958,2025-02-14 01:52:40.714958,False,,,,"{""source"": ""organic"", ""archetype"": ""power_user""}"
sub_1f185ca8145c7a,cus_8f3a859c4ed4ea,5801,price_110a5865c825c3,29900,GBP,month,active,2025-01-04 07:23:07.262768,2025-01-04 07:33:07.262768,2025-02-03 07:33:07.262768,False,,,,"{""source"": ""linkedin"", ""archetype"": ""enterprise_evaluator""}"
sub_60796491d07e14,cus_1762ed2a264e31,5813,price_7814672096c727,19900,Eur,month,active,2025-01-12 06:29:32.637100,2025-01-12 06:33:32.637100,2025-02-11 06:33:32.637100,False,,,,"{""source"": ""referral"", ""archetype"": ""power_user""}"
sub_3565e11d63e536,cus_df83db5d03d8f0,5818,price_6c42b4cdc719e7,29900,eur,year,active,2025-01-12 12:15:43.450537,2025-01-12 12:43:43.450537,2025-02-11 12:43:43.450537,False,,,2025-01-12 12:43:43.450537,"{""source"": ""google_ads"", ""archetype"": ""power_user""}"
sub_99b2f93cd7f14b,cus_fbcb1e1beaf20b,5823,price_5c7ae24a2fd522,19900,GBP,year,active,2025-01-12 19:38:23.600170,2025-01-12 19:58:23.600170,2025-02-11 19:58:23.600170,False,,,,"{""source"": ""google_ads"", ""archetype"": ""enterprise_evaluator""}"
sub_b90bf0383b1e66,cus_5b4628718c5a98,5826,price_772cfccf45b969,29900,gbp,month,past_due,2025-01-05 13:41:22.618596,2025-01-05 13:45:22.618596,2025-02-04 13:45:22.618596,False,,,,"{""source"": ""partner"", ""archetype"": ""power_user""}"
sub_30a63ce8597b4b,cus_8c53412260a98d,5837,price_9054e35f758fb1,9900,USD,year,active,2025-01-09 19:12:10.919535,2025-01-09 19:14:10.919535,2025-02-08 19:14:10.919535,False,,,,"{""source"": ""direct"", ""archetype"": ""power_user""}"
sub_92d6d79cc0fdab,cus_b2967dfb9ac241,5839,price_07e263584bbca7,19900,USD,month,active,2025-01-26 09:57:54.734221,2025-01-26 10:26:54.734221,2025-02-25 10:26:54.734221,False,,2025-01-15 10:26:54.734221,,"{""source"": ""partner"", ""archetype"": ""power_user""}"
sub_45cba4ed23b0fa,cus_dd22bece7c300b,5840,price_f7a06464af3657,9900,eur,year,active,2025-01-07 03:11:56.556848,2025-01-07 03:12:56.556848,2025-02-06 03:12:56.556848,False,,,2025-01-07 03:12:56.556848,"{""source"": ""partner"", ""archetype"": ""power_user""}"
sub_12398e1e9750d7,cus_59c8e5203fd16b,5848,price_f58baf71d6d087,19900,Eur,month,active,2025-01-16 05:32:54.433230,2025-01-16 05:59:54.433230,2025-02-15 05:59:54.433230,False,,,2025-01-16 05:59:54.433230,"{""source"": ""organic"", ""archetype"": ""enterprise_evaluator""}"
sub_3e91d60aa891b6,cus_7c14d01543f642,5849,price_43b37b989ea644,29900,Eur,month,active,2025-01-23 16:30:51.500496,2025-01-23 16:59:51.500496,2025-02-22 16:59:51.500496,False,,,,"{""source"": ""linkedin"", ""archetype"": ""power_user""}"
sub_bc4273f873db21,cus_79d7cf131b5413,5863,price_7e555cd16a9504,19900,GBP,year,active,2025-01-18 10:02:09.915756,2025-01-18 10:24:09.915756,2025-02-17 10:24:09.915756,False,,2025-01-11 10:24:09.915756,,"{""source"": ""referral"", ""archetype"": ""enterprise_evaluator""}"
sub_08015fe28c6499,cus_b19f8180cb372d,5867,price_1364fb3b715f8b,29900,USD,month,active,2025-01-12 08:55:51.659729,2025-01-12 09:09:51.659729,2025-02-11 09:09:51.659729,False,,,,"{""source"": ""google_ads"", ""archetype"": ""enterprise_evaluator""}"
sub_7d1e1217a71792,cus_dd2dd194efec32,5873,price_9658ae7f576368,19900,USD,month,active,2025-01-13 13:23:50.091049,2025-01-13 13:46:50.091049,2025-02-12 13:46:50.091049,False,,,,"{""source"": ""direct"", ""archetype"": ""enterprise_evaluator""}"
sub_a44f2f946c3f8d,cus_39379d4cdaada5,5875,price_414be2999d952a,2900,Eur,year,active,2025-01-16 19:07:40.186415,2025-01-16 19:11:40.186415,2025-02-15 19:11:40.186415,False,,2025-01-02 19:11:40.186415,2025-01-16 19:11:40.186415,"{""source"": ""organic"", ""archetype"": ""engaged_free""}"
sub_4681206e831a4a,cus_4a901e18afa895,5878,price_b0dad15625b3d9,19900,Eur,month,active,2025-01-15 10:11:30.439701,2025-01-15 10:31:30.439701,2025-02-14 10:31:30.439701,False,,,,"{""source"": ""organic"", ""archetype"": ""enterprise_evaluator""}"
sub_b8f01e1e985d88,cus_b862b6b6f55a8d,5888,price_57574495dbb1cd,29900,usd,month,active,2025-01-23 05:24:43.504143,2025-01-23 05:44:43.504143,2025-02-22 05:44:43.504143,False,,,,"{""source"": ""partner"", ""archetype"": ""power_user""}"
sub_5cd52442e8589f,cus_2672687939da7d,5898,price_204c926ea2d218,9900,gbp,month,active,2025-02-15 17:32:57.084509,2025-02-15 17:52:57.084509,2025-03-17 17:52:57.084509,False,,2025-02-04 17:52:57.084509,2025-02-15 17:52:57.084509,"{""source"": ""organic"", ""archetype"": ""power_user""}"
sub_75b554d09c64a5,cus_861efd57188ce3,5909,price_f22d469bc03e43,19900,gbp,month,past_due,2025-03-01 04:01:41.952416,2025-03-01 04:15:41.952416,2025-03-31 04:15:41.952416,False,,2025-02-20 04:15:41.952416,,"{""source"": ""direct"", ""archetype"": ""enterprise_evaluator""}"
sub_995619ddd9b2a5,cus_7ea8cf43f8ea2a,5913,price_08e96c8cf20200,2900,GBP,month,past_due,2025-01-23 05:12:20.314547,2025-01-23 05:18:20.314547,2025-02-22 05:18:20.314547,False,,,2025-01-23 05:18:20.314547,"{""source"": ""direct"", ""archetype"": ""engaged_free""}"
sub_8164ecf65ffe21,cus_f62a299e5908ab,5916,price_64c067777b6129,19900,gbp,month,active,2025-01-30 21:12:59.230298,2025-01-30 21:26:59.230298,2025-03-01 21:26:59.230298,False,,,,"{""source"": ""google_ads"", ""archetype"": ""enterprise_evaluator""}"
sub_7ae8342b8dd75d,cus_8b4e91916aa64d,5919,price_2aff54135cb715,29900,eur,month,active,2025-01-27 19:53:55.726415,2025-01-27 20:00:55.726415,2025-02-26 20:00:55.726415,False,,2025-01-18 20:00:55.726415,,"{""source"": ""linkedin"", ""archetype"": ""enterprise_evaluator""}"
sub_b4ea0f943bcb90,cus_d54e343f697462,5921,price_0a70230e77c2cc,19900,GBP,month,active,2025-01-26 20:03:52.215424,2025-01-26 20:10:52.215424,2025-02-25 20:10:52.215424,False,,,2025-01-26 20:10:52.215424,"{""source"": ""organic"", ""archetype"": ""power_user""}"
sub_988aa4b58e5513,cus_51f4a35f065eb6,5932,price_2c44bbd2801e06,9900,GBP,month,active,2025-02-20 15:39:33.306485,2025-02-20 15:47:33.306485,2025-03-22 15:47:33.306485,False,,,,"{""source"": ""partner"", ""archetype"": ""power_user""}"
sub_d2f47d71f0c515,cus_4ce7ee829f423d,5943,price_6083565954e3fa,2900,USD,month,active,2025-01-13 07:46:33.014872,2025-01-13 08:05:33.014872,2025-02-12 08:05:33.014872,False,,2024-12-31 08:05:33.014872,,"{""source"": ""google_ads"", ""archetype"": ""engaged_free""}"
sub_5833baf7c04210,cus_c9b0900c40dedc,5957,price_d3b3bc20a8b011,19900,eur,month,past_due,2025-02-05 18:24:26.720965,2025-02-05 18:38:26.720965,2025-03-07 18:38:26.720965,False,,,,"{""source"": ""linkedin"", ""archetype"": ""enterprise_evaluator""}"
sub_a6111ed921b43e,cus_06acc65b0efbc3,5963,price_7bb5cce55f296f,19900,USD,year,active,2025-04-02 23:16:25.302318,2025-04-02 23:30:25.302318,2025-05-02 23:30:25.302318,False,,,,"{""source"": ""organic"", ""archetype"": ""enterprise_evaluator""}"
sub_7cdb85a441e1c6,cus_3a7f009d6dec36,5965,price_cfd01c8125bd34,9900,Eur,month,active,2025-01-21 00:04:29.862240,2025-01-21 00:24:29.862240,2025-02-20 00:24:29.862240,False,,,2025-01-21 00:24:29.862240,"{""source"": ""referral"", ""archetype"": ""power_user""}"
sub_16affe0703c71f,cus_1b0695d019d66c,5966,price_28a3185f4a34cc,4900,usd,month,past_due,2025-01-12 06:19:46.211370,2025-01-12 06:33:46.211370,2025-02-11 06:33:46.211370,False,,2024-12-29 06:33:46.211370,,"{""source"": ""linkedin"", ""archetype"": ""engaged_free""}"
sub_3fa09c42f34dc8,cus_1fcbf69e6e7397,5976,price_0d4538ae94f433,9900,USD,year,active,2025-01-18 09:38:18.764904,2025-01-18 10:06:18.764904,2025-02-17 10:06:18.764904,False,,,,"{""source"": ""organic"", ""archetype"": ""power_user""}"
sub_fb0adf7a42aec2,cus_6321dac6b711f7,5978,price_3c2c1c32f3e465,29900,eur,year,active,2025-02-04 13:32:35.447158,2025-02-04 13:52:35.447158,2025-03-06 13:52:35.447158,False,,,,"{""source"": ""linkedin"", ""archetype"": ""power_user""}"
sub_04d1ee6bc7575e,cus_70a70d17f3e24c,5994,price_e6b1d1045f0aef,29900,Eur,month,unpaid,2025-01-07 05:03:55.949512,2025-01-07 05:33:55.949512,2025-02-06 05:33:55.949512,False,,2024-12-24 05:33:55.949512,,"{""source"": ""partner"", ""archetype"": ""power_user""}"
sub_7a134d5e0dd5e1,cus_9f8ac4cabde2aa,5997,price_ed3436db82f2ea,4900,GBP,year,canceled,2025-01-11 13:04:42.433517,2025-01-11 13:17:42.433517,2025-02-10 13:17:42.433517,True,2025-01-14 01:30:43.579814,2025-01-03 13:17:42.433517,,"{""source"": ""direct"", ""archetype"": ""engaged_free""}"
sub_d662234e9c6c9c,cus_f528dda1a3b6c2,5998,price_47d1cbfb1b02b6,29900,eur,month,unpaid,2025-02-04 11:08:56.162745,2025-02-04 11:11:56.162745,2025-03-06 11:11:56.162745,False,,2025-01-25 11:11:56.162745,,"{""source"": ""partner"", ""archetype"": ""enterprise_evaluator""}"
sub_c0de7a6d4bf7cf,cus_c2b404bd6316bf,6006,price_c3991c2a810695,29900,gbp,month,active,2025-01-18 16:04:56.311180,2025-01-18 16:31:56.311180,2025-02-17 16:31:56.311180,False,,,,"{""source"": ""referral"", ""archetype"": ""enterprise_evaluator""}"
sub_a0ad8f7325c342,cus_4b5992c47d42af,6007,price_6717e8c1cd185a,2900,GBP,year,active,2025-01-29 07:54:49.092225,2025-01-29 08:21:49.092225,2025-02-28 08:21:49.092225,False,,,2025-01-29 08:21:49.092225,"{""source"": ""organic"", ""archetype"": ""engaged_free""}"
sub_20817e8d55a894,cus_b11d5d4b32f9c8,6019,price_ff900ae8fdb95c,4900,GBP,month,active,2025-03-07 20:41:16.121624,2025-03-07 20:58:16.121624,2025-04-06 20:58:16.121624,False,,,,"{""source"": ""organic"", ""archetype"": ""engaged_free""}"
sub_4d0776e364e4d7,cus_2f769b4b8dd965,6021,price_49ddc825e6899a,19900,USD,month,past_due,2025-02-08 17:18:55.228093,2025-02-08 17:30:55.228093,2025-03-10 17:30:55.228093,False,,,,"{""source"": ""organic"", ""archetype"": ""enterprise_evaluator""}"
sub_019010fcd6cbfa,cus_d01ddd17b99e7c,6024,price_e7c04c2ae39110,29900,usd,month,active,2025-02-17 02:40:56.810597,2025-02-17 02:57:56.810597,2025-03-19 02:57:56.810597,False,,2025-02-07 02:57:56.810597,,"{""source"": ""direct"", ""archetype"": ""power_user""}"
sub_1e5689b6a59799,cus_981afb2e6281e2,6032,price_a079443d34e18c,9900,Eur,year,active,2025-01-20 22:13:41.932190,2025-01-20 22:30:41.932190,2025-02-19 22:30:41.932190,False,,,,"{""source"": ""referral"", ""archetype"": ""power_user""}"
sub_4d660a63cb2957,cus_e70c71e56a7ff6,6037,price_cf7fcd1381daba,29900,eur,month,active,2025-02-12 18:40:05.571479,2025-02-12 19:02:05.571479,2025-03-14 19:02:05.571479,False,,,2025-02-12 19:02:05.571479,"{""source"": ""direct"", ""archetype"": ""enterprise_evaluator""}"
sub_f110d984e08392,cus_48ea165c20ae4f,6046,price_8fd347bb5913cf,2900,USD,month,active,2025-02-16 10:40:54.406200,2025-02-16 10:52:54.406200,2025-03-18 10:52:54.406200,False,,,2025-02-16 10:52:54.406200,"{""source"": ""organic"", ""archetype"": ""engaged_free""}"
sub_a3a3068af0a0d9,cus_c3790c07cd23d4,6050,price_47bd1bf7d49568,19900,Eur,month,active,2025-02-13 04:21:15.477235,2025-02-13 04:49:15.477235,2025-03-15 04:49:15.477235,False,,,,"{""source"": ""google_ads"", ""archetype"": ""power_user""}"
sub_c422fc1adaf9d9,cus_a4d6735819de78,6057,price_3e3bc698238c32,2900,gbp,month,unpaid,2025-01-27 02:01:58.904115,2025-01-27 02:12:58.904115,2025-02-26 02:12:58.904115,False,,2025-01-15 02:12:58.904115,2025-01-27 02:12:58.904115,"{""source"": ""direct"", ""archetype"": ""casual_explorer""}"
sub_c40d75178c3cc5,cus_1545fe1f663c30,6060,price_e05846b01050f4,19900,eur,month,canceled,2025-01-06 08:04:50.798962,2025-01-06 08:08:50.798962,2025-02-05 08:08:50.798962,True,2025-01-17 11:00:00.210336,2024-12-24 08:08:50.798962,,"{""source"": ""google_ads"", ""archetype"": ""power_user""}"
sub_93055373b95469,cus_130cdbee435675,6061,price_6d342f4bfe6bd2,19900,USD,month,active,2025-01-20 17:14:31.107122,2025-01-20 17:42:31.107122,2025-02-19 17:42:31.107122,False,,,2025-01-20 17:42:31.107122,"{""source"": ""direct"", ""archetype"": ""enterprise_evaluator""}"
sub_2d9d8e80347b2e,cus_27acee2f6debc8,6073,price_66710b33b0e872,19900,USD,month,past_due,2025-01-28 07:40:19.353109,2025-01-28 07:45:19.353109,2025-02-27 07:45:19.353109,False,,,,"{""source"": ""organic"", ""archetype"": ""enterprise_evaluator""}"
sub_db60502542609a,cus_4dbfd2c51fe38b,6074,price_87bc32711a3b26,19900,gbp,month,active,2025-01-08 05:26:36.304108,2025-01-08 05:53:36.304108,2025-02-07 05:53:36.304108,False,,,2025-01-08 05:53:36.304108,"{""source"": ""linkedin"", ""archetype"": ""enterprise_evaluator""}"
sub_241342aa48ec2f,cus_a7daed022e8e1d,6080,price_4bd59aff38922a,19900,Eur,year,unpaid,2025-01-18 04:11:13.109580,2025-01-18 04:25:13.109580,2025-02-17 04:25:13.109580,False,,2025-01-04 04:25:13.109580,,"{""source"": ""referral"", ""archetype"": ""enterprise_evaluator""}"
sub_0c004d12955ec9,cus_48d41578226393,6083,price_c5ad7438eeb254,19900,gbp,month,active,2025-01-13 17:42:14.327597,2025-01-13 17:57:14.327597,2025-02-12 17:57:14.327597,False,,,2025-01-13 17:57:14.327597,"{""source"": ""organic"", ""archetype"": ""enterprise_evaluator""}"
sub_3cd7b85f43dea3,cus_300a3256d57dd1,6089,price_1be593b541c432,2900,USD,month,active,2025-01-11 11:26:11.674036,2025-01-11 11:39:11.674036,2025-02-10 11:39:11.674036,False,,,,"{""source"": ""direct"", ""archetype"": ""engaged_free""}"
sub_d7e2653b86962f,cus_3dba99d96f0667,6093,price_c16b6d3d1eb184,2900,GBP,month,active,2025-03-18 00:34:59.480732,2025-03-18 00:45:59.480732,2025-04-17 00:45:59.480732,False,,,,"{""source"": ""referral"", ""archetype"": ""engaged_free""}"
sub_64eeacd054df30,cus_9268696e4de22f,6097,price_da1ecad85549c3,2900,USD,month,canceled,2025-01-03 09:23:25.164878,2025-01-03 09:46:25.164878,2025-02-02 09:46:25.164878,True,2025-01-08 23:40:36.521272,,,"{""source"": ""linkedin"", ""archetype"": ""casual_explorer""}"
sub_27bbc8610edf2e,cus_eb7ac1b1c783d3,6103,price_7255a2aa2b8b3b,2900,USD,year,active,2025-01-26 07:22:13.405969,2025-01-26 07:49:13.405969,2025-02-25 07:49:13.405969,False,,,,"{""source"": ""organic"", ""archetype"": ""engaged_free""}"
sub_e9025029380521,cus_adf7235eba0d3f,6104,price_5d7c3bc6cf6122,19900,Eur,month,active,2025-02-08 03:45:59.829018,2025-02-08 04:06:59.829018,2025-03-10 04:06:59.829018,False,,2025-01-31 04:06:59.829018,,"{""source"": ""google_ads"", ""archetype"": ""power_user""}"
sub_19857a735607f9,cus_66d772783820c6,6105,price_3e7c25e54739b6,19900,usd,month,active,2025-01-17 04:08:02.832959,2025-01-17 04:25:02.832959,2025-02-16 04:25:02.832959,False,,,,"{""source"": ""organic"", ""archetype"": ""power_user""}"
sub_dbcbad7cf9438c,cus_53d8fd2f24cfce,6106,price_7dd5f7a21e2b68,29900,gbp,month,active,2025-01-13 07:22:29.678512,2025-01-13 07:46:29.678512,2025-02-12 07:46:29.678512,False,,2025-01-01 07:46:29.678512,,"{""source"": ""organic"", ""archetype"": ""power_user""}"
sub_6122b903336cbc,cus_b80dfd8598104f,6109,price_dbc20d6ca8d9d5,19900,GBP,month,canceled,2025-01-14 04:43:10.325905,2025-01-14 04:53:10.325905,2025-02-13 04:53:10.325905,True,2025-01-14 12:06:31.115454,2025-01-02 04:53:10.325905,2025-01-14 04:53:10.325905,"{""source"": ""partner"", ""archetype"": ""enterprise_evaluator""}"
sub_1043f6ccc73eda,cus_c4fd3a061f774b,6116,price_1193ecf2b6e83c,2900,USD,year,past_due,2025-01-24 12:15:11.683651,2025-01-24 12:37:11.683651,2025-02-23 12:37:11.683651,False,,,,"{""source"": ""organic"", ""archetype"": ""casual_explorer""}"
sub_c5346c50915ff2,cus_ca4035ed7136cb,6118,price_0c4483e3182496,29900,gbp,month,active,2025-01-15 22:32:53.682738,2025-01-15 22:54:53.682738,2025-02-14 22:54:53.682738,False,,,2025-01-15 22:54:53.682738,"{""source"": ""organic"", ""archetype"": ""power_user""}"
sub_6c93b63c87f7d8,cus_d19c329cf6d9f7,6136,price_bd689a6462f103,4900,Eur,month,active,2025-02-05 15:24:32.518745,2025-02-05 15:32:32.518745,2025-03-07 15:32:32.518745,False,,,2025-02-05 15:32:32.518745,"{""source"": ""organic"", ""archetype"": ""engaged_free""}"
sub_82013d2c625573,cus_b0ba18a11daf26,6140,price_1be3f40158cfb0,19900,eur,year,active,2025-01-11 17:13:40.027831,2025-01-11 17:36:40.027831,2025-02-10 17:36:40.027831,False,,2024-12-28 17:36:40.027831,,"{""source"": ""direct"", ""archetype"": ""enterprise_evaluator""}"
sub_b7b3ed0e3e0afc,cus_50600a8b277b8f,6143,price_fa40ca3ae2670e,9900,USD,month,active,2025-01-15 11:28:25.013058,2025-01-15 11:46:25.013058,2025-02-14 11:46:25.013058,False,,,,"{""source"": ""referral"", ""archetype"": ""power_user""}"
sub_ab29db85050b80,cus_fdd59ba513825c,6148,price_c52d0fbe13cc2c,29900,eur,year,active,2025-01-19 02:55:50.006779,2025-01-19 03:03:50.006779,2025-02-18 03:03:50.006779,False,,,,"{""source"": ""linkedin"", ""archetype"": ""power_user""}"
sub_73c26ae03c4348,cus_d59d98fbac15b4,6156,price_53ea75eded8341,29900,GBP,year,active,2025-01-21 00:27:04.952962,2025-01-21 00:50:04.952962,2025-02-20 00:50:04.952962,False,,2025-01-13 00:50:04.952962,,"{""source"": ""linkedin"", ""archetype"": ""power_user""}"
sub_9c3d862fd0174b,cus_e3f156906ab625,6164,price_a4b6d7f54aea3c,29900,Eur,month,active,2025-01-27 17:27:31.680000,2025-01-27 17:28:31.680000,2025-02-26 17:28:31.680000,False,,,2025-01-27 17:28:31.680000,"{""source"": ""referral"", ""archetype"": ""enterprise_evaluator""}"
sub_6ad974d75288f2,cus_d5ebef937878cb,6171,price_a5b40421c307d8,19900,USD,year,active,2025-01-19 22:08:21.329273,2025-01-19 22:24:21.329273,2025-02-18 22:24:21.329273,False,,2025-01-05 22:24:21.329273,2025-01-19 22:24:21.329273,"{""source"": ""direct"", ""archetype"": ""power_user""}"
sub_38aaa3f9830edc,cus_c7235b6feecbe8,6172,price_9b0378184f5818,19900,USD,month,past_due,2025-01-07 16:11:45.704346,2025-01-07 16:39:45.704346,2025-02-06 16:39:45.704346,False,,,,"{""source"": ""partner"", ""archetype"": ""enterprise_evaluator""}"
sub_4ae60c6900bbab,cus_b05f99ff1b6e7c,6175,price_e977ccc69788b2,29900,USD,month,active,2025-01-06 12:49:51.506158,2025-01-06 13:07:51.506158,2025-02-05 13:07:51.506158,False,,,,"{""source"": ""referral"", ""archetype"": ""power_user""}"
sub_967fa2477ceb33,cus_871e177e3217d9,6180,price_0ece3b0d0b6af3,9900,Eur,month,active,2025-02-22 20:53:55.748004,2025-02-22 21:06:55.748004,2025-03-24 21:06:55.748004,False,,,,"{""source"": ""partner"", ""archetype"": ""power_user""}"
sub_873a5030911aa0,cus_89167ed8332d22,6186,price_7abc8e0f541fe0,19900,Eur,month,canceled,2025-02-01 17:02:06.267521,2025-02-01 17:23:06.267521,2025-03-03 17:23:06.267521,True,2025-02-21 02:21:27.643713,2025-01-20 17:23:06.267521,,"{""source"": ""partner"", ""archetype"": ""power_user""}"
sub_c45b16d35cddd3,cus_6d0a2951a74221,6190,price_93c8e4e4166496,29900,Eur,month,active,2025-02-03 18:57:40.462401,2025-02-03 19:06:40.462401,2025-03-05 19:06:40.462401,False,,,,"{""source"": ""google_ads"", ""archetype"": ""power_user""}"
sub_faef614562febb,cus_3ca0c024207f96,6199,price_ee7df91c0b9f45,2900,eur,month,past_due,2025-01-30 09:15:32.662050,2025-01-30 09:27:32.662050,2025-03-01 09:27:32.662050,False,,2025-01-17 09:27:32.662050,2025-01-30 09:27:32.662050,"{""source"": ""direct"", ""archetype"": ""engaged_free""}"
sub_2c08c7f1e33a63,cus_96c6d5eb4dff02,6201,price_a73308e897d622,2900,gbp,year,active,2025-01-23 10:51:50.817158,2025-01-23 11:21:50.817158,2025-02-22 11:21:50.817158,False,,,2025-01-23 11:21:50.817158,"{""source"": ""direct"", ""archetype"": ""engaged_free""}"
sub_36db56ab2950a5,cus_b2aecc4ac8b4ad,6212,price_567784cb30e343,19900,USD,month,unpaid,2025-01-22 12:12:08.375369,2025-01-22 12:41:08.375369,2025-02-21 12:41:08.375369,False,,,,"{""source"": ""linkedin"", ""archetype"": ""enterprise_evaluator""}"
sub_1bb55ec21e2d8a,cus_990ccf105eb1c0,6213,price_814827a4b754f0,29900,GBP,month,active,2025-01-25 19:02:47.174019,2025-01-25 19:08:47.174019,2025-02-24 19:08:47.174019,False,,,2025-01-25 19:08:47.174019,"{""source"": ""google_ads"", ""archetype"": ""enterprise_evaluator""}"
sub_4748517b7722d4,cus_8acef40e9e77e8,6218,price_dcbc2b54fc79ff,4900,gbp,month,active,2025-01-23 08:09:04.412044,2025-01-23 08:30:04.412044,2025-02-22 08:30:04.412044,False,,,,"{""source"": ""referral"", ""archetype"": ""engaged_free""}"
sub_08fadb229985a1,cus_52d40552d7c10a,6221,price_ef6e9e0d9f2960,19900,USD,month,active,2025-02-18 18:33:44.375429,2025-02-18 18:57:44.375429,2025-03-20 18:57:44.375429,False,,,2025-02-18 18:57:44.375429,"{""source"": ""google_ads"", ""archetype"": ""power_user""}"
sub_e3f20c321d7147,cus_0119f605fece7b,6223,price_1a4eedbc855701,19900,Eur,month,active,2025-02-14 00:30:51.792130,2025-02-14 00:34:51.792130,2025-03-16 00:34:51.792130,False,,,2025-02-14 00:34:51.792130,"{""source"": ""google_ads"", ""archetype"": ""power_user""}"
sub_05badcf76f0677,cus_4e9741a974ce33,6244,price_a385ee86bd7540,2900,USD,month,active,2025-01-26 22:22:34.511479,2025-01-26 22:52:34.511479,2025-02-25 22:52:34.511479,False,,,,"{""source"": ""organic"", ""archetype"": ""engaged_free""}"
sub_1447d8324a8109,cus_e3a91f254db4f9,6249,price_d92ab087e75966,9900,gbp,month,active,2025-02-05 14:32:49.066668,2025-02-05 15:00:49.066668,2025-03-07 15:00:49.066668,False,,,,"{""source"": ""direct"", ""archetype"": ""power_user""}"
sub_10b9a5d9529205,cus_e3f602a83251e4,6252,price_1ffcdaaaa2d4cc,19900,USD,month,active,2025-01-10 07:26:40.501189,2025-01-10 07:54:40.501189,2025-02-09 07:54:40.501189,False,,2024-12-27 07:54:40.501189,,"{""source"": ""direct"", ""archetype"": ""enterprise_evaluator""}"
sub_75374f78b781b8,cus_5b0c94ac8059f5,6268,price_5b078b69a83fca,29900,gbp,month,active,2025-01-18 23:52:03.948558,2025-01-19 00:16:03.948558,2025-02-18 00:16:03.948558,False,,,2025-01-19 00:16:03.948558,"{""source"": ""referral"", ""archetype"": ""enterprise_evaluator""}"
sub_e5e30a6e054859,cus_5f098c947b31ef,6269,price_f7f3ebde726fdc,9900,gbp,year,active,2025-02-05 16:51:59.544697,2025-02-05 16:55:59.544697,2025-03-07 16:55:59.544697,False,,2025-01-29 16:55:59.544697,2025-02-05 16:55:59.544697,"{""source"": ""google_ads"", ""archetype"": ""power_user""}"
sub_9f0714391ffd1f,cus_4da09f4f2e61af,6273,price_b0a7ff66fd50a9,19900,gbp,month,active,2025-01-23 14:44:29.243762,2025-01-23 14:46:29.243762,2025-02-22 14:46:29.243762,False,,,2025-01-23 14:46:29.243762,"{""source"": ""direct"", ""archetype"": ""power_user""}"
sub_fb5a5dd8fc1e59,cus_4fc03ca7002787,6280,price_50e12d6a8ce3ac,29900,Eur,month,active,2025-01-30 23:04:09.492589,2025-01-30 23:27:09.492589,2025-03-01 23:27:09.492589,False,,,2025-01-30 23:27:09.492589,"{""source"": ""direct"", ""archetype"": ""power_user""}"
sub_36680b10190b02,cus_516749af1ddd7d,6282,price_a171e6e6c506ec,2900,GBP,month,unpaid,2025-01-13 12:06:13.542047,2025-01-13 12:10:13.542047,2025-02-12 12:10:13.542047,False,,,,"{""source"": ""referral"", ""archetype"": ""engaged_free""}"
sub_46556c17ae930a,cus_8e5c413bfab82e,6299,price_1c98dcacbf7c6b,9900,GBP,year,active,2025-01-11 16:44:15.571459,2025-01-11 16:46:15.571459,2025-02-10 16:46:15.571459,False,,2025-01-02 16:46:15.571459,,"{""source"": ""referral"", ""archetype"": ""power_user""}"
sub_4c0b333eb3da1a,cus_68a7ee7bd589e1,6303,price_3e6e22ffdbea6a,2900,eur,month,unpaid,2025-01-19 17:09:34.898940,2025-01-19 17:14:34.898940,2025-02-18 17:14:34.898940,False,,2025-01-09 17:14:34.898940,2025-01-19 17:14:34.898940,"{""source"": ""direct"", ""archetype"": ""engaged_free""}"
sub_49241b08387656,cus_9a946058a3712e,6305,price_1d3e576a3d0323,19900,usd,month,active,2025-01-09 01:30:05.770032,2025-01-09 01:37:05.770032,2025-02-08 01:37:05.770032,False,,2024-12-28 01:37:05.770032,,"{""source"": ""organic"", ""archetype"": ""power_user""}"
sub_904e02e92e8251,cus_2333e58fa3dd18,6323,price_2bcc67696e8e30,9900,eur,year,active,2025-01-18 06:21:14.829359,2025-01-18 06:44:14.829359,2025-02-17 06:44:14.829359,False,,,2025-01-18 06:44:14.829359,"{""source"": ""linkedin"", ""archetype"": ""power_user""}"
sub_2195298cd6aef4,cus_e1dead2b3804b0,6324,price_d97b6c784169b0,19900,gbp,month,active,2025-01-09 00:40:10.011453,2025-01-09 00:51:10.011453,2025-02-08 00:51:10.011453,False,,2024-12-27 00:51:10.011453,,"{""source"": ""referral"", ""archetype"": ""enterprise_evaluator""}"
sub_8190860f28c1e5,cus_6da371870c639d,6326,price_cb6bfc3afc273e,9900,gbp,month,active,2025-02-06 03:56:16.359986,2025-02-06 04:21:16.359986,2025-03-08 04:21:16.359986,False,,,,"{""source"": ""google_ads"", ""archetype"": ""power_user""}"
sub_8a990ddaecb0e1,cus_919bdb7609ab8b,6329,price_fa11b923643707,19900,GBP,month,active,2025-01-10 23:31:59.977031,2025-01-10 23:32:59.977031,2025-02-09 23:32:59.977031,False,,2025-01-02 23:32:59.977031,,"{""source"": ""referral"", ""archetype"": ""power_user""}"
sub_4db74c4a02010b,cus_fa9ca251e88c79,6343,price_dfb21982b1a1ed,9900,Eur,month,active,2025-01-12 19:36:10.247247,2025-01-12 19:51:10.247247,2025-02-11 19:51:10.247247,False,,2025-01-01 19:51:10.247247,2025-01-12 19:51:10.247247,"{""source"": ""partner"", ""archetype"": ""power_user""}"
sub_be0d66c0867356,cus_6d5882f031a4b2,6344,price_87fc7ba6974782,2900,Eur,month,canceled,2025-02-02 19:53:33.370622,2025-02-02 20:17:33.370622,2025-03-04 20:17:33.370622,True,2025-02-21 06:56:19.997866,,,"{""source"": ""referral"", ""archetype"": ""casual_explorer""}"
sub_17183c55abd661,cus_d18cac3c0e7fa0,6351,price_8e0127bdab5acf,9900,gbp,month,active,2025-01-28 20:19:32.142504,2025-01-28 20:33:32.142504,2025-02-27 20:33:32.142504,False,,,,"{""source"": ""partner"", ""archetype"": ""power_user""}"
sub_3ed18deeb28ce5,cus_a3ca77d275eacf,6359,price_986e7805d75239,2900,usd,month,active,2025-01-23 23:48:11.138184,2025-01-23 23:58:11.138184,2025-02-22 23:58:11.138184,False,,2025-01-15 23:58:11.138184,,"{""source"": ""linkedin"", ""archetype"": ""support_heavy""}"
sub_afbfbf382cfd7c,cus_041f206bd8a505,6362,price_69e2bfd47d7981,29900,GBP,month,active,2025-01-18 19:27:44.825593,2025-01-18 19:37:44.825593,2025-02-17 19:37:44.825593,False,,,,"{""source"": ""referral"", ""archetype"": ""enterprise_evaluator""}"
sub_32228161e80098,cus_5ef9a54cb61c5a,6364,price_54add1b2c97bf8,9900,GBP,year,active,2025-02-11 12:30:16.899108,2025-02-11 12:57:16.899108,2025-03-13 12:57:16.899108,False,,,,"{""source"": ""direct"", ""archetype"": ""power_user""}"
sub_8c2c63993b58a3,cus_0bd59c24779359,6367,price_6b4dbec129574d,19900,usd,month,canceled,2025-01-25 00:02:44.400098,2025-01-25 00:08:44.400098,2025-02-24 00:08:44.400098,True,2025-02-16 03:37:55.198993,,2025-01-25 00:08:44.400098,"{""source"": ""partner"", ""archetype"": ""enterprise_evaluator""}"
sub_c027081b1b9321,cus_49349fbe03ca45,6389,price_1a937473fda646,9900,eur,month,active,2025-01-19 11:58:16.518640,2025-01-19 12:01:16.518640,2025-02-18 12:01:16.518640,False,,,,"{""source"": ""organic"", ""archetype"": ""power_user""}"
sub_d82b0992739cb3,cus_52d10080593bbf,6392,price_ed1703d82ab462,29900,USD,year,active,2025-01-20 07:42:25.971574,2025-01-20 07:52:25.971574,2025-02-19 07:52:25.971574,False,,,,"{""source"": ""partner"", ""archetype"": ""enterprise_evaluator""}"
sub_c9205f6d0ba84b,cus_0b7d4a3f154eb1,6399,price_9d4ed5b1f57ebd,29900,eur,month,active,2025-02-11 11:49:52.407101,2025-02-11 12:06:52.407101,2025-03-13 12:06:52.407101,False,,,,"{""source"": ""partner"", ""archetype"": ""power_user""}"
sub_7ce4b40738f570,cus_922570a6c9c89f,6404,price_af280096eb6312,4900,USD,month,active,2025-01-26 03:12:47.911301,2025-01-26 03:40:47.911301,2025-02-25 03:40:47.911301,False,,,,"{""source"": ""referral"", ""archetype"": ""engaged_free""}"
sub_48fee9e79ee636,cus_80f3c1ea91f3ee,6409,price_39ac4437bbf534,29900,Eur,month,active,2025-01-20 10:36:49.350432,2025-01-20 10:55:49.350432,2025-02-19 10:55:49.350432,False,,,2025-01-20 10:55:49.350432,"{""source"": ""google_ads"", ""archetype"": ""enterprise_evaluator""}"
sub_43bb963cba6e9f,cus_9a608ba7c24684,6410,price_fa1d95b83b8c8b,2900,USD,month,active,2025-02-03 05:22:37.542468,2025-02-03 05:37:37.542468,2025-03-05 05:37:37.542468,False,,2025-01-22 05:37:37.542468,2025-02-03 05:37:37.542468,"{""source"": ""google_ads"", ""archetype"": ""engaged_free""}"
sub_e96794fb16c730,cus_cc7c9082d6742f,6425,price_6387ae5a218f49,9900,eur,year,canceled,2025-01-15 16:10:21.772544,2025-01-15 16:16:21.772544,2025-02-14 16:16:21.772544,True,2025-03-19 20:11:29.150705,,2025-01-15 16:16:21.772544,"{""source"": ""linkedin"", ""archetype"": ""power_user""}"
sub_d3e267283e4f8b,cus_9c74c7df4f65b4,6430,price_0cc48cc34a1bb8,29900,GBP,month,active,2025-01-18 10:35:00.367976,2025-01-18 10:50:00.367976,2025-02-17 10:50:00.367976,False,,2025-01-08 10:50:00.367976,,"{""source"": ""linkedin"", ""archetype"": ""enterprise_evaluator""}"
sub_ba81f56412d149,cus_f5ff0575198665,6435,price_5c93d2699db07f,19900,USD,month,past_due,2025-01-20 22:43:10.953009,2025-01-20 22:58:10.953009,2025-02-19 22:58:10.953009,False,,,2025-01-20 22:58:10.953009,"{""source"": ""google_ads"", ""archetype"": ""enterprise_evaluator""}"
sub_5460a235812e53,cus_5b892e7d01e956,6436,price_dcb2ef41a0f349,9900,Eur,month,active,2025-01-23 07:48:22.607872,2025-01-23 07:59:22.607872,2025-02-22 07:59:22.607872,False,,,,"{""source"": ""google_ads"", ""archetype"": ""power_user""}"
sub_f877c7f7904e06,cus_8d88fd7b1d915f,6452,price_04ca6ae19be9a3,29900,USD,year,active,2025-01-16 16:09:53.325069,2025-01-16 16:33:53.325069,2025-02-15 16:33:53.325069,False,,,,"{""source"": ""organic"", ""archetype"": ""enterprise_evaluator""}"
sub_e76bb6d6f9bfe4,cus_cc441e96179a00,6453,price_f562376c9ccb7f,19900,USD,month,canceled,2025-01-26 21:41:31.365771,2025-01-26 21:44:31.365771,2025-02-25 21:44:31.365771,True,2025-01-30 02:18:15.212825,,2025-01-26 21:44:31.365771,"{""source"": ""linkedin"", ""archetype"": ""enterprise_evaluator""}"
sub_127fcc99fb16d8,cus_e7b450467924d4,6469,price_f2115b761a8535,2900,USD,month,active,2025-01-12 17:11:10.395190,2025-01-12 17:29:10.395190,2025-02-11 17:29:10.395190,False,,,,"{""source"": ""google_ads"", ""archetype"": ""engaged_free""}"
sub_93d6b05c85d4e9,cus_7ea018f61f0ada,6481,price_d37f6929915cb4,9900,usd,month,active,2025-01-08 02:05:09.588429,2025-01-08 02:22:09.588429,2025-02-07 02:22:09.588429,False,,,2025-01-08 02:22:09.588429,"{""source"": ""organic"", ""archetype"": ""power_user""}"
sub_4562db8b52213d,cus_c603a7dedf4773,6482,price_11427dd2d911ea,19900,Eur,month,active,2025-04-03 09:40:39.595156,2025-04-03 09:59:39.595156,2025-05-03 09:59:39.595156,False,,,,"{""source"": ""partner"", ""archetype"": ""power_user""}"
sub_ac00addca48163,cus_9d4b5fe17c04f1,6488,price_19ba5521d57276,4900,usd,month,active,2025-01-14 06:41:01.184662,2025-01-14 06:52:01.184662,2025-02-13 06:52:01.184662,False,,,,"{""source"": ""partner"", ""archetype"": ""engaged_free""}"
sub_ea57c7cc652181,cus_e495d6ffc20e98,6495,price_7c4f29de2da9c9,29900,GBP,month,active,2025-01-27 14:18:09.281585,2025-01-27 14:42:09.281585,2025-02-26 14:42:09.281585,False,,,,"{""source"": ""google_ads"", ""archetype"": ""enterprise_evaluator""}"
sub_a927db2a999026,cus_476e764724220f,6507,price_2af49b9c62d7a0,29900,Eur,month,active,2025-01-11 20:14:47.299600,2025-01-11 20:28:47.299600,2025-02-10 20:28:47.299600,False,,2025-01-04 20:28:47.299600,,"{""source"": ""organic"", ""archetype"": ""power_user""}"
sub_12a1987c6f9fd9,cus_281b12073551f0,6508,price_1b1e2a76c322e8,29900,gbp,month,past_due,2025-01-31 13:11:23.613932,2025-01-31 13:25:23.613932,2025-03-02 13:25:23.613932,False,,2025-01-21 13:25:23.613932,,"{""source"": ""organic"", ""archetype"": ""enterprise_evaluator""}"
sub_47db6718ec8561,cus_70ae036c61e2ba,6515,price_3d141dad5689ef,4900,USD,month,canceled,2025-02-01 04:00:27.879314,2025-02-01 04:05:27.879314,2025-03-03 04:05:27.879314,True,2025-02-09 16:47:06.246306,,,"{""source"": ""organic"", ""archetype"": ""support_heavy""}"
sub_f4e11c9351cdc1,cus_588260d633b2a9,6519,price_336f42ace0d81a,2900,usd,year,active,2025-02-11 03:44:59.614597,2025-02-11 03:47:59.614597,2025-03-13 03:47:59.614597,False,,,,"{""source"": ""direct"", ""archetype"": ""engaged_free""}"
sub_1dc82a8fcd8787,cus_2e6ea5c0ed8106,6521,price_7cd41bd90229dc,19900,usd,month,past_due,2025-02-19 20:44:49.798215,2025-02-19 20:48:49.798215,2025-03-21 20:48:49.798215,False,,2025-02-07 20:48:49.798215,,"{""source"": ""direct"", ""archetype"": ""enterprise_evaluator""}"
sub_49fda6c69a8c8c,cus_7695f5f57a8a52,6522,price_551945a90fc931,19900,eur,month,active,2025-01-16 12:42:46.481337,2025-01-16 12:51:46.481337,2025-02-15 12:51:46.481337,False,,,2025-01-16 12:51:46.481337,"{""source"": ""google_ads"", ""archetype"": ""power_user""}"
sub_44121063e1d29c,cus_0e8e71087d2fb6,6528,price_9a907b7c4fd481,19900,gbp,month,active,2025-02-01 17:23:32.849109,2025-02-01 17:38:32.849109,2025-03-03 17:38:32.849109,False,,,,"{""source"": ""google_ads"", ""archetype"": ""power_user""}"
sub_756cfdb2306225,cus_bc32fdd2ac68f2,6531,price_9cac3c4e1719fc,29900,Eur,month,active,2025-02-14 05:52:59.275582,2025-02-14 05:53:59.275582,2025-03-16 05:53:59.275582,False,,,,"{""source"": ""google_ads"", ""archetype"": ""enterprise_evaluator""}"
sub_fa4b0554cd40df,cus_d7ce44e2072ddf,6533,price_8b1af3d67ceb48,4900,GBP,month,active,2025-01-22 10:13:36.157947,2025-01-22 10:27:36.157947,2025-02-21 10:27:36.157947,False,,,,"{""source"": ""partner"", ""archetype"": ""engaged_free""}"
sub_26e21ed75d8917,cus_b56d8df5d874e8,6552,price_a7a34d1bd3cbd6,19900,gbp,month,active,2025-02-19 11:15:08.004049,2025-02-19 11:17:08.004049,2025-03-21 11:17:08.004049,False,,2025-02-10 11:17:08.004049,2025-02-19 11:17:08.004049,"{""source"": ""linkedin"", ""archetype"": ""enterprise_evaluator""}"
sub_c414bb69f41273,cus_bf802b387cbc4f,6556,price_3a09981297ab45,19900,USD,year,active,2025-01-16 00:59:00.373252,2025-01-16 01:15:00.373252,2025-02-15 01:15:00.373252,False,,2025-01-08 01:15:00.373252,,"{""source"": ""google_ads"", ""archetype"": ""power_user""}"
sub_fb612a5628ea99,cus_b4bb2e4817a3e0,6558,price_dcc8eeeccafc68,4900,USD,month,active,2025-01-09 13:50:35.510385,2025-01-09 14:19:35.510385,2025-02-08 14:19:35.510385,False,,,,"{""source"": ""referral"", ""archetype"": ""engaged_free""}"
sub_b486b25e2b59bd,cus_313045e94c99e3,6562,price_46200709de256b,19900,Eur,month,active,2025-01-06 01:53:21.458359,2025-01-06 02:08:21.458359,2025-02-05 02:08:21.458359,False,,,,"{""source"": ""referral"", ""archetype"": ""power_user""}"
sub_2f8ad60037333a,cus_e6077068a0c585,6568,price_f925783a6946ef,4900,eur,month,active,2025-01-16 19:42:19.907480,2025-01-16 19:55:19.907480,2025-02-15 19:55:19.907480,False,,,,"{""source"": ""google_ads"", ""archetype"": ""engaged_free""}"
sub_d3951b9e1480f8,cus_6ec79f3079971f,6572,price_074db595b384a5,19900,USD,year,active,2025-01-26 08:38:52.502467,2025-01-26 09:08:52.502467,2025-02-25 09:08:52.502467,False,,2025-01-12 09:08:52.502467,2025-01-26 09:08:52.502467,"{""source"": ""partner"", ""archetype"": ""power_user""}"
sub_3b6dfcc8b94f17,cus_dc8fb2c18f2da4,6573,price_95030a1b120e38,19900,GBP,month,active,2025-01-09 01:47:36.582662,2025-01-09 02:04:36.582662,2025-02-08 02:04:36.582662,False,,,,"{""source"": ""organic"", ""archetype"": ""power_user""}"
sub_3aaf1bc72ec0b4,cus_e4dfe3048e306a,6574,price_cf99b6b01c89fa,19900,GBP,month,active,2025-01-15 11:28:56.981536,2025-01-15 11:35:56.981536,2025-02-14 11:35:56.981536,False,,,2025-01-15 11:35:56.981536,"{""source"": ""linkedin"", ""archetype"": ""enterprise_evaluator""}"
sub_bc4e52f122a62b,cus_40b369e7c390a1,6585,price_4d60c677972f3c,29900,usd,month,active,2025-01-27 03:11:49.635869,2025-01-27 03:38:49.635869,2025-02-26 03:38:49.635869,False,,,,"{""source"": ""organic"", ""archetype"": ""power_user""}"
sub_75787eb0705eeb,cus_5ea31b6ada5d45,6588,price_77a519ddb67eb3,19900,eur,month,active,2025-01-07 00:06:32.345128,2025-01-07 00:26:32.345128,2025-02-06 00:26:32.345128,False,,,,"{""source"": ""partner"", ""archetype"": ""enterprise_evaluator""}"
sub_48c4bfddeaa348,cus_73ec0f16b8009a,6604,price_fc4969c9b0b8f3,29900,USD,year,active,2025-02-28 23:21:58.577581,2025-02-28 23:31:58.577581,2025-03-30 23:31:58.577581,False,,,,"{""source"": ""referral"", ""archetype"": ""power_user""}"
sub_7ca7c46424ac62,cus_a4d9694c43252e,6607,price_bbd618a48976b4,19900,USD,month,active,2025-01-18 18:17:49.227450,2025-01-18 18:30:49.227450,2025-02-17 18:30:49.227450,False,,2025-01-08 18:30:49.227450,2025-01-18 18:30:49.227450,"{""source"": ""organic"", ""archetype"": ""enterprise_evaluator""}"
sub_9578918251f2d8,cus_dfd21e4bcfeb68,6608,price_dbd53531d80c3c,2900,Eur,month,past_due,2025-02-12 08:55:04.074088,2025-02-12 08:56:04.074088,2025-03-14 08:56:04.074088,False,,2025-02-05 08:56:04.074088,,"{""source"": ""google_ads"", ""archetype"": ""engaged_free""}"
sub_ece9773bf445a7,cus_6d08d4283d7856,6615,price_46802f779b8399,2900,USD,month,active,2025-02-11 22:57:07.252522,2025-02-11 23:00:07.252522,2025-03-13 23:00:07.252522,False,,,,"{""source"": ""referral"", ""archetype"": ""engaged_free""}"
sub_b2bffad90825b5,cus_77ec20a1691207,6618,price_8ff6d8b40476b3,4900,GBP,month,active,2025-01-11 15:49:36.980309,2025-01-11 15:56:36.980309,2025-02-10 15:56:36.980309,False,,,,"{""source"": ""direct"", ""archetype"": ""engaged_free""}"
sub_c4fcb867113235,cus_c758e4271a50e5,6621,price_4d888620905d1c,29900,usd,month,active,2025-01-29 02:27:11.145157,2025-01-29 02:33:11.145157,2025-02-28 02:33:11.145157,False,,,2025-01-29 02:33:11.145157,"{""source"": ""google_ads"", ""archetype"": ""enterprise_evaluator""}"
sub_a209ec86dda8c9,cus_c5773e9376aec0,6625,price_c56c94a67a4dc7,19900,gbp,month,active,2025-01-09 07:46:56.527238,2025-01-09 07:58:56.527238,2025-02-08 07:58:56.527238,False,,2024-12-31 07:58:56.527238,2025-01-09 07:58:56.527238,"{""source"": ""partner"", ""archetype"": ""power_user""}"
sub_5c09c0667cda4e,cus_9c5c86a274b91c,6627,price_e99516e195d91e,4900,GBP,month,past_due,2025-01-14 11:36:11.206804,2025-01-14 12:02:11.206804,2025-02-13 12:02:11.206804,False,,,,"{""source"": ""direct"", ""archetype"": ""engaged_free""}"
sub_08e14a6a55ce77,cus_bc4d9300ecb62b,6638,price_9957db0157565f,19900,gbp,month,active,2025-01-24 10:25:49.825158,2025-01-24 10:50:49.825158,2025-02-23 10:50:49.825158,False,,2025-01-15 10:50:49.825158,,"{""source"": ""direct"", ""archetype"": ""enterprise_evaluator""}"
sub_8d9539e8397b11,cus_9cc50a457e2a88,6639,price_175f463cd5d479,29900,gbp,month,active,2025-01-22 15:08:14.309245,2025-01-22 15:36:14.309245,2025-02-21 15:36:14.309245,False,,,,"{""source"": ""linkedin"", ""archetype"": ""power_user""}"
sub_e66266c501e115,cus_74297311d8a1d5,6644,price_0461e3173836a4,29900,USD,year,past_due,2025-02-24 08:20:56.895638,2025-02-24 08:44:56.895638,2025-03-26 08:44:56.895638,False,,2025-02-11 08:44:56.895638,,"{""source"": ""organic"", ""archetype"": ""enterprise_evaluator""}"
sub_c64b8365669414,cus_e2e311ed00fd76,6653,price_08d38db98c144f,19900,eur,month,active,2025-02-11 16:51:53.955356,2025-02-11 17:12:53.955356,2025-03-13 17:12:53.955356,False,,,2025-02-11 17:12:53.955356,"{""source"": ""google_ads"", ""archetype"": ""enterprise_evaluator""}"
sub_c5aa9a194d6b3f,cus_bf4af25e4d026b,6654,price_c06216c70df210,29900,GBP,year,active,2025-03-12 11:23:43.234291,2025-03-12 11:52:43.234291,2025-04-11 11:52:43.234291,False,,,2025-03-12 11:52:43.234291,"{""source"": ""organic"", ""archetype"": ""power_user""}"
sub_f9c99480fdc81d,cus_07529ba828cee3,6685,price_287f92729a8915,19900,gbp,month,active,2025-01-19 14:15:05.097057,2025-01-19 14:31:05.097057,2025-02-18 14:31:05.097057,False,,,,"{""source"": ""google_ads"", ""archetype"": ""enterprise_evaluator""}"
sub_dc23db18f611a1,cus_3824a9419487cb,6691,price_dbe109b02d3b16,9900,Eur,month,active,2025-01-20 12:17:31.398128,2025-01-20 12:43:31.398128,2025-02-19 12:43:31.398128,False,,,,"{""source"": ""partner"", ""archetype"": ""power_user""}"
sub_15334875fee710,cus_65d2c3ee9650be,6697,price_5a723c28baef07,29900,gbp,month,active,2025-02-19 08:31:41.367585,2025-02-19 08:47:41.367585,2025-03-21 08:47:41.367585,False,,2025-02-08 08:47:41.367585,2025-02-19 08:47:41.367585,"{""source"": ""organic"", ""archetype"": ""power_user""}"
sub_44bfe7d08b6684,cus_c282bca9a93702,6702,price_e9bc8f6fb62ee0,9900,gbp,month,unpaid,2025-01-17 18:07:47.513532,2025-01-17 18:33:47.513532,2025-02-16 18:33:47.513532,False,,,,"{""source"": ""partner"", ""archetype"": ""power_user""}"
sub_ed77c1ea8ccd8c,cus_c1e3db7dbaab2f,6704,price_2570bff5106208,29900,eur,month,unpaid,2025-02-09 07:12:52.461341,2025-02-09 07:38:52.461341,2025-03-11 07:38:52.461341,False,,,,"{""source"": ""google_ads"", ""archetype"": ""enterprise_evaluator""}"
sub_08012d895ac4ab,cus_54103336e579a0,6728,price_23157399d6e47a,4900,GBP,month,past_due,2025-01-13 07:58:45.168013,2025-01-13 08:04:45.168013,2025-02-12 08:04:45.168013,False,,,,"{""source"": ""partner"", ""archetype"": ""engaged_free""}"
sub_40760a9a19bce2,cus_87bde255c65a83,6736,price_5b5621931067f8,2900,usd,year,past_due,2025-02-10 10:48:19.421022,2025-02-10 11:01:19.421022,2025-03-12 11:01:19.421022,False,,2025-02-02 11:01:19.421022,,"{""source"": ""direct"", ""archetype"": ""engaged_free""}"
sub_0ef50a540b6d70,cus_5c4737a3c6a2ef,6742,price_d1f3476caf07f1,2900,GBP,month,active,2025-01-18 02:22:17.928784,2025-01-18 02:38:17.928784,2025-02-17 02:38:17.928784,False,,,2025-01-18 02:38:17.928784,"{""source"": ""partner"", ""archetype"": ""engaged_free""}"
sub_397a0b53b09c41,cus_948be5d87deec6,6744,price_8813f665c87852,9900,Eur,month,active,2025-01-14 14:56:58.878705,2025-01-14 15:08:58.878705,2025-02-13 15:08:58.878705,False,,,,"{""source"": ""google_ads"", ""archetype"": ""power_user""}"
sub_775c6d90c0db5c,cus_aaa1b9f4aef661,6756,price_17a3e1071501b6,19900,USD,month,active,2025-01-14 05:34:21.415350,2025-01-14 06:02:21.415350,2025-02-13 06:02:21.415350,False,,,2025-01-14 06:02:21.415350,"{""source"": ""google_ads"", ""archetype"": ""power_user""}"
sub_851186075a7f19,cus_4c952982ff3577,6761,price_da281c772300fd,29900,GBP,month,active,2025-01-20 06:45:51.894897,2025-01-20 07:03:51.894897,2025-02-19 07:03:51.894897,False,,2025-01-06 07:03:51.894897,,"{""source"": ""partner"", ""archetype"": ""enterprise_evaluator""}"
sub_23183a33037248,cus_c1e76e02273205,6769,price_6bacfa36414ab2,9900,Eur,month,active,2025-02-13 01:36:19.023682,2025-02-13 01:42:19.023682,2025-03-15 01:42:19.023682,False,,,2025-02-13 01:42:19.023682,"{""source"": ""linkedin"", ""archetype"": ""power_user""}"
sub_1db730df1838e6,cus_d7767a01ef1d05,6770,price_80d548729b652c,4900,USD,month,active,2025-01-19 09:09:24.814218,2025-01-19 09:17:24.814218,2025-02-18 09:17:24.814218,False,,,2025-01-19 09:17:24.814218,"{""source"": ""partner"", ""archetype"": ""engaged_free""}"
sub_e683644c16e18f,cus_897e987720c25e,6772,price_bc463f26ac1c09,29900,GBP,month,active,2025-01-22 11:24:56.631027,2025-01-22 11:36:56.631027,2025-02-21 11:36:56.631027,False,,2025-01-12 11:36:56.631027,,"{""source"": ""partner"", ""archetype"": ""power_user""}"
sub_8fb5ef2baeea75,cus_d941fbe25055d5,6780,price_fd3a73fa60f4c1,19900,usd,month,active,2025-01-06 20:08:31.893116,2025-01-06 20:23:31.893116,2025-02-05 20:23:31.893116,False,,,,"{""source"": ""referral"", ""archetype"": ""power_user""}"
sub_c715134946f409,cus_a9f5660a4982b5,6782,price_af67145d9887cb,9900,eur,month,active,2025-01-11 17:19:29.466853,2025-01-11 17:38:29.466853,2025-02-10 17:38:29.466853,False,,,2025-01-11 17:38:29.466853,"{""source"": ""partner"", ""archetype"": ""power_user""}"
sub_9fa425cbcbac24,cus_093f00779099f3,6796,price_29f36dcc7cd065,2900,gbp,month,active,2025-01-27 13:02:00.896624,2025-01-27 13:32:00.896624,2025-02-26 13:32:00.896624,False,,,,"{""source"": ""google_ads"", ""archetype"": ""engaged_free""}"
sub_189cd0726ebe18,cus_31efed3c334bad,6814,price_04133402be856e,29900,Eur,month,active,2025-01-09 14:54:28.111227,2025-01-09 14:56:28.111227,2025-02-08 14:56:28.111227,False,,,2025-01-09 14:56:28.111227,"{""source"": ""google_ads"", ""archetype"": ""power_user""}"
sub_2471001a4de8db,cus_101ef2afbc0b3b,6815,price_583cb6d694c829,9900,USD,month,active,2025-01-16 23:29:12.618635,2025-01-16 23:48:12.618635,2025-02-15 23:48:12.618635,False,,,,"{""source"": ""direct"", ""archetype"": ""power_user""}"
sub_c4ea7874cbdbe4,cus_5410140821a99f,6818,price_1a8d2922413302,2900,USD,year,canceled,2025-01-12 16:12:25.391055,2025-01-12 16:20:25.391055,2025-02-11 16:20:25.391055,True,2025-01-19 22:02:48.379519,,,"{""source"": ""organic"", ""archetype"": ""engaged_free""}"
sub_5f8036bd4eed20,cus_0a3e1ca75e38ac,6826,price_41df86d061ad10,29900,USD,month,active,2025-02-15 09:50:16.205795,2025-02-15 09:54:16.205795,2025-03-17 09:54:16.205795,False,,,2025-02-15 09:54:16.205795,"{""source"": ""linkedin"", ""archetype"": ""enterprise_evaluator""}"
sub_d5988ccfc425cd,cus_1814fe19db5444,6832,price_6c6ad20dddeb96,9900,GBP,month,active,2025-01-11 04:51:51.127414,2025-01-11 05:04:51.127414,2025-02-10 05:04:51.127414,False,,,,"{""source"": ""organic"", ""archetype"": ""power_user""}"
sub_3cb4da95a84493,cus_b718ddbcddf57a,6836,price_7640928571342b,2900,Eur,month,active,2025-02-20 22:54:35.627709,2025-02-20 23:21:35.627709,2025-03-22 23:21:35.627709,False,,,,"{""source"": ""direct"", ""archetype"": ""engaged_free""}"
sub_d836cc93a77e13,cus_281590cf2b75b9,6839,price_5ea6ac4970654c,4900,eur,month,canceled,2025-02-19 14:08:17.498517,2025-02-19 14:16:17.498517,2025-03-21 14:16:17.498517,True,2025-02-24 09:16:43.003367,,,"{""source"": ""referral"", ""archetype"": ""engaged_free""}"
sub_cd9af7b935684b,cus_05d98c8ff12d3c,6841,price_069c572b62210e,2900,gbp,month,unpaid,2025-01-26 09:50:38.084799,2025-01-26 10:13:38.084799,2025-02-25 10:13:38.084799,False,,2025-01-13 10:13:38.084799,,"{""source"": ""referral"", ""archetype"": ""support_heavy""}"
sub_636c5880eb38e0,cus_0806aca2a9de99,6854,price_3022290bf4e1cf,2900,USD,month,active,2025-01-19 22:39:34.178858,2025-01-19 23:03:34.178858,2025-02-18 23:03:34.178858,False,,,,"{""source"": ""google_ads"", ""archetype"": ""engaged_free""}"
sub_bff01770dd5abb,cus_5ccf6e4564c802,6865,price_5127b7591f02b2,19900,USD,month,active,2025-01-24 12:37:18.523337,2025-01-24 13:02:18.523337,2025-02-23 13:02:18.523337,False,,,2025-01-24 13:02:18.523337,"{""source"": ""google_ads"", ""archetype"": ""enterprise_evaluator""}"
sub_36c9c798aebd84,cus_679605d210d018,6866,price_3839ca34ca7f07,19900,GBP,year,active,2025-01-17 23:51:33.969352,2025-01-18 00:04:33.969352,2025-02-17 00:04:33.969352,False,,2025-01-11 00:04:33.969352,,"{""source"": ""organic"", ""archetype"": ""power_user""}"
sub_0bd66c3029abad,cus_993ba8b0209208,6867,price_cb245e60018e7b,19900,eur,month,active,2025-01-13 09:50:23.044509,2025-01-13 10:14:23.044509,2025-02-12 10:14:23.044509,False,,,,"{""source"": ""referral"", ""archetype"": ""power_user""}"
sub_9f495a9beb4728,cus_8c9fcfb540d025,6881,price_8f0dbe42fbd94a,4900,eur,year,active,2025-01-19 21:35:05.602048,2025-01-19 22:03:05.602048,2025-02-18 22:03:05.602048,False,,2025-01-10 22:03:05.602048,2025-01-19 22:03:05.602048,"{""source"": ""organic"", ""archetype"": ""engaged_free""}"
sub_b6c61b825cd038,cus_c4174215912527,6885,price_1c0101e1073df2,2900,usd,month,active,2025-01-25 01:54:29.151651,2025-01-25 01:59:29.151651,2025-02-24 01:59:29.151651,False,,,,"{""source"": ""referral"", ""archetype"": ""casual_explorer""}"
sub_6907a57dac2de7,cus_3efc34480e8504,6889,price_2c32c402725f87,29900,eur,month,active,2025-01-21 19:52:45.078210,2025-01-21 20:07:45.078210,2025-02-20 20:07:45.078210,False,,2025-01-11 20:07:45.078210,,"{""source"": ""direct"", ""archetype"": ""enterprise_evaluator""}"
sub_0fb7bcb16eafd8,cus_0f4cf44cc7e362,6903,price_5b4a2e8e347dd1,29900,GBP,month,active,2025-01-26 10:38:37.417305,2025-01-26 10:50:37.417305,2025-02-25 10:50:37.417305,False,,2025-01-14 10:50:37.417305,,"{""source"": ""google_ads"", ""archetype"": ""power_user""}"
sub_06068f005f367f,cus_5a4c89e04fe5ff,6906,price_ba05c12da78cf9,19900,GBP,month,active,2025-01-26 14:33:38.937062,2025-01-26 14:36:38.937062,2025-02-25 14:36:38.937062,False,,,,"{""source"": ""partner"", ""archetype"": ""power_user""}"
sub_bd9a8f4bf8da4a,cus_f2cf8ad4249790,6910,price_c364505e2c574c,29900,eur,month,active,2025-01-08 13:53:39.150204,2025-01-08 13:55:39.150204,2025-02-07 13:55:39.150204,False,,,2025-01-08 13:55:39.150204,"{""source"": ""google_ads"", ""archetype"": ""enterprise_evaluator""}"
sub_a12248f6579cc3,cus_b3e619e5c81408,6926,price_255f020ec6ebba,2900,gbp,month,unpaid,2025-01-25 01:57:32.961619,2025-01-25 02:01:32.961619,2025-02-24 02:01:32.961619,False,,2025-01-12 02:01:32.961619,,"{""source"": ""direct"", ""archetype"": ""casual_explorer""}"
sub_7b98fc53ab685e,cus_932b892c61aaa3,6928,price_f9f5904684d506,29900,usd,month,active,2025-02-01 20:40:35.569650,2025-02-01 20:52:35.569650,2025-03-03 20:52:35.569650,False,,,,"{""source"": ""direct"", ""archetype"": ""enterprise_evaluator""}"
sub_117d5a231a1482,cus_c1264c0e94171e,6937,price_7fa18a86c3c8b4,9900,gbp,month,active,2025-01-19 23:13:17.278754,2025-01-19 23:26:17.278754,2025-02-18 23:26:17.278754,False,,,,"{""source"": ""google_ads"", ""archetype"": ""power_user""}"
sub_b96a7a450f5673,cus_c45266f7407a79,6938,price_b7012d1728cffc,29900,GBP,year,past_due,2025-01-26 23:55:35.464512,2025-01-27 00:16:35.464512,2025-02-26 00:16:35.464512,False,,,,"{""source"": ""organic"", ""archetype"": ""power_user""}"
sub_1a066619447deb,cus_a4a79f36851ad2,6965,price_277cdf64c58c56,29900,Eur,month,active,2025-01-16 11:54:05.590766,2025-01-16 12:21:05.590766,2025-02-15 12:21:05.590766,False,,,,"{""source"": ""direct"", ""archetype"": ""power_user""}"
sub_5cdcf8a499766a,cus_7f1add8252f3d9,6966,price_e5d9c189ed040f,19900,Eur,month,past_due,2025-02-14 20:00:03.815654,2025-02-14 20:02:03.815654,2025-03-16 20:02:03.815654,False,,,2025-02-14 20:02:03.815654,"{""source"": ""partner"", ""archetype"": ""enterprise_evaluator""}"
sub_a3d7a117f3b019,cus_14fd77826bd853,6972,price_7aa6c460996f7f,2900,USD,month,active,2025-01-31 11:11:16.846468,2025-01-31 11:18:16.846468,2025-03-02 11:18:16.846468,False,,,,"{""source"": ""direct"", ""archetype"": ""engaged_free""}"
sub_f89283ee7e71c1,cus_46456461eb4448,6975,price_c1c8afc7f9cac2,19900,USD,month,active,2025-01-31 12:05:27.544958,2025-01-31 12:25:27.544958,2025-03-02 12:25:27.544958,False,,2025-01-22 12:25:27.544958,2025-01-31 12:25:27.544958,"{""source"": ""partner"", ""archetype"": ""power_user""}"
sub_2ddad8f97faab5,cus_c67e4e541d623f,6978,price_7b762e2e4e4b24,9900,eur,year,past_due,2025-01-08 12:25:24.508317,2025-01-08 12:50:24.508317,2025-02-07 12:50:24.508317,False,,,,"{""source"": ""organic"", ""archetype"": ""power_user""}"
sub_5a45b5189a50cb,cus_2792fce23d5a9c,6981,price_dfceff612bb4e3,29900,USD,month,active,2025-01-27 14:14:01.516784,2025-01-27 14:43:01.516784,2025-02-26 14:43:01.516784,False,,2025-01-20 14:43:01.516784,,"{""source"": ""google_ads"", ""archetype"": ""enterprise_evaluator""}"
sub_8ad3872d020b04,cus_de86fbaa4e1ecb,6984,price_9aac88b5ee73ec,29900,eur,month,active,2025-01-19 12:14:27.078405,2025-01-19 12:34:27.078405,2025-02-18 12:34:27.078405,False,,,2025-01-19 12:34:27.078405,"{""source"": ""direct"", ""archetype"": ""enterprise_evaluator""}"
sub_fb63c1117c915f,cus_6861f6db2430c2,6990,price_1924d3e676a98b,29900,eur,year,active,2025-01-15 13:15:06.670295,2025-01-15 13:41:06.670295,2025-02-14 13:41:06.670295,False,,,2025-01-15 13:41:06.670295,"{""source"": ""organic"", ""archetype"": ""power_user""}"
sub_a49a3bd2512e72,cus_602d709103a648,6991,price_00b9d9e2397d6c,9900,Eur,month,active,2025-01-30 08:03:22.595848,2025-01-30 08:29:22.595848,2025-03-01 08:29:22.595848,False,,2025-01-23 08:29:22.595848,,"{""source"": ""direct"", ""archetype"": ""power_user""}"
sub_0633cd9c4a57f5,cus_9ddfa27ef54ed4,6998,price_187007d57fbc00,29900,eur,month,active,2025-02-06 02:37:34.078702,2025-02-06 02:59:34.078702,2025-03-08 02:59:34.078702,False,,2025-01-24 02:59:34.078702,,"{""source"": ""referral"", ""archetype"": ""enterprise_evaluator""}"
sub_d4467c9bf40fa4,cus_d0010847d4f5e4,7001,price_1733d159db126e,29900,Eur,month,active,2025-03-01 12:57:24.514952,2025-03-01 13:20:24.514952,2025-03-31 13:20:24.514952,False,,,,"{""source"": ""referral"", ""archetype"": ""power_user""}"
sub_5079089d34ad60,cus_ec6f2e768bcbab,7005,price_6cdde6bb8d6807,19900,USD,month,active,2025-01-25 12:40:15.264582,2025-01-25 12:58:15.264582,2025-02-24 12:58:15.264582,False,,,,"{""source"": ""organic"", ""archetype"": ""power_user""}"
sub_c6c6525d4d1962,cus_dba6de21b01268,7015,price_ccff1cb863134d,4900,eur,year,active,2025-01-18 03:43:42.805026,2025-01-18 04:10:42.805026,2025-02-17 04:10:42.805026,False,,,,"{""source"": ""partner"", ""archetype"": ""engaged_free""}"
sub_a70f890ebb35b9,cus_c089c4729864df,7016,price_f8c54c9f079b2e,4900,USD,month,active,2025-02-01 12:59:23.240226,2025-02-01 13:20:23.240226,2025-03-03 13:20:23.240226,False,,2025-01-18 13:20:23.240226,2025-02-01 13:20:23.240226,"{""source"": ""google_ads"", ""archetype"": ""engaged_free""}"
sub_033acb96a48dee,cus_479ce5f862cea4,7022,price_4cb481ac695966,4900,Eur,year,active,2025-01-26 03:26:52.033110,2025-01-26 03:50:52.033110,2025-02-25 03:50:52.033110,False,,,,"{""source"": ""google_ads"", ""archetype"": ""engaged_free""}"
sub_f8cfeb4c42c365,cus_913b43cd4a25ee,7023,price_4423ff08c08ff4,29900,USD,month,active,2025-01-28 23:11:07.488760,2025-01-28 23:28:07.488760,2025-02-27 23:28:07.488760,False,,,,"{""source"": ""organic"", ""archetype"": ""enterprise_evaluator""}"
sub_30f8f124018237,cus_d61efc5bb7e3aa,7024,price_9e0ee94deabac0,4900,usd,month,active,2025-01-18 00:12:34.670010,2025-01-18 00:40:34.670010,2025-02-17 00:40:34.670010,False,,,,"{""source"": ""organic"", ""archetype"": ""engaged_free""}"
sub_65dd0722d16b64,cus_e127aa3d16e4e3,7039,price_bee8eba287d900,29900,gbp,month,active,2025-01-25 10:27:00.033133,2025-01-25 10:34:00.033133,2025-02-24 10:34:00.033133,False,,2025-01-17 10:34:00.033133,2025-01-25 10:34:00.033133,"{""source"": ""organic"", ""archetype"": ""enterprise_evaluator""}"
sub_ab78f536622a71,cus_12b903c574d02c,7053,price_0b2801fa4cffae,2900,usd,month,active,2025-01-15 23:26:24.771219,2025-01-15 23:41:24.771219,2025-02-14 23:41:24.771219,False,,,,"{""source"": ""direct"", ""archetype"": ""support_heavy""}"
sub_c33831493b39d1,cus_9f2fca91d09688,7056,price_a42746eb342f05,9900,GBP,month,active,2025-02-10 16:18:10.749469,2025-02-10 16:31:10.749469,2025-03-12 16:31:10.749469,False,,,,"{""source"": ""partner"", ""archetype"": ""power_user""}"
sub_cd298c165e5842,cus_7c3cef013993fb,7057,price_cd45e7a4c0aef3,19900,gbp,month,active,2025-01-22 22:09:09.549099,2025-01-22 22:18:09.549099,2025-02-21 22:18:09.549099,False,,,,"{""source"": ""partner"", ""archetype"": ""power_user""}"
sub_8805c6b027aea8,cus_ea02f476146d7a,7059,price_774c556ea974c5,29900,gbp,month,active,2025-01-06 21:44:43.201488,2025-01-06 21:57:43.201488,2025-02-05 21:57:43.201488,False,,2024-12-29 21:57:43.201488,,"{""source"": ""google_ads"", ""archetype"": ""enterprise_evaluator""}"
sub_34a32317bedab7,cus_a4af46c3f3052f,7061,price_9f5ca41e1c18e8,19900,Eur,month,active,2025-01-06 04:13:36.302812,2025-01-06 04:29:36.302812,2025-02-05 04:29:36.302812,False,,2024-12-29 04:29:36.302812,,"{""source"": ""linkedin"", ""archetype"": ""power_user""}"
sub_7071ee1d8a5a3c,cus_30d0c4b8f71864,7085,price_63905f395847a3,29900,GBP,year,active,2025-02-11 02:58:24.550550,2025-02-11 02:59:24.550550,2025-03-13 02:59:24.550550,False,,2025-01-31 02:59:24.550550,,"{""source"": ""linkedin"", ""archetype"": ""power_user""}"
sub_9ff84011abec50,cus_e529d5b323f404,7090,price_998d5c06b7fbb5,4900,eur,year,active,2025-03-12 09:24:30.320241,2025-03-12 09:46:30.320241,2025-04-11 09:46:30.320241,False,,,,"{""source"": ""google_ads"", ""archetype"": ""engaged_free""}"
sub_8fc3fe8ffef991,cus_6bfbd54c68a900,7094,price_517a94b7a1b3db,19900,gbp,month,active,2025-02-04 19:54:13.636454,2025-02-04 19:59:13.636454,2025-03-06 19:59:13.636454,False,,,,"{""source"": ""referral"", ""archetype"": ""power_user""}"
sub_4f7a53137ce2fa,cus_b08d2fffb8e564,7099,price_fb3fcbbdba1e05,19900,Eur,month,active,2025-01-16 10:44:40.786071,2025-01-16 10:50:40.786071,2025-02-15 10:50:40.786071,False,,,2025-01-16 10:50:40.786071,"{""source"": ""referral"", ""archetype"": ""power_user""}"
sub_b10e51707f5f60,cus_bc6d36ac2da4e3,7103,price_13bd35a3a605aa,19900,gbp,month,active,2025-01-19 20:31:32.691540,2025-01-19 20:32:32.691540,2025-02-18 20:32:32.691540,False,,,,"{""source"": ""direct"", ""archetype"": ""power_user""}"
sub_79bff30890fcc7,cus_d90a6faac85f1c,7111,price_2b0248e13a05c0,29900,gbp,month,active,2025-01-29 04:34:38.366785,2025-01-29 04:59:38.366785,2025-02-28 04:59:38.366785,False,,,,"{""source"": ""partner"", ""archetype"": ""power_user""}"
sub_17b11413006d13,cus_7d4788f77e519b,7132,price_8585d86ce5417c,29900,GBP,month,unpaid,2025-01-11 13:28:44.001170,2025-01-11 13:36:44.001170,2025-02-10 13:36:44.001170,False,,2025-01-04 13:36:44.001170,2025-01-11 13:36:44.001170,"{""source"": ""referral"", ""archetype"": ""enterprise_evaluator""}"
sub_a1c21acf5663d6,cus_9fe671e8eaf943,7133,price_27c466c7cf4142,4900,gbp,year,canceled,2025-01-22 13:19:13.696788,2025-01-22 13:31:13.696788,2025-02-21 13:31:13.696788,True,2025-02-24 11:58:41.115728,,,"{""source"": ""direct"", ""archetype"": ""engaged_free""}"
sub_27bb54f3c12ec2,cus_e586c2a50a3a3f,7140,price_10eaa8e0dda99d,19900,Eur,month,active,2025-01-18 09:41:43.356091,2025-01-18 09:57:43.356091,2025-02-17 09:57:43.356091,False,,,,"{""source"": ""referral"", ""archetype"": ""power_user""}"
sub_20820e7c80f068,cus_de11f6a8aaabb4,7146,price_90f946cef364d7,29900,usd,month,active,2025-01-25 04:47:41.069840,2025-01-25 05:06:41.069840,2025-02-24 05:06:41.069840,False,,,2025-01-25 05:06:41.069840,"{""source"": ""referral"", ""archetype"": ""power_user""}"
sub_186cba3aed9ee0,cus_62fb7a42d5d483,7149,price_7775f4ad328459,9900,Eur,year,active,2025-01-28 21:56:30.350902,2025-01-28 22:22:30.350902,2025-02-27 22:22:30.350902,False,,2025-01-16 22:22:30.350902,,"{""source"": ""referral"", ""archetype"": ""power_user""}"
sub_6f347b4082afb6,cus_d4410404a7005b,7154,price_92af4b8b98d2b1,29900,usd,month,active,2025-01-29 16:52:45.376884,2025-01-29 17:02:45.376884,2025-02-28 17:02:45.376884,False,,,,"{""source"": ""partner"", ""archetype"": ""enterprise_evaluator""}"
sub_f8e965df354a82,cus_b9845d836fc759,7156,price_acc67ffda30e2b,29900,usd,month,active,2025-02-12 23:07:13.774842,2025-02-12 23:35:13.774842,2025-03-14 23:35:13.774842,False,,2025-01-31 23:35:13.774842,2025-02-12 23:35:13.774842,"{""source"": ""partner"", ""archetype"": ""enterprise_evaluator""}"
sub_c590d8ff9c9f1a,cus_fe1c5e55669fa0,7166,price_89969e1edfa9c8,29900,USD,month,active,2025-01-14 05:05:33.860426,2025-01-14 05:26:33.860426,2025-02-13 05:26:33.860426,False,,2024-12-31 05:26:33.860426,,"{""source"": ""direct"", ""archetype"": ""power_user""}"
sub_a1d582bb582268,cus_5a019cf93353f6,7174,price_c4fcff4904854e,19900,Eur,month,unpaid,2025-02-13 16:49:21.439356,2025-02-13 17:05:21.439356,2025-03-15 17:05:21.439356,False,,,,"{""source"": ""linkedin"", ""archetype"": ""power_user""}"
sub_4b845425aa6a52,cus_85377972102d44,7176,price_4dda61ebcc5606,9900,GBP,month,active,2025-02-03 07:31:32.519767,2025-02-03 07:33:32.519767,2025-03-05 07:33:32.519767,False,,,,"{""source"": ""linkedin"", ""archetype"": ""power_user""}"
sub_9562fbe5c8d97e,cus_e928f146ef4efc,7178,price_0bd47b673e7b6c,19900,gbp,month,active,2025-01-18 06:22:32.040954,2025-01-18 06:50:32.040954,2025-02-17 06:50:32.040954,False,,,,"{""source"": ""referral"", ""archetype"": ""enterprise_evaluator""}"
sub_4426a034ebb123,cus_e639dc732a0e8d,7194,price_3cbfc0d22df28a,19900,gbp,month,past_due,2025-01-16 04:57:41.456303,2025-01-16 05:22:41.456303,2025-02-15 05:22:41.456303,False,,,2025-01-16 05:22:41.456303,"{""source"": ""partner"", ""archetype"": ""enterprise_evaluator""}"
sub_c588ba3cee28b5,cus_a36b4284b51212,7195,price_0c6e9ae9d50b15,4900,gbp,year,unpaid,2025-01-16 02:09:13.620849,2025-01-16 02:15:13.620849,2025-02-15 02:15:13.620849,False,,,,"{""source"": ""partner"", ""archetype"": ""engaged_free""}"
sub_8195ac20351b00,cus_ab8ad07d5027b4,7196,price_58b98bf8f7d1f4,2900,GBP,month,active,2025-02-17 16:07:32.901680,2025-02-17 16:31:32.901680,2025-03-19 16:31:32.901680,False,,2025-02-09 16:31:32.901680,,"{""source"": ""referral"", ""archetype"": ""engaged_free""}"
sub_ca9110257c5de8,cus_72abe5346cff68,7198,price_8051df8fd95375,19900,USD,month,active,2025-01-18 16:54:58.904366,2025-01-18 17:22:58.904366,2025-02-17 17:22:58.904366,False,,,,"{""source"": ""linkedin"", ""archetype"": ""enterprise_evaluator""}"
sub_12c9fcd6f825c0,cus_4a1b64a93d0df0,7205,price_921e51cf9a54c0,19900,usd,month,active,2025-02-03 09:41:01.401500,2025-02-03 09:47:01.401500,2025-03-05 09:47:01.401500,False,,,,"{""source"": ""google_ads"", ""archetype"": ""power_user""}"
sub_39ad6786d1e82b,cus_6500c85085e335,7211,price_adc3f19d790b8d,29900,GBP,month,active,2025-01-18 10:31:10.108992,2025-01-18 10:59:10.108992,2025-02-17 10:59:10.108992,False,,2025-01-09 10:59:10.108992,,"{""source"": ""google_ads"", ""archetype"": ""power_user""}"
sub_b608d0c1d88c64,cus_2731b851d03d25,7219,price_020d4a3c3ea6ff,19900,usd,month,active,2025-02-21 12:08:42.843318,2025-02-21 12:13:42.843318,2025-03-23 12:13:42.843318,False,,,2025-02-21 12:13:42.843318,"{""source"": ""google_ads"", ""archetype"": ""enterprise_evaluator""}"
sub_bf519795112659,cus_c441c545a4ef4d,7225,price_970928f002ecb1,2900,GBP,year,active,2025-01-17 09:46:30.503295,2025-01-17 09:59:30.503295,2025-02-16 09:59:30.503295,False,,,,"{""source"": ""partner"", ""archetype"": ""engaged_free""}"
sub_d751aa82a7e435,cus_9227e9430e0610,7228,price_f8e5ba8e7a23d4,2900,GBP,month,active,2025-02-02 14:01:32.471638,2025-02-02 14:12:32.471638,2025-03-04 14:12:32.471638,False,,2025-01-24 14:12:32.471638,,"{""source"": ""direct"", ""archetype"": ""engaged_free""}"
sub_53147b08b1dee1,cus_e3579171f9ca68,7232,price_267dcc3f257c4b,2900,Eur,year,active,2025-01-14 06:35:00.746990,2025-01-14 06:49:00.746990,2025-02-13 06:49:00.746990,False,,2024-12-31 06:49:00.746990,2025-01-14 06:49:00.746990,"{""source"": ""partner"", ""archetype"": ""engaged_free""}"
sub_09f3046ca800f0,cus_ae066bad0ad664,7234,price_76ff5918694bba,29900,GBP,month,active,2025-01-24 05:54:20.123809,2025-01-24 05:57:20.123809,2025-02-23 05:57:20.123809,False,,,,"{""source"": ""direct"", ""archetype"": ""power_user""}"
sub_c5f2cb26923f2b,cus_9a85c791fdf995,7247,price_40a71fdfe58220,29900,usd,month,canceled,2025-02-13 15:45:54.320182,2025-02-13 15:52:54.320182,2025-03-15 15:52:54.320182,True,2025-03-13 16:48:35.539926,,,"{""source"": ""google_ads"", ""archetype"": ""enterprise_evaluator""}"
sub_fdb5ed980c2b1a,cus_2298ad27bbff3d,7250,price_01a11ec2f37bda,19900,Eur,month,active,2025-01-21 07:01:38.820718,2025-01-21 07:28:38.820718,2025-02-20 07:28:38.820718,False,,,2025-01-21 07:28:38.820718,"{""source"": ""partner"", ""archetype"": ""enterprise_evaluator""}"
sub_c577f8e960c0b8,cus_54735792152e21,7251,price_ceb7d87cf0aa41,29900,Eur,year,active,2025-01-28 23:38:11.618525,2025-01-28 23:55:11.618525,2025-02-27 23:55:11.618525,False,,,,"{""source"": ""referral"", ""archetype"": ""power_user""}"
sub_a6ab610c8e4a04,cus_bc1db171adf28b,7257,price_80f00fea77dd76,9900,gbp,month,active,2025-02-08 10:22:37.326433,2025-02-08 10:32:37.326433,2025-03-10 10:32:37.326433,False,,2025-01-26 10:32:37.326433,2025-02-08 10:32:37.326433,"{""source"": ""referral"", ""archetype"": ""power_user""}"
sub_2e3e847df7f97f,cus_bbaad5efeabc4c,7263,price_d6a6f41b54abfb,19900,gbp,year,active,2025-01-06 13:22:30.936446,2025-01-06 13:42:30.936446,2025-02-05 13:42:30.936446,False,,,,"{""source"": ""referral"", ""archetype"": ""power_user""}"
sub_77767227ee8e20,cus_61b1521cf3d156,7265,price_405a99e815de7e,9900,GBP,month,active,2025-04-13 13:00:09.314233,2025-04-13 13:13:09.314233,2025-05-13 13:13:09.314233,False,,,,"{""source"": ""google_ads"", ""archetype"": ""power_user""}"
sub_5fe90251ed5441,cus_de9f6ab8392839,7268,price_93edcf3f1c4510,9900,eur,year,active,2025-01-21 12:02:44.170197,2025-01-21 12:30:44.170197,2025-02-20 12:30:44.170197,False,,,,"{""source"": ""linkedin"", ""archetype"": ""power_user""}"
sub_2c40a3886a639f,cus_462d3f9fad7950,7281,price_1287fcfc4308c2,19900,usd,year,active,2025-01-19 13:36:06.467420,2025-01-19 13:40:06.467420,2025-02-18 13:40:06.467420,False,,,,"{""source"": ""referral"", ""archetype"": ""power_user""}"
sub_145a77a171b88a,cus_fffda5f6a879b1,7290,price_c61e85a0483fd6,2900,gbp,month,active,2025-01-09 12:10:19.317609,2025-01-09 12:28:19.317609,2025-02-08 12:28:19.317609,False,,,,"{""source"": ""direct"", ""archetype"": ""engaged_free""}"
sub_7ce473efb8570e,cus_04965b8b122427,7296,price_cbc01b1f957dcb,9900,USD,month,active,2025-01-27 02:06:54.018524,2025-01-27 02:33:54.018524,2025-02-26 02:33:54.018524,False,,,,"{""source"": ""organic"", ""archetype"": ""power_user""}"
sub_45c8b9eddea0c1,cus_d8b58ccdba6de6,7297,price_f3c890280e59b0,19900,eur,month,active,2025-02-13 21:36:03.398639,2025-02-13 21:52:03.398639,2025-03-15 21:52:03.398639,False,,,,"{""source"": ""referral"", ""archetype"": ""enterprise_evaluator""}"
sub_7181d32b805d2d,cus_68f51e6e509076,7301,price_01e9c09251b39f,29900,usd,month,active,2025-01-21 16:32:47.041586,2025-01-21 16:51:47.041586,2025-02-20 16:51:47.041586,False,,2025-01-10 16:51:47.041586,,"{""source"": ""linkedin"", ""archetype"": ""enterprise_evaluator""}"
sub_c406ed80980e9f,cus_a38dc32412ce50,7305,price_2e8e039e74d358,19900,GBP,month,active,2025-01-07 21:03:47.037629,2025-01-07 21:14:47.037629,2025-02-06 21:14:47.037629,False,,2024-12-27 21:14:47.037629,2025-01-07 21:14:47.037629,"{""source"": ""linkedin"", ""archetype"": ""power_user""}"
sub_af9e5ed8aedc53,cus_84e44652ef29ea,7308,price_01c1c688cca9eb,9900,gbp,month,active,2025-01-09 06:00:46.725784,2025-01-09 06:10:46.725784,2025-02-08 06:10:46.725784,False,,2025-01-01 06:10:46.725784,,"{""source"": ""referral"", ""archetype"": ""power_user""}"
sub_ed68d3bd536b16,cus_73aaef50368de3,7309,price_898e5495424024,19900,usd,year,active,2025-01-16 11:05:14.431248,2025-01-16 11:18:14.431248,2025-02-15 11:18:14.431248,False,,,,"{""source"": ""google_ads"", ""archetype"": ""power_user""}"
sub_33e803209d79cc,cus_75edc8ff97837f,7338,price_e0a4c585b33f77,19900,usd,year,active,2025-01-14 15:46:55.760192,2025-01-14 16:05:55.760192,2025-02-13 16:05:55.760192,False,,2025-01-04 16:05:55.760192,,"{""source"": ""google_ads"", ""archetype"": ""enterprise_evaluator""}"
sub_ede6720fa2a2c7,cus_3d39f6ed34e48c,7339,price_5c39dd8d624086,2900,gbp,month,past_due,2025-01-23 10:22:33.060183,2025-01-23 10:46:33.060183,2025-02-22 10:46:33.060183,False,,2025-01-14 10:46:33.060183,2025-01-23 10:46:33.060183,"{""source"": ""referral"", ""archetype"": ""engaged_free""}"
sub_f4eb5c6d10b4f2,cus_6e39a4e866e465,7340,price_7ebc225b12d11d,2900,Eur,month,canceled,2025-03-17 10:41:08.299807,2025-03-17 11:10:08.299807,2025-04-16 11:10:08.299807,True,2025-03-31 12:49:38.807483,2025-03-09 11:10:08.299807,,"{""source"": ""organic"", ""archetype"": ""engaged_free""}"
sub_a36b683fa7524d,cus_e5bdb72d6f9e8f,7348,price_fda23884f972f2,2900,GBP,year,unpaid,2025-02-10 21:36:52.142684,2025-02-10 21:41:52.142684,2025-03-12 21:41:52.142684,False,,,,"{""source"": ""partner"", ""archetype"": ""support_heavy""}"
sub_c306f488c39fa4,cus_c57e0cebe0aed4,7363,price_33adaed6cb0138,2900,Eur,month,active,2025-01-10 03:07:55.517247,2025-01-10 03:28:55.517247,2025-02-09 03:28:55.517247,False,,,2025-01-10 03:28:55.517247,"{""source"": ""linkedin"", ""archetype"": ""engaged_free""}"
sub_29fcf81330ff85,cus_1930a4cdb418c2,7364,price_e13d4fe343f4d5,2900,gbp,month,active,2025-01-22 19:50:32.022045,2025-01-22 20:19:32.022045,2025-02-21 20:19:32.022045,False,,,2025-01-22 20:19:32.022045,"{""source"": ""direct"", ""archetype"": ""engaged_free""}"
sub_ac2c616c4d96c0,cus_b54a1ff65a34c3,7365,price_8cbea8211e40ac,19900,usd,month,past_due,2025-01-26 03:04:21.041171,2025-01-26 03:24:21.041171,2025-02-25 03:24:21.041171,False,,,,"{""source"": ""referral"", ""archetype"": ""enterprise_evaluator""}"
sub_a7c393d198b325,cus_cee25483c93d65,7370,price_4ddcf9440b8e1e,4900,Eur,month,unpaid,2025-01-13 06:31:37.325132,2025-01-13 06:51:37.325132,2025-02-12 06:51:37.325132,False,,,2025-01-13 06:51:37.325132,"{""source"": ""linkedin"", ""archetype"": ""engaged_free""}"
sub_3d481d1a78070f,cus_8e0912b88da366,7376,price_f0c75671652d92,29900,eur,month,active,2025-01-25 05:03:40.934214,2025-01-25 05:25:40.934214,2025-02-24 05:25:40.934214,False,,,,"{""source"": ""organic"", ""archetype"": ""enterprise_evaluator""}"
sub_3961873278637d,cus_0dfd9bdbd3a29d,7400,price_a2b2920c95cbe6,2900,usd,year,unpaid,2025-01-02 08:13:15.290747,2025-01-02 08:31:15.290747,2025-02-01 08:31:15.290747,False,,,,"{""source"": ""organic"", ""archetype"": ""casual_explorer""}"
sub_ac5f977cade29c,cus_320b5b81742ab6,7406,price_859f48ed6d341e,19900,USD,month,active,2025-01-13 06:03:46.135742,2025-01-13 06:31:46.135742,2025-02-12 06:31:46.135742,False,,,2025-01-13 06:31:46.135742,"{""source"": ""direct"", ""archetype"": ""enterprise_evaluator""}"
sub_a6664c65be00aa,cus_bd51cad64d5acb,7414,price_a7d10796ca5486,29900,usd,month,active,2025-01-20 11:22:19.877806,2025-01-20 11:48:19.877806,2025-02-19 11:48:19.877806,False,,,2025-01-20 11:48:19.877806,"{""source"": ""organic"", ""archetype"": ""power_user""}"
sub_ed817839c083d1,cus_e7e0e2e98092a8,7432,price_3dfd658a1835b1,19900,usd,month,unpaid,2025-02-05 23:38:13.414099,2025-02-05 23:49:13.414099,2025-03-07 23:49:13.414099,False,,2025-01-22 23:49:13.414099,,"{""source"": ""direct"", ""archetype"": ""power_user""}"
sub_8db05795ccea84,cus_38c481e4da58ed,7439,price_67e57087cd39d5,19900,USD,year,unpaid,2025-02-07 10:01:18.234162,2025-02-07 10:25:18.234162,2025-03-09 10:25:18.234162,False,,2025-01-29 10:25:18.234162,2025-02-07 10:25:18.234162,"{""source"": ""partner"", ""archetype"": ""enterprise_evaluator""}"
sub_f087d0d29f6458,cus_3acdebc0e58ebc,7440,price_985535f7fa9724,29900,eur,month,active,2025-01-28 01:53:44.540349,2025-01-28 02:11:44.540349,2025-02-27 02:11:44.540349,False,,2025-01-20 02:11:44.540349,2025-01-28 02:11:44.540349,"{""source"": ""direct"", ""archetype"": ""power_user""}"
sub_e20ea577d05d12,cus_cd54a07dcf2e87,7453,price_f6ee590d92b1dc,9900,USD,year,active,2025-01-31 05:28:41.711805,2025-01-31 05:46:41.711805,2025-03-02 05:46:41.711805,False,,,,"{""source"": ""referral"", ""archetype"": ""power_user""}"
sub_d438beb4829b4f,cus_b6b5844f99464b,7462,price_d3cb216196c590,29900,Eur,month,active,2025-02-03 23:05:07.187960,2025-02-03 23:17:07.187960,2025-03-05 23:17:07.187960,False,,2025-01-27 23:17:07.187960,,"{""source"": ""linkedin"", ""archetype"": ""power_user""}"
sub_3c2f9a40ac9b9a,cus_8310afe97cd133,7471,price_de4f8f6ae0b351,4900,Eur,month,active,2025-02-02 07:37:03.338959,2025-02-02 07:56:03.338959,2025-03-04 07:56:03.338959,False,,,,"{""source"": ""google_ads"", ""archetype"": ""engaged_free""}"
sub_1d0fcc7f38beea,cus_28f9f98c4ea22a,7474,price_2696932c54634e,29900,USD,month,active,2025-01-09 16:36:06.486636,2025-01-09 16:49:06.486636,2025-02-08 16:49:06.486636,False,,,2025-01-09 16:49:06.486636,"{""source"": ""referral"", ""archetype"": ""enterprise_evaluator""}"
sub_7210f5c6d7f1ff,cus_f5709f4bb9364e,7475,price_fb0e09a408a20c,29900,eur,month,canceled,2025-01-11 08:03:11.416355,2025-01-11 08:13:11.416355,2025-02-10 08:13:11.416355,True,2025-02-11 09:43:01.249812,,,"{""source"": ""organic"", ""archetype"": ""power_user""}"
sub_dffe1e720b7555,cus_d5161ab1bd01d8,7487,price_b2d0b947858668,19900,Eur,month,active,2025-01-19 19:17:42.250742,2025-01-19 19:46:42.250742,2025-02-18 19:46:42.250742,False,,2025-01-10 19:46:42.250742,,"{""source"": ""organic"", ""archetype"": ""enterprise_evaluator""}"
sub_1b99a959e6029a,cus_0a2c5ec6ff32f8,7492,price_364bcfd7bffe8c,29900,USD,month,active,2025-02-02 12:11:55.485487,2025-02-02 12:38:55.485487,2025-03-04 12:38:55.485487,False,,,,"{""source"": ""linkedin"", ""archetype"": ""enterprise_evaluator""}"
sub_dd04aea8f2384d,cus_ad438eab8b5d31,7495,price_e5a7f8a3a6db7c,9900,usd,month,active,2025-02-07 11:20:48.295267,2025-02-07 11:34:48.295267,2025-03-09 11:34:48.295267,False,,,,"{""source"": ""referral"", ""archetype"": ""power_user""}"
sub_8633b8a7465323,cus_99152deac512b2,7509,price_a1bcb051cf81fb,19900,USD,month,active,2025-02-03 05:24:57.856375,2025-02-03 05:31:57.856375,2025-03-05 05:31:57.856375,False,,,,"{""source"": ""direct"", ""archetype"": ""enterprise_evaluator""}"
sub_55cf90498fbdd8,cus_563dafe6ef9f8b,7515,price_16b04906918f84,19900,gbp,month,active,2025-02-15 10:09:30.770349,2025-02-15 10:12:30.770349,2025-03-17 10:12:30.770349,False,,2025-02-01 10:12:30.770349,,"{""source"": ""organic"", ""archetype"": ""power_user""}"
sub_a9f3d5a19d3088,cus_532373f86e7723,7519,price_7267d7a04549a4,9900,eur,month,canceled,2025-01-30 08:38:57.449673,2025-01-30 09:03:57.449673,2025-03-01 09:03:57.449673,True,2025-02-03 07:56:19.779917,2025-01-18 09:03:57.449673,,"{""source"": ""direct"", ""archetype"": ""power_user""}"
sub_251057f48f341c,cus_e716d86bca4926,7521,price_c35ecaea8c2a52,29900,eur,month,active,2025-02-08 17:30:54.781029,2025-02-08 17:33:54.781029,2025-03-10 17:33:54.781029,False,,,2025-02-08 17:33:54.781029,"{""source"": ""referral"", ""archetype"": ""power_user""}"
sub_f956694ef63023,cus_c3b9f7b8d5f0b6,7526,price_15af6e42d32b0e,2900,Eur,month,active,2025-01-21 07:37:34.175325,2025-01-21 08:01:34.175325,2025-02-20 08:01:34.175325,False,,,2025-01-21 08:01:34.175325,"{""source"": ""referral"", ""archetype"": ""engaged_free""}"
sub_ebc38ec2d7c566,cus_1d5550e024f74b,7528,price_b9daf16cd7e324,29900,usd,year,active,2025-02-20 04:00:29.137306,2025-02-20 04:11:29.137306,2025-03-22 04:11:29.137306,False,,,,"{""source"": ""direct"", ""archetype"": ""enterprise_evaluator""}"
sub_f6acecbfb68062,cus_65ff5c31699068,7530,price_d1dff704d3d0fb,19900,eur,month,active,2025-01-14 03:49:29.497158,2025-01-14 04:04:29.497158,2025-02-13 04:04:29.497158,False,,,,"{""source"": ""google_ads"", ""archetype"": ""enterprise_evaluator""}"
sub_d9c672285c38b2,cus_e881ffd48cd6a6,7532,price_a509901b0a8381,29900,Eur,month,active,2025-01-04 23:56:12.142338,2025-01-04 23:58:12.142338,2025-02-03 23:58:12.142338,False,,2024-12-25 23:58:12.142338,,"{""source"": ""linkedin"", ""archetype"": ""enterprise_evaluator""}"
sub_3bf35a38fff87c,cus_c8333d3ba8aa0a,7539,price_ee89c03a09d5df,9900,gbp,month,active,2025-01-08 03:03:12.542093,2025-01-08 03:30:12.542093,2025-02-07 03:30:12.542093,False,,,,"{""source"": ""linkedin"", ""archetype"": ""power_user""}"
sub_964ee720c1cc00,cus_86dd0767538953,7545,price_f429f89286e588,19900,USD,month,canceled,2025-01-11 11:47:39.015815,2025-01-11 12:13:39.015815,2025-02-10 12:13:39.015815,True,2025-02-12 00:16:17.023162,2025-01-03 12:13:39.015815,,"{""source"": ""linkedin"", ""archetype"": ""enterprise_evaluator""}"
sub_c1db6ac74a1cd0,cus_67cd3b7d02ab1f,7546,price_aa693e9522e00d,19900,usd,year,active,2025-01-15 14:27:15.590389,2025-01-15 14:45:15.590389,2025-02-14 14:45:15.590389,False,,,,"{""source"": ""google_ads"", ""archetype"": ""power_user""}"
sub_5c65901daae61f,cus_519943d90b07f0,7567,price_5948241d8259d3,19900,eur,month,active,2025-01-08 17:01:54.808077,2025-01-08 17:28:54.808077,2025-02-07 17:28:54.808077,False,,,,"{""source"": ""direct"", ""archetype"": ""enterprise_evaluator""}"
sub_97c8c93011985d,cus_b5b2fffe543f67,7571,price_15fa9295beb1da,19900,eur,month,active,2025-01-30 03:42:00.163972,2025-01-30 03:44:00.163972,2025-03-01 03:44:00.163972,False,,,2025-01-30 03:44:00.163972,"{""source"": ""direct"", ""archetype"": ""enterprise_evaluator""}"
sub_dd937f02607f49,cus_e53831af034846,7576,price_27bbf77001aabd,29900,gbp,month,active,2025-02-04 03:08:22.060198,2025-02-04 03:20:22.060198,2025-03-06 03:20:22.060198,False,,,,"{""source"": ""linkedin"", ""archetype"": ""enterprise_evaluator""}"
sub_2b5ff7dc5fbd2e,cus_7f586a1c044e30,7578,price_e875d52f239746,29900,Eur,year,active,2025-02-28 03:04:36.897168,2025-02-28 03:23:36.897168,2025-03-30 03:23:36.897168,False,,,2025-02-28 03:23:36.897168,"{""source"": ""google_ads"", ""archetype"": ""power_user""}"
sub_303bbe47343018,cus_d6f5d94939489d,7585,price_e45bc1c3d83e7a,2900,eur,month,past_due,2025-01-27 20:01:31.928336,2025-01-27 20:19:31.928336,2025-02-26 20:19:31.928336,False,,,,"{""source"": ""organic"", ""archetype"": ""support_heavy""}"
sub_f8cb546292b84f,cus_153145cbcbac1d,7614,price_583e667a778d5f,19900,gbp,month,canceled,2025-01-08 13:52:49.499701,2025-01-08 14:14:49.499701,2025-02-07 14:14:49.499701,True,2025-02-14 20:27:09.770725,,,"{""source"": ""direct"", ""archetype"": ""enterprise_evaluator""}"
sub_05019dec8a807c,cus_a932312c3ce4eb,7619,price_265174cfc80bfd,9900,gbp,month,past_due,2025-02-07 06:06:19.558946,2025-02-07 06:11:19.558946,2025-03-09 06:11:19.558946,False,,2025-01-24 06:11:19.558946,,"{""source"": ""direct"", ""archetype"": ""power_user""}"
sub_204ff8aaacd5ed,cus_4510f399330e39,7627,price_f64d6f6be6c135,29900,eur,month,active,2025-01-16 01:20:14.938273,2025-01-16 01:21:14.938273,2025-02-15 01:21:14.938273,False,,,,"{""source"": ""partner"", ""archetype"": ""enterprise_evaluator""}"
sub_9b7e10c5760cd2,cus_79113564d586a4,7631,price_0afa93f6aed38b,4900,USD,year,canceled,2025-02-20 09:50:52.079576,2025-02-20 09:51:52.079576,2025-03-22 09:51:52.079576,True,2025-02-28 09:35:36.910929,,,"{""source"": ""referral"", ""archetype"": ""engaged_free""}"
sub_383f1059007d20,cus_3ef2d16aa4988a,7635,price_49bd028716a1bf,19900,usd,month,active,2025-02-12 12:34:13.994115,2025-02-12 12:43:13.994115,2025-03-14 12:43:13.994115,False,,,,"{""source"": ""organic"", ""archetype"": ""power_user""}"
sub_3f27c002f2ce74,cus_0169ea316f4d7b,7638,price_25c26138897634,9900,gbp,month,active,2025-01-05 20:43:39.605303,2025-01-05 20:53:39.605303,2025-02-04 20:53:39.605303,False,,2024-12-24 20:53:39.605303,,"{""source"": ""referral"", ""archetype"": ""power_user""}"
sub_40ff8aea1ec8f0,cus_9e976875ee70bb,7649,price_4a36548b4ed3d4,2900,usd,year,active,2025-02-09 11:01:26.703712,2025-02-09 11:28:26.703712,2025-03-11 11:28:26.703712,False,,,,"{""source"": ""organic"", ""archetype"": ""engaged_free""}"
sub_a300809edce22a,cus_eb9fe46f7b8fa5,7674,price_f3bfd3ec262f75,29900,gbp,year,active,2025-01-17 21:19:38.711732,2025-01-17 21:26:38.711732,2025-02-16 21:26:38.711732,False,,2025-01-08 21:26:38.711732,,"{""source"": ""linkedin"", ""archetype"": ""power_user""}"
sub_e8075d1545dc74,cus_7392d8dfc36c58,7684,price_85e7f6a5565499,29900,USD,year,active,2025-01-07 11:12:16.393730,2025-01-07 11:31:16.393730,2025-02-06 11:31:16.393730,False,,2024-12-27 11:31:16.393730,,"{""source"": ""referral"", ""archetype"": ""power_user""}"
sub_c21e09ab72e387,cus_7a34f406f40627,7687,price_993979a8d6f4c8,19900,gbp,month,active,2025-01-11 19:48:09.604455,2025-01-11 20:17:09.604455,2025-02-10 20:17:09.604455,False,,,,"{""source"": ""organic"", ""archetype"": ""power_user""}"
sub_cb352759ad123b,cus_e5d8db91150a9f,7691,price_77159b0130ce76,29900,GBP,month,active,2025-01-30 11:52:36.283309,2025-01-30 12:05:36.283309,2025-03-01 12:05:36.283309,False,,,,"{""source"": ""organic"", ""archetype"": ""power_user""}"
sub_e60786bdcd8225,cus_8b9c914e19c8b5,7692,price_1a2330bbfc9364,9900,gbp,month,active,2025-01-19 10:24:35.938534,2025-01-19 10:30:35.938534,2025-02-18 10:30:35.938534,False,,,,"{""source"": ""organic"", ""archetype"": ""power_user""}"
sub_2b5f387134e8b7,cus_5d3a512e15c5fd,7695,price_a24762f6101faa,9900,usd,month,active,2025-01-13 21:14:23.229270,2025-01-13 21:43:23.229270,2025-02-12 21:43:23.229270,False,,,,"{""source"": ""google_ads"", ""archetype"": ""power_user""}"
sub_10ad4e48a50459,cus_a5ca6ba66b4c8a,7703,price_eae948387bec5e,9900,Eur,year,active,2025-02-25 03:33:12.286908,2025-02-25 03:57:12.286908,2025-03-27 03:57:12.286908,False,,,,"{""source"": ""organic"", ""archetype"": ""power_user""}"
sub_ec73fa497f7b01,cus_dc001407a9485f,7710,price_bd03daaf76ea98,29900,usd,month,active,2025-01-12 03:51:02.056637,2025-01-12 03:56:02.056637,2025-02-11 03:56:02.056637,False,,,2025-01-12 03:56:02.056637,"{""source"": ""direct"", ""archetype"": ""enterprise_evaluator""}"
sub_cbf11593804a4b,cus_d6ba5de6ff9211,7713,price_df9ed0c29b2e60,29900,eur,month,past_due,2025-01-20 05:30:26.401164,2025-01-20 05:43:26.401164,2025-02-19 05:43:26.401164,False,,2025-01-11 05:43:26.401164,2025-01-20 05:43:26.401164,"{""source"": ""google_ads"", ""archetype"": ""enterprise_evaluator""}"
sub_f0783c878dedc5,cus_29dd58c492b798,7728,price_9c0326176ab4cd,29900,gbp,month,active,2025-01-12 13:59:39.370075,2025-01-12 14:17:39.370075,2025-02-11 14:17:39.370075,False,,,2025-01-12 14:17:39.370075,"{""source"": ""referral"", ""archetype"": ""power_user""}"
sub_81c3942faf79a0,cus_b18ee376a702b8,7738,price_15a7dc0654c85f,2900,Eur,month,active,2025-01-05 23:25:13.123834,2025-01-05 23:28:13.123834,2025-02-04 23:28:13.123834,False,,,2025-01-05 23:28:13.123834,"{""source"": ""referral"", ""archetype"": ""casual_explorer""}"
sub_b389784fc37939,cus_102dbde924b42e,7742,price_3e9ae749a6706f,19900,gbp,month,active,2025-01-14 22:51:15.888847,2025-01-14 22:57:15.888847,2025-02-13 22:57:15.888847,False,,2025-01-04 22:57:15.888847,,"{""source"": ""referral"", ""archetype"": ""enterprise_evaluator""}"
sub_e8fc02cdf414f1,cus_fd782b024c4e9e,7745,price_f48618f47a954a,9900,eur,month,active,2025-01-07 22:05:21.876944,2025-01-07 22:24:21.876944,2025-02-06 22:24:21.876944,False,,2024-12-27 22:24:21.876944,,"{""source"": ""referral"", ""archetype"": ""power_user""}"
sub_20428032864b54,cus_b37601340fd926,7750,price_df6cd4594495f8,29900,Eur,month,active,2025-02-02 19:41:03.854747,2025-02-02 19:49:03.854747,2025-03-04 19:49:03.854747,False,,,2025-02-02 19:49:03.854747,"{""source"": ""google_ads"", ""archetype"": ""enterprise_evaluator""}"
sub_614508b1465534,cus_ebbd04bbbf4853,7754,price_8c9949be00023b,29900,GBP,month,active,2025-02-10 18:23:59.016507,2025-02-10 18:24:59.016507,2025-03-12 18:24:59.016507,False,,,2025-02-10 18:24:59.016507,"{""source"": ""referral"", ""archetype"": ""power_user""}"
sub_4714e46050145c,cus_7c766527441b29,7765,price_81e00069248a97,19900,gbp,month,past_due,2025-03-19 13:52:57.251793,2025-03-19 14:15:57.251793,2025-04-18 14:15:57.251793,False,,,,"{""source"": ""linkedin"", ""archetype"": ""enterprise_evaluator""}"
sub_0c9a78b77ecbf8,cus_bedb7714a52858,7766,price_0736d6c06a632a,4900,usd,month,past_due,2025-01-30 07:11:04.541713,2025-01-30 07:32:04.541713,2025-03-01 07:32:04.541713,False,,2025-01-20 07:32:04.541713,2025-01-30 07:32:04.541713,"{""source"": ""google_ads"", ""archetype"": ""engaged_free""}"
sub_a55e4ecc324f68,cus_84986d647275e3,7781,price_33017da43f7f49,2900,eur,month,active,2025-02-12 01:44:14.374147,2025-02-12 01:56:14.374147,2025-03-14 01:56:14.374147,False,,,2025-02-12 01:56:14.374147,"{""source"": ""referral"", ""archetype"": ""engaged_free""}"
sub_6b3448e73221fc,cus_af98637fb21ba0,7798,price_66f3291ac30ea8,29900,usd,month,active,2025-01-31 04:36:07.878393,2025-01-31 04:50:07.878393,2025-03-02 04:50:07.878393,False,,,,"{""source"": ""partner"", ""archetype"": ""enterprise_evaluator""}"
sub_638d9c5a7e1e97,cus_4f1ab300277cef,7800,price_215ea74cb225ab,19900,Eur,year,active,2025-01-18 06:34:28.926539,2025-01-18 06:35:28.926539,2025-02-17 06:35:28.926539,False,,2025-01-11 06:35:28.926539,,"{""source"": ""google_ads"", ""archetype"": ""enterprise_evaluator""}"
sub_93a1dc1f04b2b0,cus_8f293c22dcbdac,7801,price_17a94c5174ebaf,29900,GBP,year,active,2025-01-22 18:57:52.098076,2025-01-22 19:22:52.098076,2025-02-21 19:22:52.098076,False,,,,"{""source"": ""organic"", ""archetype"": ""enterprise_evaluator""}"
sub_4f467f5248f0d5,cus_597e7bc07e1b37,7802,price_212279d4e70b9a,9900,Eur,month,active,2025-03-21 00:10:30.687705,2025-03-21 00:30:30.687705,2025-04-20 00:30:30.687705,False,,,,"{""source"": ""organic"", ""archetype"": ""power_user""}"
sub_a6258460c0d22a,cus_519f7f03d9ada0,7829,price_186ec36491eff7,9900,USD,month,active,2025-01-04 03:33:20.245320,2025-01-04 03:36:20.245320,2025-02-03 03:36:20.245320,False,,,,"{""source"": ""referral"", ""archetype"": ""power_user""}"
sub_01b65dd78a3398,cus_562881a008023c,7830,price_ac46195a5e44b2,9900,USD,year,canceled,2025-03-05 09:09:37.926884,2025-03-05 09:13:37.926884,2025-04-04 09:13:37.926884,True,2025-03-09 22:50:59.289839,,2025-03-05 09:13:37.926884,"{""source"": ""partner"", ""archetype"": ""power_user""}"
sub_a211703a0dc84f,cus_3e8e0e03a765ba,7834,price_7d653efaca9eb4,29900,USD,month,active,2025-02-14 09:43:32.401625,2025-02-14 10:12:32.401625,2025-03-16 10:12:32.401625,False,,2025-02-04 10:12:32.401625,,"{""source"": ""referral"", ""archetype"": ""power_user""}"
sub_3195efb5b755a0,cus_c87a1de746422f,7836,price_d0803c3392d1dd,19900,usd,year,active,2025-03-01 16:02:25.397152,2025-03-01 16:27:25.397152,2025-03-31 16:27:25.397152,False,,,,"{""source"": ""linkedin"", ""archetype"": ""power_user""}"
sub_93e710ab8a24b8,cus_cb4a72096f8ad5,7848,price_da8b5a8081531a,29900,eur,month,active,2025-01-29 08:26:09.939758,2025-01-29 08:29:09.939758,2025-02-28 08:29:09.939758,False,,2025-01-16 08:29:09.939758,,"{""source"": ""partner"", ""archetype"": ""power_user""}"
sub_d291de16bd8929,cus_c0f2540a5b1a6c,7850,price_d155455ebef672,9900,usd,year,active,2025-01-20 23:11:40.261190,2025-01-20 23:17:40.261190,2025-02-19 23:17:40.261190,False,,,,"{""source"": ""referral"", ""archetype"": ""power_user""}"
sub_43993343b4d8fd,cus_c923e0e71ebd37,7863,price_ecf3179ee026f4,19900,usd,month,active,2025-01-17 13:08:43.213484,2025-01-17 13:29:43.213484,2025-02-16 13:29:43.213484,False,,2025-01-09 13:29:43.213484,,"{""source"": ""linkedin"", ""archetype"": ""enterprise_evaluator""}"
sub_81cd0c7fb86e40,cus_21a4c4a4028ce8,7866,price_bf339390b54807,19900,gbp,year,active,2025-01-12 21:57:18.558517,2025-01-12 22:11:18.558517,2025-02-11 22:11:18.558517,False,,,,"{""source"": ""referral"", ""archetype"": ""enterprise_evaluator""}"
sub_18fac03503fa3e,cus_cad45befd5062b,7877,price_8d30de5553c279,29900,Eur,month,active,2025-01-24 02:31:55.200017,2025-01-24 02:44:55.200017,2025-02-23 02:44:55.200017,False,,,2025-01-24 02:44:55.200017,"{""source"": ""organic"", ""archetype"": ""enterprise_evaluator""}"
sub_490e44c0403fb3,cus_d9e4bf14825974,7880,price_62497f1539ca5a,4900,Eur,month,active,2025-01-31 17:54:48.006365,2025-01-31 18:10:48.006365,2025-03-02 18:10:48.006365,False,,,,"{""source"": ""referral"", ""archetype"": ""engaged_free""}"
sub_9d55a855d8ed1e,cus_5551046e063004,7887,price_9a23b28ea8f86f,2900,Eur,year,active,2025-01-13 15:16:40.791306,2025-01-13 15:39:40.791306,2025-02-12 15:39:40.791306,False,,,,"{""source"": ""partner"", ""archetype"": ""engaged_free""}"
sub_38296d1779f7b1,cus_76b0cc91afec36,7890,price_bd422d6567feca,19900,GBP,year,active,2025-01-10 02:46:10.759518,2025-01-10 03:05:10.759518,2025-02-09 03:05:10.759518,False,,,,"{""source"": ""partner"", ""archetype"": ""enterprise_evaluator""}"
sub_0c26729b47b58a,cus_21c83c56051550,7894,price_d6f59f1dee3284,19900,eur,year,active,2025-01-16 13:00:02.286364,2025-01-16 13:04:02.286364,2025-02-15 13:04:02.286364,False,,,,"{""source"": ""linkedin"", ""archetype"": ""enterprise_evaluator""}"
sub_a647c1a10f8f79,cus_8de3874395177c,7903,price_4ae086eea98e94,19900,eur,month,active,2025-02-02 07:44:53.106517,2025-02-02 07:48:53.106517,2025-03-04 07:48:53.106517,False,,2025-01-25 07:48:53.106517,,"{""source"": ""linkedin"", ""archetype"": ""power_user""}"
sub_dc727a11433f9a,cus_4683615d293be7,7915,price_3cdb4d5f0875c9,19900,Eur,month,active,2025-01-16 01:14:43.565689,2025-01-16 01:38:43.565689,2025-02-15 01:38:43.565689,False,,,,"{""source"": ""organic"", ""archetype"": ""power_user""}"
sub_82a172fff466e5,cus_d23be8a786b535,7918,price_acc98a5ef98ee2,29900,usd,month,active,2025-01-07 16:30:38.879232,2025-01-07 16:49:38.879232,2025-02-06 16:49:38.879232,False,,,,"{""source"": ""organic"", ""archetype"": ""enterprise_evaluator""}"
sub_7dc5489a6b8cad,cus_d8cade539dc73d,7931,price_84b44c221ffaaf,9900,gbp,month,active,2025-01-14 09:18:53.014349,2025-01-14 09:22:53.014349,2025-02-13 09:22:53.014349,False,,,,"{""source"": ""linkedin"", ""archetype"": ""power_user""}"
sub_53e9f304c8c495,cus_3ab61494cf3dd5,7951,price_909608f2cd622f,2900,usd,month,past_due,2025-01-17 10:38:45.322682,2025-01-17 10:43:45.322682,2025-02-16 10:43:45.322682,False,,2025-01-07 10:43:45.322682,,"{""source"": ""organic"", ""archetype"": ""engaged_free""}"
sub_cf046fc8c6d0cf,cus_45eb8e944ae407,7953,price_25b932cc6c887f,2900,USD,month,active,2025-01-16 12:19:16.621436,2025-01-16 12:28:16.621436,2025-02-15 12:28:16.621436,False,,,,"{""source"": ""direct"", ""archetype"": ""engaged_free""}"
sub_de9ac225729bd6,cus_cc2669953b26d2,7958,price_b6e3d2770e21b2,29900,usd,month,active,2025-01-14 03:21:45.375354,2025-01-14 03:46:45.375354,2025-02-13 03:46:45.375354,False,,,,"{""source"": ""partner"", ""archetype"": ""power_user""}"
sub_25ff772b40a35b,cus_05e500c4988c19,7961,price_a6d3521e82a7de,29900,usd,month,active,2025-01-27 19:59:52.865531,2025-01-27 20:28:52.865531,2025-02-26 20:28:52.865531,False,,,,"{""source"": ""referral"", ""archetype"": ""enterprise_evaluator""}"
sub_c0e0e65a0d6726,cus_5f805153afa481,7965,price_8f4b3cac4bb73a,9900,Eur,year,active,2025-03-03 01:27:51.176727,2025-03-03 01:43:51.176727,2025-04-02 01:43:51.176727,False,,,,"{""source"": ""partner"", ""archetype"": ""power_user""}"
sub_0bccfa5426e1ee,cus_d447810ea2e662,7970,price_a407de3e935bc5,29900,eur,month,active,2025-02-05 17:48:14.516473,2025-02-05 17:54:14.516473,2025-03-07 17:54:14.516473,False,,2025-01-26 17:54:14.516473,,"{""source"": ""referral"", ""archetype"": ""power_user""}"
sub_3baea17ffa6207,cus_e0ada0d8f5de4b,7978,price_916f430d33d481,19900,Eur,month,active,2025-01-05 00:55:49.975468,2025-01-05 01:22:49.975468,2025-02-04 01:22:49.975468,False,,,2025-01-05 01:22:49.975468,"{""source"": ""referral"", ""archetype"": ""power_user""}"
sub_40d2477f66ea95,cus_33fbfa9779c417,7981,price_7cd03f6c77ff08,19900,usd,month,active,2025-01-08 03:14:02.557753,2025-01-08 03:35:02.557753,2025-02-07 03:35:02.557753,False,,,,"{""source"": ""referral"", ""archetype"": ""enterprise_evaluator""}"
sub_99ad4ce6c2d847,cus_a404aaa2ff985b,7986,price_38d4de05dad081,19900,GBP,month,active,2025-01-15 23:05:52.569679,2025-01-15 23:10:52.569679,2025-02-14 23:10:52.569679,False,,,,"{""source"": ""linkedin"", ""archetype"": ""power_user""}"
sub_80501619f85bcb,cus_c4e051efac5458,7990,price_41dd63b7642cec,9900,eur,month,active,2025-01-25 21:08:48.663776,2025-01-25 21:21:48.663776,2025-02-24 21:21:48.663776,False,,,,"{""source"": ""linkedin"", ""archetype"": ""power_user""}"
sub_6f89084f8c2828,cus_40dc375a439469,8003,price_fa1795f911b5e9,29900,Eur,month,active,2025-01-22 16:49:42.136866,2025-01-22 17:05:42.136866,2025-02-21 17:05:42.136866,False,,,,"{""source"": ""google_ads"", ""archetype"": ""enterprise_evaluator""}"
sub_a366af5d0294b3,cus_47621b3afe5e02,8005,price_a5ca933da80d4a,29900,eur,month,active,2025-01-19 09:45:41.409783,2025-01-19 10:15:41.409783,2025-02-18 10:15:41.409783,False,,,,"{""source"": ""organic"", ""archetype"": ""enterprise_evaluator""}"
sub_af0391320d922a,cus_229a4668ed1e55,8006,price_d0f620f4ea09f8,4900,usd,year,past_due,2025-01-10 01:52:22.916038,2025-01-10 01:56:22.916038,2025-02-09 01:56:22.916038,False,,,,"{""source"": ""direct"", ""archetype"": ""engaged_free""}"
sub_39206a4256f86f,cus_a195f1507d9780,8013,price_0e10f52052297e,29900,usd,month,active,2025-01-16 19:13:57.211191,2025-01-16 19:14:57.211191,2025-02-15 19:14:57.211191,False,,,,"{""source"": ""partner"", ""archetype"": ""power_user""}"
sub_4b81a1de5cdd0d,cus_b22ed2ca101dbb,8020,price_edb5362c931f91,4900,gbp,month,unpaid,2025-01-14 11:08:45.452376,2025-01-14 11:31:45.452376,2025-02-13 11:31:45.452376,False,,,,"{""source"": ""linkedin"", ""archetype"": ""engaged_free""}"
sub_fec723b29d46ff,cus_bc2e59306b9895,8027,price_ab0ea2fc7d6ec4,29900,Eur,year,active,2025-01-15 00:55:24.313913,2025-01-15 01:00:24.313913,2025-02-14 01:00:24.313913,False,,,,"{""source"": ""referral"", ""archetype"": ""power_user""}"
sub_bcb7b6de847856,cus_e44e2bb622fba5,8028,price_2a5ec367d6caa8,29900,eur,month,active,2025-01-19 17:47:05.088230,2025-01-19 17:54:05.088230,2025-02-18 17:54:05.088230,False,,2025-01-08 17:54:05.088230,,"{""source"": ""direct"", ""archetype"": ""power_user""}"
sub_ebeb6023278e95,cus_c9db877b896433,8032,price_c29d28952e4a19,19900,usd,month,active,2025-01-10 13:03:42.660572,2025-01-10 13:25:42.660572,2025-02-09 13:25:42.660572,False,,2024-12-29 13:25:42.660572,,"{""source"": ""direct"", ""archetype"": ""power_user""}"
sub_2f2d2b897ee1f5,cus_7b911c7419fb16,8047,price_c083e7749c71dd,19900,usd,month,active,2025-01-21 11:51:19.921167,2025-01-21 11:54:19.921167,2025-02-20 11:54:19.921167,False,,,,"{""source"": ""direct"", ""archetype"": ""enterprise_evaluator""}"
sub_0e5ccd14583d36,cus_62ee117c7371f3,8052,price_bf01b658191249,19900,Eur,month,active,2025-01-12 04:16:41.387918,2025-01-12 04:23:41.387918,2025-02-11 04:23:41.387918,False,,,,"{""source"": ""direct"", ""archetype"": ""enterprise_evaluator""}"
sub_6b9bbf988cdf2e,cus_0107d4c3a4786e,8054,price_edc7462863b211,2900,usd,year,active,2025-01-15 00:50:39.873079,2025-01-15 01:20:39.873079,2025-02-14 01:20:39.873079,False,,2025-01-08 01:20:39.873079,2025-01-15 01:20:39.873079,"{""source"": ""direct"", ""archetype"": ""engaged_free""}"
sub_9f9bca3a074270,cus_947b9a948d99c9,8055,price_3e913813076594,29900,USD,year,active,2025-02-03 19:35:00.981848,2025-02-03 19:38:00.981848,2025-03-05 19:38:00.981848,False,,,,"{""source"": ""linkedin"", ""archetype"": ""enterprise_evaluator""}"
sub_771bc06bdb131d,cus_324308d8e3539f,8071,price_c1775e946e3dfd,4900,eur,month,active,2025-01-24 14:28:31.736707,2025-01-24 14:52:31.736707,2025-02-23 14:52:31.736707,False,,,,"{""source"": ""linkedin"", ""archetype"": ""engaged_free""}"
sub_b1068fdf64dfe9,cus_0258a4716eb98b,8073,price_8777142c85fc06,19900,usd,month,active,2025-01-26 23:08:05.745785,2025-01-26 23:16:05.745785,2025-02-25 23:16:05.745785,False,,,2025-01-26 23:16:05.745785,"{""source"": ""referral"", ""archetype"": ""power_user""}"
sub_fc05f00787445b,cus_a440ac3ff91942,8079,price_92e7585a7a24b7,29900,eur,month,active,2025-02-17 03:58:35.843333,2025-02-17 04:26:35.843333,2025-03-19 04:26:35.843333,False,,,,"{""source"": ""direct"", ""archetype"": ""power_user""}"
sub_1dfca128f4114b,cus_82c1165ebedf65,8097,price_e3b84de969d465,4900,USD,year,active,2025-01-23 05:06:44.573289,2025-01-23 05:34:44.573289,2025-02-22 05:34:44.573289,False,,,,"{""source"": ""linkedin"", ""archetype"": ""engaged_free""}"
sub_d031e7b4c70c17,cus_8bc12dcb30b06a,8099,price_b5e0cd7e58b3d2,29900,usd,month,active,2025-01-06 17:36:19.067177,2025-01-06 17:38:19.067177,2025-02-05 17:38:19.067177,False,,,,"{""source"": ""referral"", ""archetype"": ""power_user""}"
sub_38f5e97900b84e,cus_580148504c90dd,8111,price_39118faebf778b,29900,Eur,month,active,2025-01-06 02:37:42.363234,2025-01-06 02:43:42.363234,2025-02-05 02:43:42.363234,False,,2024-12-25 02:43:42.363234,,"{""source"": ""partner"", ""archetype"": ""power_user""}"
sub_bd8669b7397072,cus_5e5a9b7aeb414a,8120,price_6f6f73bbbe0ada,29900,gbp,month,active,2025-03-19 18:38:38.278355,2025-03-19 18:49:38.278355,2025-04-18 18:49:38.278355,False,,,,"{""source"": ""google_ads"", ""archetype"": ""enterprise_evaluator""}"
sub_61dfb3df730efd,cus_33ffbbbda60b31,8125,price_ca59748a471c2c,19900,gbp,month,active,2025-01-17 02:38:28.817014,2025-01-17 02:54:28.817014,2025-02-16 02:54:28.817014,False,,,,"{""source"": ""referral"", ""archetype"": ""power_user""}"
sub_5f740c7944886e,cus_b904e2ed2517a7,8136,price_b345bcb47ce80b,19900,Eur,month,active,2025-01-09 22:24:38.828103,2025-01-09 22:35:38.828103,2025-02-08 22:35:38.828103,False,,2024-12-26 22:35:38.828103,,"{""source"": ""partner"", ""archetype"": ""power_user""}"
sub_e044d229b20009,cus_56129ead4d23cb,8142,price_36d244b9ae5162,19900,Eur,month,active,2025-02-02 23:35:16.650491,2025-02-02 23:50:16.650491,2025-03-04 23:50:16.650491,False,,,2025-02-02 23:50:16.650491,"{""source"": ""referral"", ""archetype"": ""power_user""}"
sub_c9a8c964b1abff,cus_f1f6d280c8f31f,8153,price_ceb4e5f1296f20,19900,GBP,year,active,2025-01-16 17:19:53.483317,2025-01-16 17:49:53.483317,2025-02-15 17:49:53.483317,False,,,,"{""source"": ""direct"", ""archetype"": ""enterprise_evaluator""}"
sub_b774956301abc4,cus_bce1e1283f3266,8158,price_b22397e0b89a85,29900,gbp,month,active,2025-01-18 05:44:32.913182,2025-01-18 06:05:32.913182,2025-02-17 06:05:32.913182,False,,,,"{""source"": ""linkedin"", ""archetype"": ""enterprise_evaluator""}"
sub_34a462e46dec32,cus_b1d92f7551301b,8175,price_afdb147722e79d,29900,eur,month,active,2025-01-17 18:59:47.545125,2025-01-17 19:24:47.545125,2025-02-16 19:24:47.545125,False,,2025-01-06 19:24:47.545125,2025-01-17 19:24:47.545125,"{""source"": ""google_ads"", ""archetype"": ""enterprise_evaluator""}"
sub_296db092a1ef06,cus_4d841689088dc5,8194,price_99043e1105c5bd,4900,USD,month,active,2025-01-17 07:15:12.311579,2025-01-17 07:35:12.311579,2025-02-16 07:35:12.311579,False,,,2025-01-17 07:35:12.311579,"{""source"": ""partner"", ""archetype"": ""engaged_free""}"
sub_07d2f9007e3a95,cus_43f0f56771df25,8196,price_a43accbdd7e2e6,19900,gbp,year,active,2025-01-04 00:31:49.014637,2025-01-04 00:54:49.014637,2025-02-03 00:54:49.014637,False,,,2025-01-04 00:54:49.014637,"{""source"": ""direct"", ""archetype"": ""power_user""}"
sub_e8375b77ea9be9,cus_d55b4b35131f41,8197,price_5dd9af7d1c3ff7,19900,usd,month,active,2025-01-25 08:14:27.972839,2025-01-25 08:15:27.972839,2025-02-24 08:15:27.972839,False,,,,"{""source"": ""referral"", ""archetype"": ""power_user""}"
sub_24443b91736c30,cus_78c1960fe0204f,8200,price_2a7bb7b73befb5,19900,USD,year,active,2025-01-13 17:05:13.599392,2025-01-13 17:30:13.599392,2025-02-12 17:30:13.599392,False,,2025-01-02 17:30:13.599392,2025-01-13 17:30:13.599392,"{""source"": ""google_ads"", ""archetype"": ""power_user""}"
sub_4e490b81ec33de,cus_c14f8339230bdb,8205,price_fdf5a12a6f0002,29900,GBP,month,active,2025-01-18 09:19:50.676774,2025-01-18 09:48:50.676774,2025-02-17 09:48:50.676774,False,,,,"{""source"": ""google_ads"", ""archetype"": ""enterprise_evaluator""}"
sub_6da888b20fcd21,cus_0e640425da71eb,8208,price_b66a84c98d9683,4900,gbp,month,active,2025-01-23 15:46:12.992866,2025-01-23 16:16:12.992866,2025-02-22 16:16:12.992866,False,,,2025-01-23 16:16:12.992866,"{""source"": ""partner"", ""archetype"": ""engaged_free""}"
sub_24eb86203b3fde,cus_4b6244852b5b9e,8211,price_5ad4cccc3405a7,19900,usd,month,unpaid,2025-02-12 05:18:15.292011,2025-02-12 05:45:15.292011,2025-03-14 05:45:15.292011,False,,,2025-02-12 05:45:15.292011,"{""source"": ""organic"", ""archetype"": ""enterprise_evaluator""}"
sub_3cc0fcf1cf8fe9,cus_d3b6936fef6711,8229,price_150dd6f4c71e9f,2900,USD,month,past_due,2025-01-11 14:09:40.335748,2025-01-11 14:34:40.335748,2025-02-10 14:34:40.335748,False,,,,"{""source"": ""referral"", ""archetype"": ""engaged_free""}"
sub_d8f6f19e7b2c6b,cus_07a26d661f8872,8239,price_b72b9d0893032f,4900,GBP,month,unpaid,2025-01-21 08:23:43.175653,2025-01-21 08:39:43.175653,2025-02-20 08:39:43.175653,False,,2025-01-07 08:39:43.175653,,"{""source"": ""direct"", ""archetype"": ""engaged_free""}"
sub_e3f42bf58f0349,cus_77df4fbc58f6a9,8246,price_7dbd383d98763c,4900,gbp,year,active,2025-01-13 20:15:01.167242,2025-01-13 20:17:01.167242,2025-02-12 20:17:01.167242,False,,,,"{""source"": ""google_ads"", ""archetype"": ""engaged_free""}"
sub_b4fa7e29575388,cus_31945c7fbd59a8,8249,price_47d84cce2e16f3,19900,USD,month,active,2025-01-16 15:01:08.117018,2025-01-16 15:28:08.117018,2025-02-15 15:28:08.117018,False,,,,"{""source"": ""referral"", ""archetype"": ""power_user""}"
sub_6516ae5e82b285,cus_9df8d4cbc86930,8254,price_1c2853eff96650,19900,GBP,year,active,2025-02-09 01:42:05.749311,2025-02-09 02:12:05.749311,2025-03-11 02:12:05.749311,False,,,2025-02-09 02:12:05.749311,"{""source"": ""referral"", ""archetype"": ""power_user""}"
sub_6fa9eab669129e,cus_106efcbe491e37,8269,price_f6034fcaf91561,9900,GBP,month,active,2025-03-15 20:34:54.863904,2025-03-15 20:56:54.863904,2025-04-14 20:56:54.863904,False,,2025-03-05 20:56:54.863904,,"{""source"": ""google_ads"", ""archetype"": ""power_user""}"
sub_82613957e1e53a,cus_af3c857e54057f,8276,price_d418346495abd2,29900,gbp,month,active,2025-02-14 21:48:20.688753,2025-02-14 22:02:20.688753,2025-03-16 22:02:20.688753,False,,2025-02-04 22:02:20.688753,,"{""source"": ""referral"", ""archetype"": ""enterprise_evaluator""}"
sub_919d55b0b5b3ad,cus_089dd46bc8dd7c,8278,price_463fa3a20a73fd,9900,eur,month,active,2025-01-28 07:58:08.749793,2025-01-28 08:20:08.749793,2025-02-27 08:20:08.749793,False,,,,"{""source"": ""organic"", ""archetype"": ""power_user""}"
sub_b24200f7384c41,cus_b9c335d2b60457,8284,price_fcc9de238b60d1,4900,usd,month,active,2025-01-11 07:32:05.675813,2025-01-11 08:00:05.675813,2025-02-10 08:00:05.675813,False,,,2025-01-11 08:00:05.675813,"{""source"": ""organic"", ""archetype"": ""engaged_free""}"
sub_9e3592d90a5afa,cus_206bf8f45a6e28,8296,price_48aaa2a2ff6f4f,2900,eur,month,unpaid,2025-01-25 11:36:09.021516,2025-01-25 12:03:09.021516,2025-02-24 12:03:09.021516,False,,2025-01-14 12:03:09.021516,,"{""source"": ""organic"", ""archetype"": ""engaged_free""}"
sub_45d21bb64477b1,cus_8524351b7b04de,8299,price_366b18253a31ab,19900,gbp,month,active,2025-01-27 22:36:37.983098,2025-01-27 22:47:37.983098,2025-02-26 22:47:37.983098,False,,2025-01-17 22:47:37.983098,,"{""source"": ""linkedin"", ""archetype"": ""power_user""}"
sub_09c654a58c64a3,cus_8cefe66cdee7fe,8300,price_8bfd76f350aa23,29900,USD,year,active,2025-01-18 23:09:38.489388,2025-01-18 23:13:38.489388,2025-02-17 23:13:38.489388,False,,,,"{""source"": ""linkedin"", ""archetype"": ""enterprise_evaluator""}"
sub_e2182faa236ea6,cus_d5c91ba1139d92,8306,price_1bdbbc1d1ef7e8,29900,Eur,month,active,2025-01-26 07:14:17.473920,2025-01-26 07:37:17.473920,2025-02-25 07:37:17.473920,False,,,2025-01-26 07:37:17.473920,"{""source"": ""google_ads"", ""archetype"": ""power_user""}"
sub_a794d263097c80,cus_3f01e3a8210418,8308,price_ade41b6332a610,29900,GBP,month,canceled,2025-01-22 04:01:59.523186,2025-01-22 04:06:59.523186,2025-02-21 04:06:59.523186,True,2025-01-23 16:52:30.343170,,2025-01-22 04:06:59.523186,"{""source"": ""partner"", ""archetype"": ""power_user""}"
sub_88424503d3974c,cus_97485100abe3ca,8309,price_0fedf2041c845c,19900,Eur,year,active,2025-02-03 05:06:22.343927,2025-02-03 05:33:22.343927,2025-03-05 05:33:22.343927,False,,,,"{""source"": ""linkedin"", ""archetype"": ""power_user""}"
sub_2f07d87b9dc018,cus_f93fd59e2d03a5,8315,price_5021fc02a4fd97,4900,USD,year,active,2025-01-13 07:37:53.988893,2025-01-13 08:03:53.988893,2025-02-12 08:03:53.988893,False,,2025-01-05 08:03:53.988893,,"{""source"": ""direct"", ""archetype"": ""engaged_free""}"
sub_53ad3b064a00d0,cus_1f1bb9304470cb,8320,price_441245b4069298,4900,Eur,month,active,2025-01-10 10:21:28.707829,2025-01-10 10:37:28.707829,2025-02-09 10:37:28.707829,False,,,,"{""source"": ""direct"", ""archetype"": ""engaged_free""}"
sub_3665667d3ef505,cus_560c8d1edaf878,8323,price_032b4d71618e5f,4900,gbp,month,active,2025-01-11 16:01:43.618553,2025-01-11 16:19:43.618553,2025-02-10 16:19:43.618553,False,,,,"{""source"": ""partner"", ""archetype"": ""engaged_free""}"
sub_d8bfc5a59be236,cus_ac044ff3acb73d,8331,price_5506aea45e6282,4900,usd,month,active,2025-02-03 19:21:00.575380,2025-02-03 19:35:00.575380,2025-03-05 19:35:00.575380,False,,,2025-02-03 19:35:00.575380,"{""source"": ""direct"", ""archetype"": ""engaged_free""}"
sub_58bdf866dad428,cus_10146d9a2477f5,8345,price_7d34fdb09c59b7,19900,Eur,month,active,2025-01-16 17:37:46.634560,2025-01-16 18:07:46.634560,2025-02-15 18:07:46.634560,False,,,,"{""source"": ""organic"", ""archetype"": ""enterprise_evaluator""}"
sub_06f8c1d41b9307,cus_8e8cfd669f1c70,8347,price_520d4f05da96f5,9900,gbp,year,active,2025-01-27 12:57:29.280888,2025-01-27 13:17:29.280888,2025-02-26 13:17:29.280888,False,,,,"{""source"": ""linkedin"", ""archetype"": ""power_user""}"
sub_4f70c3cee762e2,cus_df8bb5e4037ae9,8352,price_985b6ae07cfee9,2900,eur,year,active,2025-01-16 05:34:17.836782,2025-01-16 05:51:17.836782,2025-02-15 05:51:17.836782,False,,,2025-01-16 05:51:17.836782,"{""source"": ""referral"", ""archetype"": ""engaged_free""}"
sub_b8f7001e9dd214,cus_e30ba0bbc07ad6,8356,price_975c4cbdd1f8da,29900,gbp,month,active,2025-01-23 10:41:20.676518,2025-01-23 10:56:20.676518,2025-02-22 10:56:20.676518,False,,,2025-01-23 10:56:20.676518,"{""source"": ""google_ads"", ""archetype"": ""enterprise_evaluator""}"
sub_38f519e1d7f3c9,cus_0b41f3322de4c9,8369,price_485f1d6ae6bf88,19900,gbp,year,active,2025-01-06 18:22:11.634451,2025-01-06 18:45:11.634451,2025-02-05 18:45:11.634451,False,,2024-12-29 18:45:11.634451,2025-01-06 18:45:11.634451,"{""source"": ""direct"", ""archetype"": ""power_user""}"
sub_6fdd5cb5b2d07b,cus_278da8cdc8c8c6,8370,price_b7bd5adf6905b4,29900,usd,year,past_due,2025-01-09 10:53:34.491619,2025-01-09 11:16:34.491619,2025-02-08 11:16:34.491619,False,,,,"{""source"": ""google_ads"", ""archetype"": ""enterprise_evaluator""}"
sub_b24823f25a3f8f,cus_9cde9be637c53c,8373,price_1a22cb85d8f1de,2900,gbp,month,active,2025-01-07 10:00:09.079964,2025-01-07 10:25:09.079964,2025-02-06 10:25:09.079964,False,,2024-12-27 10:25:09.079964,,"{""source"": ""referral"", ""archetype"": ""engaged_free""}"
sub_72e062dcead721,cus_d00a87f8ba342b,8378,price_81106bf5503767,29900,usd,year,active,2025-02-05 21:40:09.431452,2025-02-05 21:53:09.431452,2025-03-07 21:53:09.431452,False,,,,"{""source"": ""google_ads"", ""archetype"": ""power_user""}"
sub_95078c9da59be1,cus_5c0b37d3e36398,8380,price_c135da0700a71a,29900,GBP,year,active,2025-01-30 04:29:54.715726,2025-01-30 04:39:54.715726,2025-03-01 04:39:54.715726,False,,,,"{""source"": ""linkedin"", ""archetype"": ""power_user""}"
sub_53f8c639453dae,cus_4064d9a16bf8ee,8388,price_4b02591b15d18f,2900,USD,month,active,2025-01-09 06:23:23.073239,2025-01-09 06:50:23.073239,2025-02-08 06:50:23.073239,False,,,,"{""source"": ""organic"", ""archetype"": ""casual_explorer""}"
sub_29ec6dfcf68bf2,cus_914a8c88fa7666,8389,price_1b335753744044,19900,gbp,month,active,2025-01-18 12:29:27.926335,2025-01-18 12:35:27.926335,2025-02-17 12:35:27.926335,False,,,2025-01-18 12:35:27.926335,"{""source"": ""linkedin"", ""archetype"": ""enterprise_evaluator""}"
sub_fda11ddd694992,cus_0e558a20448e92,8431,price_45800988d1da5b,19900,USD,month,active,2025-01-27 16:50:04.269846,2025-01-27 17:13:04.269846,2025-02-26 17:13:04.269846,False,,,,"{""source"": ""organic"", ""archetype"": ""enterprise_evaluator""}"
sub_80b081d95b2ca5,cus_dcb1a95de71f40,8436,price_42a5dda3b408b6,4900,GBP,month,active,2025-01-14 23:58:56.179234,2025-01-15 00:08:56.179234,2025-02-14 00:08:56.179234,False,,2025-01-04 00:08:56.179234,,"{""source"": ""referral"", ""archetype"": ""engaged_free""}"
sub_7e981aefd33e4b,cus_3a2d3a3f3f2756,8441,price_06bcbbb06cf638,2900,eur,month,active,2025-01-28 01:33:34.922405,2025-01-28 01:57:34.922405,2025-02-27 01:57:34.922405,False,,2025-01-15 01:57:34.922405,,"{""source"": ""linkedin"", ""archetype"": ""engaged_free""}"
sub_01c69a0ebe1bdd,cus_5f23c7aa5c855b,8445,price_60419429612645,2900,USD,year,active,2025-01-11 07:06:47.778498,2025-01-11 07:26:47.778498,2025-02-10 07:26:47.778498,False,,,,"{""source"": ""google_ads"", ""archetype"": ""engaged_free""}"
sub_2505bf51ea3d99,cus_dd9d458a12c224,8450,price_6037d1bfe56b9f,29900,GBP,month,active,2025-01-18 01:49:10.133963,2025-01-18 02:07:10.133963,2025-02-17 02:07:10.133963,False,,,2025-01-18 02:07:10.133963,"{""source"": ""google_ads"", ""archetype"": ""power_user""}"
sub_55c41e964a019d,cus_2e9a4b087c9389,8467,price_69e0e557a54527,2900,usd,month,active,2025-02-13 22:59:46.320383,2025-02-13 23:06:46.320383,2025-03-15 23:06:46.320383,False,,,,"{""source"": ""referral"", ""archetype"": ""engaged_free""}"
sub_ffbac795f1f2f9,cus_1d1ea90e5df857,8473,price_3efa2d1d3a7a3b,2900,eur,year,past_due,2025-01-22 22:44:25.430053,2025-01-22 22:50:25.430053,2025-02-21 22:50:25.430053,False,,,2025-01-22 22:50:25.430053,"{""source"": ""organic"", ""archetype"": ""engaged_free""}"
sub_aa9566910f7464,cus_3482dd3b19d0ec,8477,price_d08c5539ed1c0c,19900,GBP,month,active,2025-02-09 08:08:25.846445,2025-02-09 08:10:25.846445,2025-03-11 08:10:25.846445,False,,,,"{""source"": ""organic"", ""archetype"": ""power_user""}"
sub_31ca3e64bf7142,cus_1db141cfc00315,8484,price_a8c3972d225b63,4900,USD,month,active,2025-01-20 20:47:38.679257,2025-01-20 21:08:38.679257,2025-02-19 21:08:38.679257,False,,,,"{""source"": ""referral"", ""archetype"": ""engaged_free""}"
sub_aa53fc11272127,cus_dc4871fdfb132e,8492,price_35f8ae36e1a340,9900,eur,month,active,2025-01-16 17:48:45.058853,2025-01-16 17:59:45.058853,2025-02-15 17:59:45.058853,False,,,,"{""source"": ""linkedin"", ""archetype"": ""power_user""}"
sub_f84cbd0bc62123,cus_da51499789b3af,8504,price_71a049d3194e1f,2900,eur,month,past_due,2025-01-28 16:13:19.073145,2025-01-28 16:35:19.073145,2025-02-27 16:35:19.073145,False,,,2025-01-28 16:35:19.073145,"{""source"": ""google_ads"", ""archetype"": ""support_heavy""}"
sub_defebb0d1db05e,cus_bc14c6438ca056,8514,price_031dfe0324c5eb,2900,usd,month,unpaid,2025-02-05 07:10:58.903252,2025-02-05 07:28:58.903252,2025-03-07 07:28:58.903252,False,,,,"{""source"": ""linkedin"", ""archetype"": ""engaged_free""}"
sub_5dfa13c5f4f26c,cus_aab1e8f599df8f,8518,price_f4051485e07b6e,19900,USD,month,active,2025-01-31 13:17:20.143836,2025-01-31 13:29:20.143836,2025-03-02 13:29:20.143836,False,,,2025-01-31 13:29:20.143836,"{""source"": ""linkedin"", ""archetype"": ""enterprise_evaluator""}"
sub_e68bedb5760580,cus_89eb4f9c21ddb7,8519,price_889f88ae7ed786,4900,gbp,month,active,2025-02-13 05:08:36.711106,2025-02-13 05:09:36.711106,2025-03-15 05:09:36.711106,False,,,,"{""source"": ""linkedin"", ""archetype"": ""engaged_free""}"
sub_a1d17b1c09f202,cus_b05d808bb0d1ad,8520,price_4ca1b8610295ed,29900,GBP,year,active,2025-01-22 17:22:14.326852,2025-01-22 17:38:14.326852,2025-02-21 17:38:14.326852,False,,2025-01-10 17:38:14.326852,,"{""source"": ""referral"", ""archetype"": ""enterprise_evaluator""}"
sub_90913d0e6cc1a1,cus_2a1c9c2349d1ba,8523,price_1be88e8b25135c,29900,gbp,month,active,2025-01-23 18:21:34.454823,2025-01-23 18:43:34.454823,2025-02-22 18:43:34.454823,False,,,2025-01-23 18:43:34.454823,"{""source"": ""referral"", ""archetype"": ""power_user""}"
sub_09aa91d9e4bb59,cus_52c138464301ab,8528,price_ea1ae28ef2d1fc,29900,gbp,month,active,2025-01-15 03:42:19.497761,2025-01-15 04:03:19.497761,2025-02-14 04:03:19.497761,False,,,,"{""source"": ""organic"", ""archetype"": ""power_user""}"
sub_f3016251fdfa6d,cus_5585b7fe4948d4,8536,price_2dac1939fc9fb7,19900,GBP,month,active,2025-01-24 13:30:26.197234,2025-01-24 13:56:26.197234,2025-02-23 13:56:26.197234,False,,,2025-01-24 13:56:26.197234,"{""source"": ""organic"", ""archetype"": ""power_user""}"
sub_01528e345cb3a5,cus_b1f75e51771f82,8537,price_52995923ac01b4,9900,Eur,month,active,2025-01-11 01:41:06.392950,2025-01-11 01:57:06.392950,2025-02-10 01:57:06.392950,False,,2024-12-31 01:57:06.392950,2025-01-11 01:57:06.392950,"{""source"": ""partner"", ""archetype"": ""power_user""}"
sub_5abd873e568e4b,cus_3ad1faa435db2e,8540,price_60f72829f817a2,4900,usd,month,active,2025-01-25 20:16:53.552325,2025-01-25 20:23:53.552325,2025-02-24 20:23:53.552325,False,,,,"{""source"": ""direct"", ""archetype"": ""engaged_free""}"
sub_edb17fe914121e,cus_c0844ed557a761,8544,price_dc9fc55d2133ca,29900,usd,month,active,2025-01-16 05:23:04.298544,2025-01-16 05:52:04.298544,2025-02-15 05:52:04.298544,False,,2025-01-04 05:52:04.298544,,"{""source"": ""partner"", ""archetype"": ""power_user""}"
sub_7f50a76eb83f3f,cus_cf3d50847dae47,8545,price_18c9fb82252ddd,29900,GBP,month,active,2025-01-20 00:49:40.643288,2025-01-20 00:50:40.643288,2025-02-19 00:50:40.643288,False,,,2025-01-20 00:50:40.643288,"{""source"": ""direct"", ""archetype"": ""power_user""}"
sub_74da0d18c64dc8,cus_33b58c34a0ef73,8549,price_c93174caf98b0c,19900,usd,month,active,2025-01-13 21:30:00.764249,2025-01-13 21:34:00.764249,2025-02-12 21:34:00.764249,False,,2024-12-30 21:34:00.764249,,"{""source"": ""direct"", ""archetype"": ""power_user""}"
sub_31ebe107511699,cus_28ada20633d505,8550,price_783c5b7bbf847d,4900,Eur,month,past_due,2025-01-18 07:51:27.030301,2025-01-18 08:06:27.030301,2025-02-17 08:06:27.030301,False,,2025-01-10 08:06:27.030301,,"{""source"": ""partner"", ""archetype"": ""engaged_free""}"
sub_31afc9c559d862,cus_9c23e61eea097e,8553,price_49bf2aa2f9c6ad,19900,GBP,year,active,2025-01-12 20:39:14.033025,2025-01-12 20:53:14.033025,2025-02-11 20:53:14.033025,False,,,,"{""source"": ""direct"", ""archetype"": ""enterprise_evaluator""}"
sub_830b7529c9502e,cus_11ab27b4644f22,8554,price_3ad7853dfbdf60,2900,eur,year,active,2025-02-08 10:03:33.436956,2025-02-08 10:07:33.436956,2025-03-10 10:07:33.436956,False,,,,"{""source"": ""organic"", ""archetype"": ""support_heavy""}"
sub_22d9e72180a44b,cus_959f3fbf8c9b98,8563,price_70c248ebed7249,29900,gbp,month,active,2025-01-28 04:36:13.361896,2025-01-28 04:57:13.361896,2025-02-27 04:57:13.361896,False,,,2025-01-28 04:57:13.361896,"{""source"": ""google_ads"", ""archetype"": ""enterprise_evaluator""}"
sub_12c111c530b843,cus_54a7f378007697,8567,price_af191dbc629b1d,9900,usd,month,active,2025-01-21 15:07:43.696449,2025-01-21 15:30:43.696449,2025-02-20 15:30:43.696449,False,,,2025-01-21 15:30:43.696449,"{""source"": ""direct"", ""archetype"": ""power_user""}"
sub_07e41a0f7a2d92,cus_41cccd0ff8bdde,8570,price_2237146755a9b1,2900,gbp,month,active,2025-01-23 12:20:49.934618,2025-01-23 12:47:49.934618,2025-02-22 12:47:49.934618,False,,,,"{""source"": ""google_ads"", ""archetype"": ""engaged_free""}"
sub_93eb60ab9fe263,cus_d78d5a8eb051c3,8574,price_275fa158432def,19900,Eur,year,active,2025-01-29 17:47:12.179142,2025-01-29 18:00:12.179142,2025-02-28 18:00:12.179142,False,,,2025-01-29 18:00:12.179142,"{""source"": ""referral"", ""archetype"": ""power_user""}"
sub_cbdb58e4ee735f,cus_6f15821c3098f3,8576,price_958d1e22500016,29900,USD,year,active,2025-02-21 11:52:42.971445,2025-02-21 12:10:42.971445,2025-03-23 12:10:42.971445,False,,,2025-02-21 12:10:42.971445,"{""source"": ""direct"", ""archetype"": ""power_user""}"
sub_a7d88200c97bbe,cus_dbfecf18a0b749,8582,price_f2601e3b58c6b8,19900,gbp,month,active,2025-01-07 23:24:45.044566,2025-01-07 23:30:45.044566,2025-02-06 23:30:45.044566,False,,,,"{""source"": ""google_ads"", ""archetype"": ""power_user""}"
sub_7da050e040b5d4,cus_bdb5586f153ce7,8583,price_ac0c1ad0345a5a,9900,Eur,month,active,2025-01-11 15:08:19.809504,2025-01-11 15:18:19.809504,2025-02-10 15:18:19.809504,False,,,,"{""source"": ""google_ads"", ""archetype"": ""power_user""}"
sub_e354bb450fe8ab,cus_a6674a221737bb,8585,price_433b435a27922a,29900,eur,month,canceled,2025-01-26 07:52:27.265187,2025-01-26 08:07:27.265187,2025-02-25 08:07:27.265187,True,2025-03-21 19:04:28.596429,,,"{""source"": ""organic"", ""archetype"": ""enterprise_evaluator""}"
sub_21a68a06e357f4,cus_e97e6a3b87b68e,8593,price_d1547572c99711,4900,USD,month,active,2025-01-22 09:58:43.355403,2025-01-22 10:00:43.355403,2025-02-21 10:00:43.355403,False,,,,"{""source"": ""partner"", ""archetype"": ""engaged_free""}"
sub_43ac224b94da91,cus_bc6547a55f9ed3,8600,price_46d8e89f9049ee,29900,USD,month,unpaid,2025-01-16 16:09:42.224874,2025-01-16 16:16:42.224874,2025-02-15 16:16:42.224874,False,,,,"{""source"": ""organic"", ""archetype"": ""power_user""}"
sub_ce225c6c1f6903,cus_37c6e2b20194a8,8601,price_0d6e39f8932344,29900,Eur,month,past_due,2025-02-02 19:30:34.137936,2025-02-02 19:49:34.137936,2025-03-04 19:49:34.137936,False,,,,"{""source"": ""linkedin"", ""archetype"": ""power_user""}"
sub_71b01ac0a86be8,cus_96cdf268a533e1,8611,price_28332924ced17f,4900,usd,month,active,2025-01-08 01:02:01.268824,2025-01-08 01:27:01.268824,2025-02-07 01:27:01.268824,False,,,,"{""source"": ""linkedin"", ""archetype"": ""engaged_free""}"
sub_da744bb3402510,cus_04a3ad3d64f6a3,8636,price_93c3b9b592639d,2900,USD,month,active,2025-02-23 03:59:18.652281,2025-02-23 04:14:18.652281,2025-03-25 04:14:18.652281,False,,2025-02-16 04:14:18.652281,,"{""source"": ""direct"", ""archetype"": ""engaged_free""}"
sub_f3755660ce7852,cus_14315f1015317a,8638,price_484945e2fe074e,19900,eur,month,active,2025-01-30 22:14:18.527058,2025-01-30 22:33:18.527058,2025-03-01 22:33:18.527058,False,,,2025-01-30 22:33:18.527058,"{""source"": ""linkedin"", ""archetype"": ""enterprise_evaluator""}"
sub_e72cc220d6a2ef,cus_87d3b0398f28cb,8643,price_3eaff80e42a1ea,19900,Eur,month,past_due,2025-01-27 10:45:48.930654,2025-01-27 11:13:48.930654,2025-02-26 11:13:48.930654,False,,,,"{""source"": ""direct"", ""archetype"": ""enterprise_evaluator""}"
sub_fe6b849fd0aa7c,cus_833e9b20a1096e,8647,price_64cc41287d8636,29900,Eur,month,active,2025-01-13 06:24:53.668617,2025-01-13 06:51:53.668617,2025-02-12 06:51:53.668617,False,,,,"{""source"": ""linkedin"", ""archetype"": ""power_user""}"
sub_e85a027345f118,cus_96e4381da0bd29,8659,price_48d0db499c0404,4900,usd,month,active,2025-02-26 03:00:26.735523,2025-02-26 03:13:26.735523,2025-03-28 03:13:26.735523,False,,2025-02-12 03:13:26.735523,2025-02-26 03:13:26.735523,"{""source"": ""partner"", ""archetype"": ""engaged_free""}"
sub_b74b986937ad82,cus_824eedaf590e6b,8661,price_e389551e0ed77b,4900,usd,year,canceled,2025-01-13 04:15:09.409633,2025-01-13 04:34:09.409633,2025-02-12 04:34:09.409633,True,2025-01-24 22:54:44.915413,,,"{""source"": ""google_ads"", ""archetype"": ""engaged_free""}"
sub_e122919c1ce4e1,cus_cb178c8b9cd646,8662,price_ce7cc34014034e,19900,eur,year,past_due,2025-01-29 00:23:21.562030,2025-01-29 00:33:21.562030,2025-02-28 00:33:21.562030,False,,,,"{""source"": ""linkedin"", ""archetype"": ""enterprise_evaluator""}"
sub_1d082971402c14,cus_04556625d638a1,8663,price_8ba98ee4ffb923,4900,gbp,year,active,2025-01-10 14:44:54.140163,2025-01-10 15:03:54.140163,2025-02-09 15:03:54.140163,False,,,,"{""source"": ""google_ads"", ""archetype"": ""engaged_free""}"
sub_1a18c4985b20b9,cus_f0fe0fcc34121a,8678,price_f65733172d3736,29900,usd,month,canceled,2025-02-04 18:34:45.822314,2025-02-04 19:00:45.822314,2025-03-06 19:00:45.822314,True,2025-03-12 10:19:47.677944,2025-01-26 19:00:45.822314,,"{""source"": ""linkedin"", ""archetype"": ""enterprise_evaluator""}"
sub_0e5337aeb79da3,cus_af0cc329c34a09,8681,price_1174f302b6037b,9900,USD,month,active,2025-01-05 11:50:49.649669,2025-01-05 11:55:49.649669,2025-02-04 11:55:49.649669,False,,,,"{""source"": ""organic"", ""archetype"": ""power_user""}"
sub_5d9156fb708628,cus_2905d4359b13a5,8689,price_763e392c133db1,19900,gbp,month,active,2025-02-26 17:15:27.105607,2025-02-26 17:25:27.105607,2025-03-28 17:25:27.105607,False,,2025-02-14 17:25:27.105607,,"{""source"": ""linkedin"", ""archetype"": ""power_user""}"
sub_93f3120956ba8c,cus_8cd6d8affd6f01,8691,price_5415464949c4a0,29900,eur,month,unpaid,2025-02-13 10:19:48.707502,2025-02-13 10:30:48.707502,2025-03-15 10:30:48.707502,False,,,2025-02-13 10:30:48.707502,"{""source"": ""organic"", ""archetype"": ""power_user""}"
sub_111f523be125b5,cus_16fc422913f2ad,8692,price_bbf57f7f663b57,29900,gbp,month,active,2025-01-14 11:30:19.252809,2025-01-14 11:59:19.252809,2025-02-13 11:59:19.252809,False,,,,"{""source"": ""partner"", ""archetype"": ""enterprise_evaluator""}"
sub_dfdfecd0539612,cus_6faeee4565245e,8694,price_7828bdba49dbcb,29900,Eur,month,active,2025-03-27 20:53:11.666218,2025-03-27 20:58:11.666218,2025-04-26 20:58:11.666218,False,,2025-03-14 20:58:11.666218,,"{""source"": ""linkedin"", ""archetype"": ""power_user""}"
sub_9d38a93e333f65,cus_d08d1acc7e7890,8707,price_f87a9648aa5490,2900,USD,month,canceled,2025-01-26 06:02:55.069280,2025-01-26 06:10:55.069280,2025-02-25 06:10:55.069280,True,2025-01-30 21:54:13.134095,2025-01-12 06:10:55.069280,,"{""source"": ""google_ads"", ""archetype"": ""engaged_free""}"
sub_6a98a995a71c7a,cus_2cbaaef7f36e24,8720,price_0f5d74a3eaa5b6,9900,usd,month,active,2025-01-18 03:03:23.674764,2025-01-18 03:14:23.674764,2025-02-17 03:14:23.674764,False,,,,"{""source"": ""organic"", ""archetype"": ""power_user""}"
sub_391600c5a6d64b,cus_09c4d798d48248,8721,price_3c5b8a0fcb573d,9900,Eur,month,active,2025-02-14 13:25:44.338039,2025-02-14 13:37:44.338039,2025-03-16 13:37:44.338039,False,,,2025-02-14 13:37:44.338039,"{""source"": ""linkedin"", ""archetype"": ""power_user""}"
sub_cfc262eb6b095d,cus_f95ef44bfd95f6,8722,price_7a9b04ffcc82de,29900,eur,month,active,2025-01-07 13:11:36.992111,2025-01-07 13:31:36.992111,2025-02-06 13:31:36.992111,False,,2024-12-24 13:31:36.992111,,"{""source"": ""partner"", ""archetype"": ""enterprise_evaluator""}"
sub_84338ef9bc7078,cus_54b81c7a4e3755,8726,price_f3103c7b05f0e1,19900,gbp,month,active,2025-02-07 01:12:47.510824,2025-02-07 01:21:47.510824,2025-03-09 01:21:47.510824,False,,2025-01-28 01:21:47.510824,,"{""source"": ""direct"", ""archetype"": ""power_user""}"
sub_1d8b3691e2e28d,cus_91b51c2df08138,8731,price_419d271568ea78,4900,eur,month,active,2025-01-16 07:13:20.610694,2025-01-16 07:21:20.610694,2025-02-15 07:21:20.610694,False,,,2025-01-16 07:21:20.610694,"{""source"": ""direct"", ""archetype"": ""engaged_free""}"
sub_6792636629836a,cus_ce0696a680d290,8739,price_ce40e0f0676c64,2900,eur,year,unpaid,2025-02-04 20:00:36.700446,2025-02-04 20:04:36.700446,2025-03-06 20:04:36.700446,False,,,2025-02-04 20:04:36.700446,"{""source"": ""google_ads"", ""archetype"": ""engaged_free""}"
sub_aa597df66a0be8,cus_308ad22611a9a2,8743,price_194bd6bc5dc8e7,19900,eur,year,canceled,2025-01-04 23:08:05.841580,2025-01-04 23:36:05.841580,2025-02-03 23:36:05.841580,True,2025-02-16 05:36:03.909902,,,"{""source"": ""partner"", ""archetype"": ""enterprise_evaluator""}"
sub_9d7506d7913829,cus_59c206117876cc,8755,price_a3a057ee378ad3,29900,eur,month,active,2025-02-05 07:53:33.753412,2025-02-05 08:07:33.753412,2025-03-07 08:07:33.753412,False,,,,"{""source"": ""partner"", ""archetype"": ""enterprise_evaluator""}"
sub_628689d3869ac2,cus_67c9092fc4ec04,8772,price_f7333bee74211b,2900,USD,year,canceled,2025-01-11 16:22:34.204264,2025-01-11 16:45:34.204264,2025-02-10 16:45:34.204264,True,2025-01-16 15:24:38.021082,2024-12-30 16:45:34.204264,,"{""source"": ""direct"", ""archetype"": ""casual_explorer""}"
sub_b0c220dcda51dd,cus_85f92df9f1da89,8776,price_f256b4057694c2,9900,usd,month,canceled,2025-01-15 04:48:36.870465,2025-01-15 04:54:36.870465,2025-02-14 04:54:36.870465,True,2025-01-20 22:32:19.604211,,,"{""source"": ""google_ads"", ""archetype"": ""power_user""}"
sub_7f122e9dc55e5a,cus_e189f54705f838,8780,price_352a32f39f8efa,19900,gbp,month,active,2025-02-11 12:40:34.289183,2025-02-11 12:57:34.289183,2025-03-13 12:57:34.289183,False,,2025-01-31 12:57:34.289183,,"{""source"": ""organic"", ""archetype"": ""enterprise_evaluator""}"
sub_dfb9b6ce2989f9,cus_42d7ab564f797b,8785,price_1d0222fbb848ea,29900,Eur,month,active,2025-01-29 22:47:21.620466,2025-01-29 23:14:21.620466,2025-02-28 23:14:21.620466,False,,,,"{""source"": ""google_ads"", ""archetype"": ""power_user""}"
sub_694ee7abaf6030,cus_fb75a17429bd2f,8789,price_67a8e45f57c183,19900,eur,month,active,2025-01-24 10:02:51.308290,2025-01-24 10:03:51.308290,2025-02-23 10:03:51.308290,False,,2025-01-11 10:03:51.308290,,"{""source"": ""linkedin"", ""archetype"": ""power_user""}"
sub_bde7d2fa70e420,cus_8d8487e8610385,8790,price_cebb9ba870ab7f,29900,gbp,month,unpaid,2025-01-20 11:21:53.010593,2025-01-20 11:25:53.010593,2025-02-19 11:25:53.010593,False,,,,"{""source"": ""direct"", ""archetype"": ""power_user""}"
sub_b1d4782540bf1a,cus_11f394c3b892c2,8793,price_bb52b4bb2996f4,4900,usd,month,canceled,2025-01-18 07:45:03.458931,2025-01-18 07:49:03.458931,2025-02-17 07:49:03.458931,True,2025-02-15 23:11:04.207728,,,"{""source"": ""linkedin"", ""archetype"": ""engaged_free""}"
sub_eb844ea5c82634,cus_808e1820d8b0f1,8803,price_0aa870ade991b2,29900,USD,month,canceled,2025-03-27 05:44:57.344486,2025-03-27 06:14:57.344486,2025-04-26 06:14:57.344486,True,2025-05-03 22:51:24.408963,2025-03-18 06:14:57.344486,,"{""source"": ""direct"", ""archetype"": ""enterprise_evaluator""}"
sub_02e6392c13d189,cus_5bbf97f5e77344,8814,price_967a0244f8b60d,9900,eur,month,active,2025-01-17 00:36:06.664048,2025-01-17 00:56:06.664048,2025-02-16 00:56:06.664048,False,,,,"{""source"": ""referral"", ""archetype"": ""power_user""}"
sub_69452bf9d85e9c,cus_dc2b0c06c936b4,8826,price_b5b5ebd9543cec,29900,usd,year,active,2025-02-05 03:14:59.736442,2025-02-05 03:25:59.736442,2025-03-07 03:25:59.736442,False,,,,"{""source"": ""direct"", ""archetype"": ""power_user""}"
sub_4e473f8276c646,cus_bc6063f7b19264,8832,price_b584d3b500f778,29900,eur,month,active,2025-01-06 11:07:22.990748,2025-01-06 11:17:22.990748,2025-02-05 11:17:22.990748,False,,,,"{""source"": ""partner"", ""archetype"": ""enterprise_evaluator""}"
sub_31efde5b091ef9,cus_054dc0f45a77fb,8844,price_4b4206b60568e7,2900,USD,month,active,2025-01-11 19:37:04.553766,2025-01-11 19:51:04.553766,2025-02-10 19:51:04.553766,False,,2025-01-02 19:51:04.553766,,"{""source"": ""organic"", ""archetype"": ""engaged_free""}"
sub_cd2db86591d5fb,cus_096e95619c32b2,8870,price_974c270c5172ca,9900,gbp,month,active,2025-02-07 06:50:25.696671,2025-02-07 07:10:25.696671,2025-03-09 07:10:25.696671,False,,,2025-02-07 07:10:25.696671,"{""source"": ""linkedin"", ""archetype"": ""power_user""}"
sub_a7609af746f214,cus_697f7f8b4e060e,8872,price_04b59a3c34ca22,2900,USD,month,active,2025-01-27 16:40:14.691929,2025-01-27 17:08:14.691929,2025-02-26 17:08:14.691929,False,,,,"{""source"": ""linkedin"", ""archetype"": ""engaged_free""}"
sub_4985f8202f1e91,cus_5e152a251c4d47,8877,price_275d585d3b33c2,9900,GBP,month,past_due,2025-01-30 11:49:00.529453,2025-01-30 12:05:00.529453,2025-03-01 12:05:00.529453,False,,,2025-01-30 12:05:00.529453,"{""source"": ""partner"", ""archetype"": ""power_user""}"
sub_2bf4bd1123c4f2,cus_ba2dce7b23a8f2,8891,price_ea89f883d0aa36,29900,usd,month,active,2025-02-07 20:51:49.414258,2025-02-07 21:06:49.414258,2025-03-09 21:06:49.414258,False,,2025-01-31 21:06:49.414258,,"{""source"": ""linkedin"", ""archetype"": ""enterprise_evaluator""}"
sub_fef4de1371cd80,cus_e944eadbdca750,8892,price_b32fd2bde5890e,4900,Eur,month,active,2025-01-12 16:53:14.000900,2025-01-12 17:07:14.000900,2025-02-11 17:07:14.000900,False,,2024-12-30 17:07:14.000900,,"{""source"": ""google_ads"", ""archetype"": ""engaged_free""}"
sub_a0e81f1a200b00,cus_5c3f8846aab211,8896,price_5ceb6f46e03474,29900,Eur,month,active,2025-01-29 14:44:32.745366,2025-01-29 14:48:32.745366,2025-02-28 14:48:32.745366,False,,,,"{""source"": ""referral"", ""archetype"": ""power_user""}"
sub_e8fb03947829b7,cus_646f2b7a40d6c1,8898,price_2bd35e8346ca44,29900,eur,month,active,2025-01-13 19:24:28.445399,2025-01-13 19:27:28.445399,2025-02-12 19:27:28.445399,False,,,2025-01-13 19:27:28.445399,"{""source"": ""organic"", ""archetype"": ""power_user""}"
sub_4912c373d48f26,cus_6f58d87b891464,8902,price_af810b6d43c5e1,29900,USD,month,active,2025-02-12 03:23:05.294591,2025-02-12 03:35:05.294591,2025-03-14 03:35:05.294591,False,,,,"{""source"": ""linkedin"", ""archetype"": ""power_user""}"
sub_fe3743fe9d0e0a,cus_1829689d594d18,8906,price_1f7b495e6da8bb,29900,Eur,month,active,2025-01-18 05:33:20.012781,2025-01-18 05:50:20.012781,2025-02-17 05:50:20.012781,False,,,,"{""source"": ""google_ads"", ""archetype"": ""enterprise_evaluator""}"
sub_551687229ef31b,cus_3babaa4ed5ab2d,8910,price_c95868d5b8f513,9900,USD,month,past_due,2025-01-19 14:47:11.016230,2025-01-19 15:07:11.016230,2025-02-18 15:07:11.016230,False,,,,"{""source"": ""linkedin"", ""archetype"": ""power_user""}"
sub_510d80c3fc20ad,cus_b5d0dfdc2a1e81,8911,price_4a1050205cc1dc,29900,Eur,month,past_due,2025-01-29 06:52:07.783553,2025-01-29 07:15:07.783553,2025-02-28 07:15:07.783553,False,,,,"{""source"": ""organic"", ""archetype"": ""enterprise_evaluator""}"
sub_5d75481345d00e,cus_1c08aff95d7d2f,8913,price_6cd16877c25ec5,19900,Eur,month,active,2025-01-27 13:08:15.338743,2025-01-27 13:15:15.338743,2025-02-26 13:15:15.338743,False,,2025-01-16 13:15:15.338743,,"{""source"": ""partner"", ""archetype"": ""power_user""}"
sub_80ba58b6245e8f,cus_e49b6afe6c59aa,8915,price_9e4ba3f730b584,9900,eur,month,active,2025-01-25 22:29:52.917753,2025-01-25 22:31:52.917753,2025-02-24 22:31:52.917753,False,,,2025-01-25 22:31:52.917753,"{""source"": ""referral"", ""archetype"": ""power_user""}"
sub_2de6f78fb490e1,cus_c93f21474d585e,8940,price_7128f8522bce62,19900,usd,month,active,2025-01-13 09:26:19.825570,2025-01-13 09:40:19.825570,2025-02-12 09:40:19.825570,False,,2024-12-31 09:40:19.825570,2025-01-13 09:40:19.825570,"{""source"": ""partner"", ""archetype"": ""power_user""}"
sub_c4abe8873f4982,cus_99178ad701733b,8951,price_04a4e766cb6524,19900,GBP,year,active,2025-01-31 19:43:17.214033,2025-01-31 19:46:17.214033,2025-03-02 19:46:17.214033,False,,,,"{""source"": ""direct"", ""archetype"": ""enterprise_evaluator""}"
sub_a8e75c5f345162,cus_fcf00419e3ac9a,8959,price_a2a0a0f326fd9c,29900,usd,month,active,2025-01-19 17:36:39.537971,2025-01-19 17:52:39.537971,2025-02-18 17:52:39.537971,False,,,,"{""source"": ""organic"", ""archetype"": ""enterprise_evaluator""}"
sub_8023d45a8d3236,cus_103d1804a3fa08,8962,price_a1a5dadfbfff4f,19900,Eur,month,past_due,2025-01-13 13:57:35.719427,2025-01-13 14:27:35.719427,2025-02-12 14:27:35.719427,False,,,,"{""source"": ""partner"", ""archetype"": ""power_user""}"
sub_69228d96e1d147,cus_e07a6bc99139b7,8970,price_07bd2724040634,4900,eur,year,active,2025-01-19 19:35:18.719407,2025-01-19 19:39:18.719407,2025-02-18 19:39:18.719407,False,,,,"{""source"": ""partner"", ""archetype"": ""engaged_free""}"
sub_d87505c5ab41a9,cus_a16b74f205573f,8976,price_3cd106932deef1,29900,USD,month,active,2025-01-23 18:14:43.344812,2025-01-23 18:16:43.344812,2025-02-22 18:16:43.344812,False,,2025-01-15 18:16:43.344812,2025-01-23 18:16:43.344812,"{""source"": ""partner"", ""archetype"": ""enterprise_evaluator""}"
sub_6b972d879d5815,cus_fc4e163a1de915,8987,price_dd560374172540,19900,Eur,month,canceled,2025-01-14 04:04:41.217299,2025-01-14 04:20:41.217299,2025-02-13 04:20:41.217299,True,2025-01-15 01:50:16.761610,,,"{""source"": ""referral"", ""archetype"": ""enterprise_evaluator""}"
sub_636c9e8b977803,cus_6df16534eb09ff,8993,price_a8b7750c04384f,19900,gbp,month,active,2025-01-14 23:55:32.891999,2025-01-15 00:17:32.891999,2025-02-14 00:17:32.891999,False,,,2025-01-15 00:17:32.891999,"{""source"": ""linkedin"", ""archetype"": ""power_user""}"
sub_1e5b0ec53353d4,cus_1cf6e2ce8d7f24,8996,price_ad5248a8c49682,4900,eur,month,active,2025-01-07 18:54:15.160634,2025-01-07 19:15:15.160634,2025-02-06 19:15:15.160634,False,,2024-12-27 19:15:15.160634,2025-01-07 19:15:15.160634,"{""source"": ""organic"", ""archetype"": ""engaged_free""}"
sub_589d94b5593eca,cus_da1e99162ae259,9005,price_c891d6bfbacd5a,4900,Eur,month,active,2025-02-11 05:52:43.671668,2025-02-11 06:03:43.671668,2025-03-13 06:03:43.671668,False,,2025-01-31 06:03:43.671668,,"{""source"": ""referral"", ""archetype"": ""support_heavy""}"
sub_87c01691ffdfa8,cus_9f700b4708c5f0,9021,price_f3e2f4490cc3c7,4900,eur,year,active,2025-01-16 13:44:17.598015,2025-01-16 13:51:17.598015,2025-02-15 13:51:17.598015,False,,,,"{""source"": ""referral"", ""archetype"": ""engaged_free""}"
sub_f96d64742b3dfc,cus_12f504b3f74846,9022,price_ae8c3fe479d6fd,9900,USD,month,active,2025-01-15 03:28:45.380665,2025-01-15 03:41:45.380665,2025-02-14 03:41:45.380665,False,,,,"{""source"": ""organic"", ""archetype"": ""power_user""}"
sub_21e4e4e4b65119,cus_77380b5b6e0769,9026,price_9b9588584a40d7,9900,gbp,month,active,2025-01-14 11:19:06.857632,2025-01-14 11:27:06.857632,2025-02-13 11:27:06.857632,False,,,,"{""source"": ""direct"", ""archetype"": ""power_user""}"
sub_6e6b6dc35b8153,cus_3b8c9284682bd4,9055,price_cf1dc658f1846a,2900,Eur,month,past_due,2025-01-17 21:32:28.666938,2025-01-17 21:33:28.666938,2025-02-16 21:33:28.666938,False,,,2025-01-17 21:33:28.666938,"{""source"": ""organic"", ""archetype"": ""engaged_free""}"
sub_8f3924899fca1f,cus_2f16927a42d569,9057,price_3921fa4e80d8c1,2900,USD,month,unpaid,2025-02-08 10:46:25.810245,2025-02-08 10:47:25.810245,2025-03-10 10:47:25.810245,False,,,2025-02-08 10:47:25.810245,"{""source"": ""organic"", ""archetype"": ""engaged_free""}"
sub_243fc295c9556c,cus_572c3bbda28af1,9060,price_6467703fe19fe2,4900,GBP,year,active,2025-01-12 08:11:09.724564,2025-01-12 08:14:09.724564,2025-02-11 08:14:09.724564,False,,,,"{""source"": ""organic"", ""archetype"": ""engaged_free""}"
sub_eefaf2b930e4dc,cus_635fddf5470983,9061,price_90ac61a1d3d129,29900,Eur,month,active,2025-02-17 12:53:39.845710,2025-02-17 12:58:39.845710,2025-03-19 12:58:39.845710,False,,,,"{""source"": ""linkedin"", ""archetype"": ""enterprise_evaluator""}"
sub_61b5d4fe80af61,cus_dfeb79275a6ceb,9070,price_9719584e79d4f5,29900,GBP,month,active,2025-01-31 20:22:33.927584,2025-01-31 20:23:33.927584,2025-03-02 20:23:33.927584,False,,,,"{""source"": ""organic"", ""archetype"": ""power_user""}"
sub_bad51a17a9b39e,cus_e9cc00b4130ec4,9075,price_4716fa7939b76c,2900,gbp,month,past_due,2025-01-20 08:39:24.235843,2025-01-20 08:51:24.235843,2025-02-19 08:51:24.235843,False,,,2025-01-20 08:51:24.235843,"{""source"": ""google_ads"", ""archetype"": ""engaged_free""}"
sub_bfe485a8387f6d,cus_1fec423eefcbc7,9078,price_24613222d6e22a,4900,GBP,month,active,2025-01-27 18:59:36.107682,2025-01-27 19:18:36.107682,2025-02-26 19:18:36.107682,False,,,2025-01-27 19:18:36.107682,"{""source"": ""organic"", ""archetype"": ""engaged_free""}"
sub_41f18d561ecb6f,cus_f10ec550529bb9,9086,price_b27293cce94a82,2900,usd,year,canceled,2025-01-06 19:01:11.669778,2025-01-06 19:14:11.669778,2025-02-05 19:14:11.669778,True,2025-01-25 19:45:45.950726,,,"{""source"": ""partner"", ""archetype"": ""casual_explorer""}"
sub_37f865f335d12c,cus_1314bf9e8011e9,9095,price_25825d82121103,9900,gbp,month,active,2025-03-06 07:46:41.031234,2025-03-06 07:53:41.031234,2025-04-05 07:53:41.031234,False,,,2025-03-06 07:53:41.031234,"{""source"": ""linkedin"", ""archetype"": ""power_user""}"
sub_20b1cd420c5ae7,cus_40e1f57aad5e85,9109,price_dd153c90e1a4a0,29900,eur,month,active,2025-01-26 14:47:06.015908,2025-01-26 14:59:06.015908,2025-02-25 14:59:06.015908,False,,2025-01-17 14:59:06.015908,,"{""source"": ""google_ads"", ""archetype"": ""enterprise_evaluator""}"
sub_aa1e0c2a4dcb9a,cus_0ff4cfac60c8c9,9116,price_094533c7cdfa5e,4900,GBP,month,active,2025-03-27 14:31:16.570905,2025-03-27 15:01:16.570905,2025-04-26 15:01:16.570905,False,,,2025-03-27 15:01:16.570905,"{""source"": ""google_ads"", ""archetype"": ""engaged_free""}"
sub_d83188d33997a5,cus_bf745543c83471,9130,price_96c466260c2a30,4900,Eur,month,active,2025-01-28 02:49:36.049130,2025-01-28 02:58:36.049130,2025-02-27 02:58:36.049130,False,,2025-01-15 02:58:36.049130,,"{""source"": ""referral"", ""archetype"": ""engaged_free""}"
sub_2b41acb8c70618,cus_a5c5c95dce6a74,9133,price_ca197c199b7de1,9900,gbp,year,active,2025-01-18 12:41:50.166478,2025-01-18 12:52:50.166478,2025-02-17 12:52:50.166478,False,,,,"{""source"": ""referral"", ""archetype"": ""power_user""}"
sub_9f36a1c0a82f3e,cus_24ef968db61b8f,9135,price_23177197671e58,19900,Eur,month,active,2025-01-09 04:25:21.139441,2025-01-09 04:32:21.139441,2025-02-08 04:32:21.139441,False,,,2025-01-09 04:32:21.139441,"{""source"": ""partner"", ""archetype"": ""power_user""}"
sub_260259491f5371,cus_7e741ecc0bd5a2,9137,price_3fad389f1126e6,2900,Eur,month,active,2025-01-16 02:45:19.068687,2025-01-16 02:49:19.068687,2025-02-15 02:49:19.068687,False,,2025-01-04 02:49:19.068687,2025-01-16 02:49:19.068687,"{""source"": ""partner"", ""archetype"": ""engaged_free""}"
sub_54f7110aeb4571,cus_281fcb614f4f0f,9139,price_e5c4c272b784c1,4900,eur,month,active,2025-01-30 05:03:07.098422,2025-01-30 05:30:07.098422,2025-03-01 05:30:07.098422,False,,,,"{""source"": ""direct"", ""archetype"": ""engaged_free""}"
sub_11bd67c6628350,cus_b481435fc7537c,9145,price_1a17278ee5f953,19900,GBP,month,unpaid,2025-01-13 15:50:18.182442,2025-01-13 16:03:18.182442,2025-02-12 16:03:18.182442,False,,2025-01-05 16:03:18.182442,2025-01-13 16:03:18.182442,"{""source"": ""google_ads"", ""archetype"": ""enterprise_evaluator""}"
sub_f8e121e184149a,cus_8cb25acf76880c,9163,price_174aa5a09b2a9f,9900,usd,month,active,2025-02-02 17:24:32.534727,2025-02-02 17:41:32.534727,2025-03-04 17:41:32.534727,False,,,,"{""source"": ""linkedin"", ""archetype"": ""power_user""}"
sub_1f48178a54080e,cus_d31195f08ba2f4,9164,price_db770d9090f2c5,19900,USD,year,active,2025-01-16 18:35:48.634170,2025-01-16 18:50:48.634170,2025-02-15 18:50:48.634170,False,,,2025-01-16 18:50:48.634170,"{""source"": ""partner"", ""archetype"": ""enterprise_evaluator""}"
sub_7c537ddb37e61d,cus_db2dfd2891c6f6,9172,price_bd0fc177e240f6,9900,eur,year,active,2025-01-20 08:06:54.784532,2025-01-20 08:27:54.784532,2025-02-19 08:27:54.784532,False,,,,"{""source"": ""referral"", ""archetype"": ""power_user""}"
sub_a5155e4b574fea,cus_4acec4033df5a2,9176,price_700e6cc46012cd,29900,eur,month,active,2025-01-23 08:28:05.562566,2025-01-23 08:30:05.562566,2025-02-22 08:30:05.562566,False,,,,"{""source"": ""referral"", ""archetype"": ""power_user""}"
sub_c65595d66e50ab,cus_0a268ee0120198,9184,price_8a2cf2f42d80db,4900,usd,month,past_due,2025-01-11 11:26:02.347307,2025-01-11 11:48:02.347307,2025-02-10 11:48:02.347307,False,,,2025-01-11 11:48:02.347307,"{""source"": ""partner"", ""archetype"": ""engaged_free""}"
sub_468f1e5d9e58ce,cus_d3d89cb4230da5,9188,price_93d7ab64bbcd93,4900,Eur,month,active,2025-02-05 21:23:49.766521,2025-02-05 21:30:49.766521,2025-03-07 21:30:49.766521,False,,2025-01-25 21:30:49.766521,2025-02-05 21:30:49.766521,"{""source"": ""linkedin"", ""archetype"": ""engaged_free""}"
sub_345e61d0db2eaa,cus_a3142654b21bf3,9197,price_1e45f7fdac0740,9900,eur,month,active,2025-01-24 04:15:48.302411,2025-01-24 04:21:48.302411,2025-02-23 04:21:48.302411,False,,,,"{""source"": ""organic"", ""archetype"": ""power_user""}"
sub_50fac3f088d362,cus_93956237e58cd3,9203,price_6d746071671cd3,4900,usd,month,active,2025-03-10 19:05:53.963999,2025-03-10 19:30:53.963999,2025-04-09 19:30:53.963999,False,,,,"{""source"": ""organic"", ""archetype"": ""engaged_free""}"
sub_062baf68f9b684,cus_c3678283c69f88,9210,price_5b91164ffa29bc,9900,gbp,month,active,2025-01-15 17:36:12.321549,2025-01-15 17:57:12.321549,2025-02-14 17:57:12.321549,False,,,,"{""source"": ""google_ads"", ""archetype"": ""power_user""}"
sub_82720c2acd07d5,cus_d86c16d77cbd39,9217,price_1074106371c890,19900,usd,month,active,2025-01-21 08:20:17.904654,2025-01-21 08:31:17.904654,2025-02-20 08:31:17.904654,False,,,,"{""source"": ""linkedin"", ""archetype"": ""enterprise_evaluator""}"
sub_cda052ae5f025f,cus_e4495d6826732c,9218,price_0f5d97e5046d44,29900,USD,month,active,2025-03-10 16:59:46.778502,2025-03-10 17:14:46.778502,2025-04-09 17:14:46.778502,False,,,2025-03-10 17:14:46.778502,"{""source"": ""google_ads"", ""archetype"": ""power_user""}"
sub_585925267f1a48,cus_1484658fd2feaa,9225,price_3e01cf0e4ae5b3,19900,USD,month,active,2025-03-11 01:34:49.588913,2025-03-11 01:47:49.588913,2025-04-10 01:47:49.588913,False,,2025-02-27 01:47:49.588913,2025-03-11 01:47:49.588913,"{""source"": ""google_ads"", ""archetype"": ""power_user""}"
sub_a05818bbc51e80,cus_a4daa12ddd64bb,9236,price_580368b7c154ec,2900,eur,month,active,2025-01-07 11:49:12.520315,2025-01-07 12:18:12.520315,2025-02-06 12:18:12.520315,False,,2024-12-30 12:18:12.520315,,"{""source"": ""direct"", ""archetype"": ""engaged_free""}"
sub_ee2ba17fe7fc8f,cus_06ba06df648550,9237,price_cefc6f94a40209,29900,eur,month,past_due,2025-01-13 13:04:03.430165,2025-01-13 13:06:03.430165,2025-02-12 13:06:03.430165,False,,,,"{""source"": ""partner"", ""archetype"": ""enterprise_evaluator""}"
sub_58e611e8b9bce5,cus_d73ccfda80f961,9246,price_886cb721504045,2900,GBP,month,unpaid,2025-01-28 16:53:42.603844,2025-01-28 17:08:42.603844,2025-02-27 17:08:42.603844,False,,2025-01-15 17:08:42.603844,,"{""source"": ""google_ads"", ""archetype"": ""engaged_free""}"
sub_8902bbef3e0b25,cus_56d8ec2a166651,9251,price_b582ec9e1a31c1,4900,USD,month,active,2025-01-06 23:06:10.065420,2025-01-06 23:35:10.065420,2025-02-05 23:35:10.065420,False,,,2025-01-06 23:35:10.065420,"{""source"": ""organic"", ""archetype"": ""engaged_free""}"
sub_013d580e90eea3,cus_d7601caf0c29ca,9252,price_bbe4eb009689ef,29900,usd,year,active,2025-01-07 04:31:34.311136,2025-01-07 04:57:34.311136,2025-02-06 04:57:34.311136,False,,,,"{""source"": ""organic"", ""archetype"": ""power_user""}"
sub_37862907d04d75,cus_571b4e3aa2602e,9253,price_14bfc53183cfb9,2900,GBP,month,active,2025-01-22 07:18:20.464008,2025-01-22 07:30:20.464008,2025-02-21 07:30:20.464008,False,,,,"{""source"": ""google_ads"", ""archetype"": ""engaged_free""}"
sub_e3183eca743177,cus_e4449121f458f7,9256,price_233c349cb4411b,9900,gbp,month,active,2025-01-14 20:37:31.421401,2025-01-14 20:46:31.421401,2025-02-13 20:46:31.421401,False,,2025-01-04 20:46:31.421401,,"{""source"": ""referral"", ""archetype"": ""power_user""}"
sub_ec0644fd0fb5e0,cus_6afdb05519f35b,9262,price_b18d3c63558f58,2900,Eur,month,active,2025-01-07 19:50:47.824565,2025-01-07 20:01:47.824565,2025-02-06 20:01:47.824565,False,,,,"{""source"": ""direct"", ""archetype"": ""engaged_free""}"
sub_ce99b088ab7a91,cus_226583eae0c27b,9279,price_ea7b887cdf76b6,2900,eur,month,canceled,2025-01-23 12:40:42.599510,2025-01-23 12:41:42.599510,2025-02-22 12:41:42.599510,True,2025-02-10 13:00:40.343303,,2025-01-23 12:41:42.599510,"{""source"": ""partner"", ""archetype"": ""engaged_free""}"
sub_f915dd01065e48,cus_8248eb6568bb0a,9288,price_a1ccc88d9b6dac,19900,GBP,month,active,2025-02-26 08:21:35.998560,2025-02-26 08:47:35.998560,2025-03-28 08:47:35.998560,False,,,2025-02-26 08:47:35.998560,"{""source"": ""referral"", ""archetype"": ""enterprise_evaluator""}"
sub_3e6ed37c6edccb,cus_6be39d8a9ed424,9289,price_e0377dff277bb0,19900,eur,month,active,2025-02-09 02:03:38.739982,2025-02-09 02:29:38.739982,2025-03-11 02:29:38.739982,False,,2025-02-01 02:29:38.739982,,"{""source"": ""linkedin"", ""archetype"": ""enterprise_evaluator""}"
sub_23ffef777a8cdf,cus_2322b958d87cf6,9292,price_52f2dd9162214c,4900,GBP,month,active,2025-01-07 07:25:20.285588,2025-01-07 07:39:20.285588,2025-02-06 07:39:20.285588,False,,2024-12-25 07:39:20.285588,,"{""source"": ""direct"", ""archetype"": ""support_heavy""}"
sub_476c9af7a786db,cus_4124857993c189,9303,price_46a24fd7612a8a,4900,usd,month,active,2025-02-24 05:00:46.554631,2025-02-24 05:15:46.554631,2025-03-26 05:15:46.554631,False,,,,"{""source"": ""linkedin"", ""archetype"": ""engaged_free""}"
sub_31c3425772d9f6,cus_d479dd64cc67fc,9304,price_b260a41cc25bda,4900,GBP,month,active,2025-02-08 23:27:21.004186,2025-02-08 23:44:21.004186,2025-03-10 23:44:21.004186,False,,2025-01-28 23:44:21.004186,,"{""source"": ""linkedin"", ""archetype"": ""engaged_free""}"
sub_6f491f0a18aed6,cus_5648507d800937,9307,price_fbda4b3255cd1e,2900,usd,year,active,2025-01-17 04:30:43.553428,2025-01-17 04:48:43.553428,2025-02-16 04:48:43.553428,False,,,,"{""source"": ""direct"", ""archetype"": ""engaged_free""}"
sub_c2089148d681a9,cus_415aff92c2cb8b,9314,price_0b510e86e90092,9900,Eur,year,active,2025-03-22 14:01:50.965946,2025-03-22 14:04:50.965946,2025-04-21 14:04:50.965946,False,,,2025-03-22 14:04:50.965946,"{""source"": ""organic"", ""archetype"": ""power_user""}"
sub_57abf20b51d8d5,cus_21a735d02d509c,9318,price_707ec646f74e8f,19900,Eur,month,active,2025-01-07 11:13:57.587545,2025-01-07 11:26:57.587545,2025-02-06 11:26:57.587545,False,,2024-12-26 11:26:57.587545,,"{""source"": ""google_ads"", ""archetype"": ""enterprise_evaluator""}"
sub_5354b7ea349078,cus_5ceb6b6820a10b,9321,price_2107117167d5ea,2900,GBP,month,active,2025-01-23 18:26:01.908063,2025-01-23 18:33:01.908063,2025-02-22 18:33:01.908063,False,,,2025-01-23 18:33:01.908063,"{""source"": ""partner"", ""archetype"": ""engaged_free""}"
sub_6aca2f057387a2,cus_4f792f4242fb17,9333,price_218c9e634b3baa,29900,GBP,month,canceled,2025-02-06 08:12:18.071504,2025-02-06 08:14:18.071504,2025-03-08 08:14:18.071504,True,2025-02-20 17:57:40.894795,2025-01-23 08:14:18.071504,,"{""source"": ""partner"", ""archetype"": ""power_user""}"
sub_089bc2c1c93b12,cus_acd13a228d16d0,9338,price_4504fe3c630201,2900,Eur,year,active,2025-01-24 15:44:16.861607,2025-01-24 15:53:16.861607,2025-02-23 15:53:16.861607,False,,,,"{""source"": ""referral"", ""archetype"": ""engaged_free""}"
sub_4bb3a593d164a5,cus_a5fec6ae5ce110,9342,price_0f75a131cf0ecb,19900,usd,month,active,2025-02-14 07:04:17.280606,2025-02-14 07:10:17.280606,2025-03-16 07:10:17.280606,False,,,2025-02-14 07:10:17.280606,"{""source"": ""direct"", ""archetype"": ""power_user""}"
sub_1eea51c97a4768,cus_ea4580ce040d04,9351,price_e51835013850fe,29900,gbp,month,active,2025-02-17 04:41:24.911345,2025-02-17 04:52:24.911345,2025-03-19 04:52:24.911345,False,,2025-02-07 04:52:24.911345,,"{""source"": ""organic"", ""archetype"": ""enterprise_evaluator""}"
sub_41f86cc6b97fd5,cus_e765becf08284b,9352,price_6a66ee822a0f57,19900,USD,year,canceled,2025-02-06 08:46:20.076837,2025-02-06 08:52:20.076837,2025-03-08 08:52:20.076837,True,2025-04-16 12:40:43.945365,,,"{""source"": ""linkedin"", ""archetype"": ""enterprise_evaluator""}"
sub_3024035a34ec35,cus_a55c0dd8e44890,9358,price_50ae4b4f742f5e,29900,usd,month,active,2025-01-30 22:21:02.983231,2025-01-30 22:47:02.983231,2025-03-01 22:47:02.983231,False,,2025-01-17 22:47:02.983231,2025-01-30 22:47:02.983231,"{""source"": ""google_ads"", ""archetype"": ""enterprise_evaluator""}"
sub_2fa73638fd9e82,cus_579f39650bbef4,9363,price_7c028724be66e0,9900,eur,month,active,2025-02-19 13:47:48.765264,2025-02-19 13:57:48.765264,2025-03-21 13:57:48.765264,False,,2025-02-08 13:57:48.765264,2025-02-19 13:57:48.765264,"{""source"": ""referral"", ""archetype"": ""power_user""}"
sub_b570c2318e5265,cus_d50c0ad368c9aa,9365,price_5a7fc1e295215f,19900,USD,month,active,2025-02-22 15:44:32.519811,2025-02-22 16:09:32.519811,2025-03-24 16:09:32.519811,False,,,2025-02-22 16:09:32.519811,"{""source"": ""referral"", ""archetype"": ""power_user""}"
sub_a50c363bb5126f,cus_c94d4fb433c99a,9384,price_431ca67fe9d504,4900,Eur,year,past_due,2025-01-23 03:31:30.486003,2025-01-23 03:43:30.486003,2025-02-22 03:43:30.486003,False,,2025-01-10 03:43:30.486003,,"{""source"": ""direct"", ""archetype"": ""support_heavy""}"
sub_0e6f3631523302,cus_99350caadd2c9e,9387,price_267e3b1ba6e680,2900,gbp,year,active,2025-01-25 14:43:57.416785,2025-01-25 14:51:57.416785,2025-02-24 14:51:57.416785,False,,,,"{""source"": ""google_ads"", ""archetype"": ""engaged_free""}"
sub_bf75f85f791a43,cus_e4f4858d747747,9388,price_df4be4e3360a0b,19900,Eur,month,active,2025-02-01 10:04:27.994750,2025-02-01 10:34:27.994750,2025-03-03 10:34:27.994750,False,,,,"{""source"": ""organic"", ""archetype"": ""power_user""}"
sub_b678656138e442,cus_704f109033ed5a,9394,price_724f315fbdaf69,29900,GBP,month,active,2025-01-19 17:15:42.152904,2025-01-19 17:25:42.152904,2025-02-18 17:25:42.152904,False,,,2025-01-19 17:25:42.152904,"{""source"": ""partner"", ""archetype"": ""enterprise_evaluator""}"
sub_cee1b37b7ded52,cus_87d030de61cd79,9399,price_117d66f6fe4ddb,19900,GBP,month,active,2025-02-18 05:06:40.566494,2025-02-18 05:10:40.566494,2025-03-20 05:10:40.566494,False,,,2025-02-18 05:10:40.566494,"{""source"": ""partner"", ""archetype"": ""power_user""}"
sub_102c236fe3fc02,cus_030f6e9f823aed,9411,price_cbdf53d202e5b8,29900,gbp,month,canceled,2025-01-08 15:09:00.523404,2025-01-08 15:25:00.523404,2025-02-07 15:25:00.523404,True,2025-01-09 05:15:37.769088,2024-12-29 15:25:00.523404,,"{""source"": ""organic"", ""archetype"": ""power_user""}"
sub_e2320f13efbbf1,cus_0133ea55a75c67,9413,price_ba841d88f07f09,19900,USD,month,active,2025-01-12 01:26:20.024217,2025-01-12 01:54:20.024217,2025-02-11 01:54:20.024217,False,,2025-01-01 01:54:20.024217,2025-01-12 01:54:20.024217,"{""source"": ""partner"", ""archetype"": ""enterprise_evaluator""}"
sub_716830e5f521bc,cus_d0e1864ff9dd10,9414,price_16d0da45ecd0d4,19900,GBP,year,active,2025-01-31 12:32:57.716636,2025-01-31 12:57:57.716636,2025-03-02 12:57:57.716636,False,,,2025-01-31 12:57:57.716636,"{""source"": ""organic"", ""archetype"": ""power_user""}"
sub_21e2108879d49e,cus_f9e21cf708b34d,9415,price_6749ed9f6add4b,2900,GBP,month,active,2025-01-08 05:01:35.183978,2025-01-08 05:15:35.183978,2025-02-07 05:15:35.183978,False,,,,"{""source"": ""organic"", ""archetype"": ""engaged_free""}"
sub_2e6d5fcec43ed8,cus_fdd6d513136a2b,9416,price_e81b58ebe3796a,19900,Eur,month,active,2025-02-06 04:19:57.517155,2025-02-06 04:21:57.517155,2025-03-08 04:21:57.517155,False,,,,"{""source"": ""direct"", ""archetype"": ""power_user""}"
sub_1dc8443f8d0bf8,cus_378ed70cadd525,9419,price_f8dbbc59a4de10,9900,Eur,year,active,2025-01-12 15:02:35.929163,2025-01-12 15:18:35.929163,2025-02-11 15:18:35.929163,False,,2025-01-04 15:18:35.929163,,"{""source"": ""referral"", ""archetype"": ""power_user""}"
sub_9eb1a65c1b1910,cus_689b112b629783,9432,price_f2911fb499711a,9900,GBP,year,active,2025-01-19 09:28:59.964690,2025-01-19 09:56:59.964690,2025-02-18 09:56:59.964690,False,,,,"{""source"": ""organic"", ""archetype"": ""power_user""}"
sub_78d1e482f86c23,cus_68a73f6b89380d,9438,price_cf41864d86f19c,2900,USD,year,active,2025-01-18 07:30:22.807623,2025-01-18 07:56:22.807623,2025-02-17 07:56:22.807623,False,,,,"{""source"": ""referral"", ""archetype"": ""engaged_free""}"
sub_467cb1909925ec,cus_d317a72e8c84b8,9442,price_67b5f46ef7baf6,9900,usd,month,active,2025-02-11 23:20:00.510214,2025-02-11 23:25:00.510214,2025-03-13 23:25:00.510214,False,,,,"{""source"": ""referral"", ""archetype"": ""power_user""}"
sub_70243ab97fe506,cus_c03280f895d01c,9446,price_012b9f6ac33a62,9900,usd,year,active,2025-01-15 03:02:39.670255,2025-01-15 03:32:39.670255,2025-02-14 03:32:39.670255,False,,2025-01-03 03:32:39.670255,,"{""source"": ""google_ads"", ""archetype"": ""power_user""}"
sub_1b3a9f32fd6c5f,cus_2a41d46c6168da,9448,price_25a9d10026acf4,19900,Eur,month,active,2025-01-23 22:31:48.088354,2025-01-23 22:53:48.088354,2025-02-22 22:53:48.088354,False,,,2025-01-23 22:53:48.088354,"{""source"": ""linkedin"", ""archetype"": ""enterprise_evaluator""}"
sub_70102a7c31eb8c,cus_0c2a0dd2b4a390,9449,price_23152f9c86a901,19900,Eur,month,active,2025-01-16 22:25:24.190407,2025-01-16 22:32:24.190407,2025-02-15 22:32:24.190407,False,,2025-01-05 22:32:24.190407,2025-01-16 22:32:24.190407,"{""source"": ""partner"", ""archetype"": ""power_user""}"
sub_9d0f2bbf1d7c4a,cus_b18b42588884e1,9452,price_b296149db3fab0,19900,Eur,month,active,2025-02-06 09:56:47.112711,2025-02-06 09:57:47.112711,2025-03-08 09:57:47.112711,False,,,,"{""source"": ""partner"", ""archetype"": ""power_user""}"
sub_1eb8c178d91084,cus_e659182a447a80,9453,price_9ee6ffe3524128,29900,Eur,month,unpaid,2025-01-12 05:22:50.776428,2025-01-12 05:49:50.776428,2025-02-11 05:49:50.776428,False,,,2025-01-12 05:49:50.776428,"{""source"": ""direct"", ""archetype"": ""enterprise_evaluator""}"
sub_98f67fa3b18fd4,cus_d932465d7f138c,9454,price_24efacc42d7b41,9900,GBP,month,canceled,2025-02-07 08:16:22.837505,2025-02-07 08:45:22.837505,2025-03-09 08:45:22.837505,True,2025-02-08 11:30:19.808406,,,"{""source"": ""organic"", ""archetype"": ""power_user""}"
sub_7bf42dd5520edf,cus_bdb2aa5b9bed40,9472,price_5ca2787a405a90,9900,GBP,month,past_due,2025-02-03 21:27:12.696247,2025-02-03 21:50:12.696247,2025-03-05 21:50:12.696247,False,,,,"{""source"": ""organic"", ""archetype"": ""power_user""}"
sub_6e264940bebbb6,cus_41b6eee129e2b7,9482,price_c10d8abcb67300,29900,usd,month,active,2025-01-16 18:04:40.659448,2025-01-16 18:20:40.659448,2025-02-15 18:20:40.659448,False,,2025-01-04 18:20:40.659448,,"{""source"": ""google_ads"", ""archetype"": ""enterprise_evaluator""}"
sub_43d190c4faa824,cus_28fc3de091c008,9483,price_7306cf7bc3bf75,29900,usd,year,active,2025-01-11 13:00:51.168527,2025-01-11 13:22:51.168527,2025-02-10 13:22:51.168527,False,,2024-12-29 13:22:51.168527,,"{""source"": ""organic"", ""archetype"": ""enterprise_evaluator""}"
sub_57c66810f7b814,cus_f8776b9d03d004,9487,price_11416f7acf33e8,19900,Eur,month,active,2025-01-24 04:01:42.943068,2025-01-24 04:14:42.943068,2025-02-23 04:14:42.943068,False,,,2025-01-24 04:14:42.943068,"{""source"": ""referral"", ""archetype"": ""enterprise_evaluator""}"
sub_65fdaefb2018d4,cus_16473b23874076,9490,price_5a7bd36d55e2db,19900,USD,month,canceled,2025-01-15 05:56:31.332394,2025-01-15 06:13:31.332394,2025-02-14 06:13:31.332394,True,2025-02-09 08:56:53.226748,,,"{""source"": ""referral"", ""archetype"": ""enterprise_evaluator""}"
sub_58d780916a61d8,cus_028a6a5c2e9b7e,9491,price_1af70d7c341129,9900,gbp,month,active,2025-01-07 12:11:07.814713,2025-01-07 12:20:07.814713,2025-02-06 12:20:07.814713,False,,,2025-01-07 12:20:07.814713,"{""source"": ""google_ads"", ""archetype"": ""power_user""}"
sub_14bf13787dc196,cus_585de098810455,9495,price_52aaa6bbad07b3,9900,eur,month,active,2025-01-18 06:35:43.656479,2025-01-18 06:38:43.656479,2025-02-17 06:38:43.656479,False,,2025-01-04 06:38:43.656479,,"{""source"": ""referral"", ""archetype"": ""power_user""}"
sub_88c8d51e9dd7e6,cus_600bcbf97931dd,9501,price_8d889f2efcbdd3,2900,usd,month,active,2025-01-27 00:05:37.719321,2025-01-27 00:08:37.719321,2025-02-26 00:08:37.719321,False,,,2025-01-27 00:08:37.719321,"{""source"": ""linkedin"", ""archetype"": ""support_heavy""}"
sub_bb39cd922608a6,cus_06edbbcc5ebe4c,9503,price_e5df5d9bef02a9,29900,usd,month,active,2025-02-04 14:50:08.905991,2025-02-04 15:19:08.905991,2025-03-06 15:19:08.905991,False,,,,"{""source"": ""linkedin"", ""archetype"": ""power_user""}"
sub_d1aaa8397c016a,cus_c4ff8dcd2a1ffe,9505,price_4461489f555d0a,9900,eur,year,active,2025-02-07 17:10:54.078191,2025-02-07 17:13:54.078191,2025-03-09 17:13:54.078191,False,,,,"{""source"": ""direct"", ""archetype"": ""power_user""}"
sub_807d37b98c713e,cus_f1947e515ee6de,9508,price_d4c002359902e7,29900,GBP,month,active,2025-01-21 07:19:49.393387,2025-01-21 07:27:49.393387,2025-02-20 07:27:49.393387,False,,,,"{""source"": ""organic"", ""archetype"": ""enterprise_evaluator""}"
sub_80eb67daf7e755,cus_7967145ef7511b,9515,price_459299e4bbbf27,9900,Eur,month,unpaid,2025-01-25 08:42:51.507025,2025-01-25 08:44:51.507025,2025-02-24 08:44:51.507025,False,,,2025-01-25 08:44:51.507025,"{""source"": ""organic"", ""archetype"": ""power_user""}"
sub_b577b296169810,cus_14d03de3077774,9531,price_bc9aa26d3d963a,29900,USD,month,active,2025-01-30 20:53:04.812307,2025-01-30 21:21:04.812307,2025-03-01 21:21:04.812307,False,,,,"{""source"": ""referral"", ""archetype"": ""enterprise_evaluator""}"
sub_4265bf3ad9cc8e,cus_14c769cf9bb2d5,9554,price_4ff347027291d0,19900,gbp,month,active,2025-01-10 11:36:06.606761,2025-01-10 11:48:06.606761,2025-02-09 11:48:06.606761,False,,,2025-01-10 11:48:06.606761,"{""source"": ""referral"", ""archetype"": ""enterprise_evaluator""}"
sub_bf95d5cf355655,cus_6806e317e55c89,9556,price_421218b8baa49d,19900,gbp,month,active,2025-01-06 10:23:24.038979,2025-01-06 10:50:24.038979,2025-02-05 10:50:24.038979,False,,,,"{""source"": ""referral"", ""archetype"": ""power_user""}"
sub_9b1f6c48ac35c8,cus_ee0f5f1e52e4d6,9561,price_e0bb56617fceb6,19900,eur,month,active,2025-03-21 19:15:48.188062,2025-03-21 19:39:48.188062,2025-04-20 19:39:48.188062,False,,,,"{""source"": ""google_ads"", ""archetype"": ""enterprise_evaluator""}"
sub_3a0dc5888c8d65,cus_74749dfd08ccc8,9567,price_0eed7ec687997f,19900,GBP,month,unpaid,2025-01-18 10:57:53.683855,2025-01-18 11:14:53.683855,2025-02-17 11:14:53.683855,False,,,,"{""source"": ""referral"", ""archetype"": ""enterprise_evaluator""}"
sub_1d96012244c608,cus_c66a4e0e831bbf,9577,price_8af6b05675da4f,2900,Eur,year,active,2025-02-14 09:44:24.110770,2025-02-14 09:58:24.110770,2025-03-16 09:58:24.110770,False,,,,"{""source"": ""referral"", ""archetype"": ""engaged_free""}"
sub_b5a8ffd0490522,cus_1446240f5c9f79,9579,price_d78afd8f8f9045,19900,gbp,month,active,2025-01-22 07:58:17.008818,2025-01-22 08:02:17.008818,2025-02-21 08:02:17.008818,False,,,2025-01-22 08:02:17.008818,"{""source"": ""google_ads"", ""archetype"": ""enterprise_evaluator""}"
sub_00d0e38c381e04,cus_fa8ea3d9a0755d,9582,price_37a937e758fa8f,4900,usd,month,canceled,2025-01-07 03:42:37.102599,2025-01-07 04:01:37.102599,2025-02-06 04:01:37.102599,True,2025-01-10 17:09:28.048381,,2025-01-07 04:01:37.102599,"{""source"": ""google_ads"", ""archetype"": ""engaged_free""}"
sub_9661f7f0e14264,cus_1555244b28f0df,9586,price_485e1a643278e4,19900,eur,month,unpaid,2025-01-26 23:31:38.411921,2025-01-26 23:38:38.411921,2025-02-25 23:38:38.411921,False,,,2025-01-26 23:38:38.411921,"{""source"": ""direct"", ""archetype"": ""enterprise_evaluator""}"
sub_acc76a52a12776,cus_82ac931668be78,9587,price_8cab8ea887781c,29900,usd,month,active,2025-01-13 19:19:48.855817,2025-01-13 19:48:48.855817,2025-02-12 19:48:48.855817,False,,,,"{""source"": ""organic"", ""archetype"": ""power_user""}"
sub_acc565cc93ba9c,cus_b76cb4a5096d12,9593,price_6feb42f7cd9234,19900,GBP,month,active,2025-02-15 05:28:28.404553,2025-02-15 05:58:28.404553,2025-03-17 05:58:28.404553,False,,,,"{""source"": ""linkedin"", ""archetype"": ""power_user""}"
sub_9a2d7d7ebac1b5,cus_9bce80aa12f4a0,9605,price_e0f22eafa9c3ae,29900,eur,month,active,2025-03-05 17:28:08.193740,2025-03-05 17:30:08.193740,2025-04-04 17:30:08.193740,False,,,,"{""source"": ""google_ads"", ""archetype"": ""power_user""}"
sub_1ac95cac4ec0cd,cus_d985bdcab1d5ad,9607,price_3678bd5af6821d,2900,USD,month,active,2025-01-12 12:48:26.020819,2025-01-12 12:55:26.020819,2025-02-11 12:55:26.020819,False,,,,"{""source"": ""linkedin"", ""archetype"": ""engaged_free""}"
sub_78792183170f4f,cus_968c016f4a53d0,9612,price_fe57f4029aa8ec,4900,USD,month,active,2025-01-26 21:10:00.464974,2025-01-26 21:11:00.464974,2025-02-25 21:11:00.464974,False,,,,"{""source"": ""partner"", ""archetype"": ""engaged_free""}"
sub_f8a35627185daa,cus_5160d292abbf3b,9620,price_1850032901a0a3,4900,USD,month,active,2025-01-20 06:04:34.426624,2025-01-20 06:18:34.426624,2025-02-19 06:18:34.426624,False,,,,"{""source"": ""partner"", ""archetype"": ""engaged_free""}"
sub_c30a5dd9cb6e63,cus_2adbb2819ea69c,9621,price_b5cece6848e8bf,9900,USD,year,active,2025-01-16 01:13:22.363017,2025-01-16 01:35:22.363017,2025-02-15 01:35:22.363017,False,,2025-01-05 01:35:22.363017,,"{""source"": ""direct"", ""archetype"": ""power_user""}"
sub_294c9889327673,cus_7e032fcbecca6d,9639,price_d68877d3896475,19900,Eur,month,active,2025-02-01 19:13:48.041473,2025-02-01 19:29:48.041473,2025-03-03 19:29:48.041473,False,,,2025-02-01 19:29:48.041473,"{""source"": ""partner"", ""archetype"": ""power_user""}"
sub_c10a85cba470d3,cus_cf53d76bc065e3,9642,price_cd41f0d1e3a7d6,4900,usd,year,canceled,2025-01-09 11:56:42.341680,2025-01-09 12:08:42.341680,2025-02-08 12:08:42.341680,True,2025-01-11 03:41:22.509034,2024-12-30 12:08:42.341680,,"{""source"": ""referral"", ""archetype"": ""casual_explorer""}"
sub_9442000a0ef952,cus_f27377cc28e593,9652,price_63defcdc656ae8,19900,gbp,month,active,2025-01-20 03:15:58.139119,2025-01-20 03:45:58.139119,2025-02-19 03:45:58.139119,False,,2025-01-06 03:45:58.139119,,"{""source"": ""referral"", ""archetype"": ""power_user""}"
sub_e480cc37487449,cus_1291300cf1638a,9654,price_996a2f7ad09f0c,4900,eur,month,active,2025-01-06 16:19:47.759329,2025-01-06 16:49:47.759329,2025-02-05 16:49:47.759329,False,,2024-12-23 16:49:47.759329,2025-01-06 16:49:47.759329,"{""source"": ""linkedin"", ""archetype"": ""engaged_free""}"
sub_051ff970d597c4,cus_35407e8d9581cd,9659,price_ff6ab89bced8ac,9900,usd,month,active,2025-01-20 13:45:44.376734,2025-01-20 14:07:44.376734,2025-02-19 14:07:44.376734,False,,,,"{""source"": ""referral"", ""archetype"": ""power_user""}"
sub_a7275add4b78c4,cus_564c7c5288dd32,9664,price_7f307992fcee97,9900,GBP,month,active,2025-01-09 06:44:08.235850,2025-01-09 07:13:08.235850,2025-02-08 07:13:08.235850,False,,2024-12-28 07:13:08.235850,,"{""source"": ""google_ads"", ""archetype"": ""power_user""}"
sub_6bbca0b866cd55,cus_df9eb1099569d9,9666,price_f93b95e7fcca49,29900,Eur,month,canceled,2025-02-04 12:57:28.608215,2025-02-04 13:17:28.608215,2025-03-06 13:17:28.608215,True,2025-02-17 23:20:28.050667,,,"{""source"": ""referral"", ""archetype"": ""enterprise_evaluator""}"
sub_1d76996a93c990,cus_80856d721e2316,9673,price_c8174d41c2d7e1,29900,Eur,month,active,2025-01-09 19:50:36.561174,2025-01-09 19:56:36.561174,2025-02-08 19:56:36.561174,False,,,2025-01-09 19:56:36.561174,"{""source"": ""organic"", ""archetype"": ""enterprise_evaluator""}"
sub_234f3e9ecc2231,cus_88b02c2c63bee5,9679,price_4bb410ec11744f,19900,gbp,year,active,2025-02-14 23:39:40.390105,2025-02-14 23:56:40.390105,2025-03-16 23:56:40.390105,False,,,,"{""source"": ""partner"", ""archetype"": ""power_user""}"
sub_a69eda31887eba,cus_52fb2dc0db48d5,9682,price_a926991df5bf8d,19900,GBP,year,active,2025-01-30 17:31:07.600806,2025-01-30 17:35:07.600806,2025-03-01 17:35:07.600806,False,,2025-01-16 17:35:07.600806,,"{""source"": ""partner"", ""archetype"": ""enterprise_evaluator""}"
sub_9bd2b2f06adefd,cus_3fbd6e2ee3ee08,9683,price_31c3177c4a5434,29900,GBP,year,unpaid,2025-02-01 21:54:36.094813,2025-02-01 22:22:36.094813,2025-03-03 22:22:36.094813,False,,,2025-02-01 22:22:36.094813,"{""source"": ""referral"", ""archetype"": ""power_user""}"
sub_b043e3efda9972,cus_50868d45980939,9684,price_57aae498d79008,2900,Eur,month,active,2025-01-27 14:23:07.731221,2025-01-27 14:52:07.731221,2025-02-26 14:52:07.731221,False,,,2025-01-27 14:52:07.731221,"{""source"": ""partner"", ""archetype"": ""engaged_free""}"
sub_eb7e0474306323,cus_b60afab9aeac64,9691,price_5a2950b68451ae,29900,GBP,month,active,2025-02-01 07:21:25.791492,2025-02-01 07:34:25.791492,2025-03-03 07:34:25.791492,False,,,,"{""source"": ""partner"", ""archetype"": ""power_user""}"
sub_25edef96f80601,cus_0e184a46e8dc8e,9697,price_73cdb5ef1b3ef3,29900,gbp,month,active,2025-01-30 07:21:41.188895,2025-01-30 07:44:41.188895,2025-03-01 07:44:41.188895,False,,,2025-01-30 07:44:41.188895,"{""source"": ""direct"", ""archetype"": ""enterprise_evaluator""}"
sub_871b45a9036b0b,cus_b7ba04793a3000,9705,price_15dc30c1a889b4,9900,USD,month,active,2025-02-06 14:32:33.999342,2025-02-06 14:53:33.999342,2025-03-08 14:53:33.999342,False,,,2025-02-06 14:53:33.999342,"{""source"": ""google_ads"", ""archetype"": ""power_user""}"
sub_589a1a8cf98ca9,cus_ff127b937126a1,9712,price_926798793a47ec,19900,Eur,month,active,2025-02-06 16:34:12.061244,2025-02-06 16:52:12.061244,2025-03-08 16:52:12.061244,False,,2025-01-28 16:52:12.061244,,"{""source"": ""partner"", ""archetype"": ""power_user""}"
sub_f60d87b4ff6e32,cus_ae8617248c00cc,9713,price_0c3ac737135b8e,19900,gbp,year,active,2025-02-15 08:27:53.386199,2025-02-15 08:54:53.386199,2025-03-17 08:54:53.386199,False,,,,"{""source"": ""google_ads"", ""archetype"": ""enterprise_evaluator""}"
sub_6e308ead965a42,cus_c1ae03c0fb4446,9714,price_773738bf52e867,29900,USD,year,active,2025-01-07 22:17:23.307608,2025-01-07 22:34:23.307608,2025-02-06 22:34:23.307608,False,,,2025-01-07 22:34:23.307608,"{""source"": ""referral"", ""archetype"": ""power_user""}"
sub_010948bfd252bd,cus_db585907eea8e8,9718,price_488ef89b193501,9900,eur,month,active,2025-01-15 10:37:34.153504,2025-01-15 11:07:34.153504,2025-02-14 11:07:34.153504,False,,,2025-01-15 11:07:34.153504,"{""source"": ""google_ads"", ""archetype"": ""power_user""}"
sub_032b1b0dc0f482,cus_56c52ea5838bbe,9719,price_32e5efaef20fd3,9900,gbp,month,canceled,2025-01-23 01:52:33.749849,2025-01-23 02:19:33.749849,2025-02-22 02:19:33.749849,True,2025-02-16 07:36:45.906341,,2025-01-23 02:19:33.749849,"{""source"": ""linkedin"", ""archetype"": ""power_user""}"
sub_fa25928899d1ec,cus_aab3ba806bd7f3,9724,price_46ab29f65699fe,2900,usd,month,canceled,2025-02-11 16:26:59.040990,2025-02-11 16:54:59.040990,2025-03-13 16:54:59.040990,True,2025-02-20 05:33:41.777707,2025-01-30 16:54:59.040990,2025-02-11 16:54:59.040990,"{""source"": ""organic"", ""archetype"": ""engaged_free""}"
sub_93adeb7b067f35,cus_1c2edb84fc7f49,9731,price_06a7191d36aa06,29900,Eur,month,active,2025-02-21 18:50:51.389745,2025-02-21 19:13:51.389745,2025-03-23 19:13:51.389745,False,,2025-02-08 19:13:51.389745,,"{""source"": ""organic"", ""archetype"": ""enterprise_evaluator""}"
sub_fdd7406be2f5ba,cus_d629914dd07884,9735,price_6ce5c2fe1beb61,19900,eur,month,active,2025-02-07 17:29:36.175825,2025-02-07 17:41:36.175825,2025-03-09 17:41:36.175825,False,,,2025-02-07 17:41:36.175825,"{""source"": ""partner"", ""archetype"": ""enterprise_evaluator""}"
sub_0b6dddb9332787,cus_6f72799e99583c,9736,price_979039762ec8a7,19900,USD,month,active,2025-02-05 01:33:58.107833,2025-02-05 02:03:58.107833,2025-03-07 02:03:58.107833,False,,,,"{""source"": ""partner"", ""archetype"": ""power_user""}"
sub_4a9a9847fb3fa0,cus_ad263f7eb0c232,9737,price_d061da2d084a66,29900,USD,month,active,2025-02-01 17:39:11.641117,2025-02-01 17:45:11.641117,2025-03-03 17:45:11.641117,False,,2025-01-19 17:45:11.641117,,"{""source"": ""google_ads"", ""archetype"": ""enterprise_evaluator""}"
sub_a8530d28a85325,cus_1d3352388be81d,9755,price_ddbd3a99ca73fd,9900,GBP,month,active,2025-01-23 11:24:34.106588,2025-01-23 11:30:34.106588,2025-02-22 11:30:34.106588,False,,,,"{""source"": ""referral"", ""archetype"": ""power_user""}"
sub_7b242dc4083e47,cus_c6141de79b2e1c,9763,price_fe10121fd326e7,19900,USD,month,active,2025-01-22 07:16:45.303926,2025-01-22 07:27:45.303926,2025-02-21 07:27:45.303926,False,,,,"{""source"": ""partner"", ""archetype"": ""enterprise_evaluator""}"
sub_cffd5a46f21922,cus_1d09bab326e728,9769,price_f9e95e098a2eb0,4900,usd,year,active,2025-01-30 04:45:06.299883,2025-01-30 05:09:06.299883,2025-03-01 05:09:06.299883,False,,,,"{""source"": ""referral"", ""archetype"": ""engaged_free""}"
sub_a4a491ec723de6,cus_148b0b8a9a5fcf,9770,price_f637bb0dbf7a18,19900,gbp,month,unpaid,2025-01-18 20:59:56.304343,2025-01-18 21:11:56.304343,2025-02-17 21:11:56.304343,False,,,,"{""source"": ""google_ads"", ""archetype"": ""enterprise_evaluator""}"
sub_dbb3aa1b51fc83,cus_6853fdf0811f82,9772,price_ae4e0586989e8f,29900,usd,month,active,2025-01-22 00:06:45.973370,2025-01-22 00:19:45.973370,2025-02-21 00:19:45.973370,False,,,2025-01-22 00:19:45.973370,"{""source"": ""referral"", ""archetype"": ""enterprise_evaluator""}"
sub_5f47e46ff58aea,cus_6e6053c7234397,9773,price_82ee9ce90536fa,4900,USD,month,past_due,2025-01-14 04:41:38.608665,2025-01-14 04:55:38.608665,2025-02-13 04:55:38.608665,False,,,,"{""source"": ""direct"", ""archetype"": ""casual_explorer""}"
sub_368147c25023ea,cus_6adf377f6d4fa0,9779,price_f2643ddbcccc99,4900,eur,month,active,2025-01-12 10:05:58.171028,2025-01-12 10:09:58.171028,2025-02-11 10:09:58.171028,False,,2025-01-03 10:09:58.171028,,"{""source"": ""partner"", ""archetype"": ""engaged_free""}"
sub_451e4db6c82464,cus_33b6e5ed6c5255,9780,price_6f99dd5b2db2f2,19900,USD,month,active,2025-02-09 01:29:16.183346,2025-02-09 01:33:16.183346,2025-03-11 01:33:16.183346,False,,,,"{""source"": ""google_ads"", ""archetype"": ""power_user""}"
sub_c8863b4285de1b,cus_92593ae9043ae6,9786,price_761d51c21c927a,9900,Eur,month,unpaid,2025-01-22 07:29:04.930295,2025-01-22 07:37:04.930295,2025-02-21 07:37:04.930295,False,,,2025-01-22 07:37:04.930295,"{""source"": ""partner"", ""archetype"": ""power_user""}"
sub_02263b0cb69cbc,cus_4b37ea9db4b4b0,9794,price_834780a6a08ed2,19900,usd,month,unpaid,2025-01-05 10:53:08.093305,2025-01-05 11:15:08.093305,2025-02-04 11:15:08.093305,False,,,,"{""source"": ""partner"", ""archetype"": ""power_user""}"
sub_08b9029a304a2e,cus_6abba43a6f0120,9798,price_f3878b8fd27bf7,29900,usd,month,active,2025-02-14 13:41:53.194562,2025-02-14 14:11:53.194562,2025-03-16 14:11:53.194562,False,,2025-02-06 14:11:53.194562,,"{""source"": ""partner"", ""archetype"": ""power_user""}"
sub_a5094e53c46f72,cus_c9bf5d3ea8dfe0,9804,price_48d81dd5683117,19900,eur,month,active,2025-01-19 15:19:58.079990,2025-01-19 15:21:58.079990,2025-02-18 15:21:58.079990,False,,,,"{""source"": ""organic"", ""archetype"": ""enterprise_evaluator""}"
sub_ee6de4551e8678,cus_84a489c006ee32,9809,price_782197c375a347,29900,USD,month,unpaid,2025-01-11 04:13:02.254599,2025-01-11 04:41:02.254599,2025-02-10 04:41:02.254599,False,,2025-01-02 04:41:02.254599,,"{""source"": ""partner"", ""archetype"": ""power_user""}"
sub_684789ab3c326a,cus_0b8ddf697cfd87,9813,price_47717da770c983,29900,Eur,month,active,2025-01-07 05:30:18.026883,2025-01-07 05:51:18.026883,2025-02-06 05:51:18.026883,False,,,,"{""source"": ""direct"", ""archetype"": ""enterprise_evaluator""}"
sub_502468200223d5,cus_2cd287463b3186,9814,price_6c033cfff7181d,9900,eur,month,active,2025-02-12 12:27:28.654384,2025-02-12 12:29:28.654384,2025-03-14 12:29:28.654384,False,,,,"{""source"": ""linkedin"", ""archetype"": ""power_user""}"
sub_0840d5da554e70,cus_c3631c57f14ec6,9820,price_75bc4543539249,19900,USD,year,active,2025-01-14 22:23:04.088624,2025-01-14 22:26:04.088624,2025-02-13 22:26:04.088624,False,,,,"{""source"": ""google_ads"", ""archetype"": ""power_user""}"
sub_3809672b390ed4,cus_e85d07cbbe561a,9834,price_24dd5f56b829c6,2900,GBP,year,active,2025-01-11 09:20:37.078239,2025-01-11 09:29:37.078239,2025-02-10 09:29:37.078239,False,,,,"{""source"": ""partner"", ""archetype"": ""engaged_free""}"
sub_e178ac5b35d418,cus_a089f7c89f7d8d,9859,price_c885ebe33b7767,9900,usd,month,active,2025-01-23 20:12:00.693299,2025-01-23 20:35:00.693299,2025-02-22 20:35:00.693299,False,,,2025-01-23 20:35:00.693299,"{""source"": ""google_ads"", ""archetype"": ""power_user""}"
sub_8784a2c1309bb6,cus_751ce12f8e4c48,9870,price_90ec01e14a7b02,29900,USD,month,active,2025-04-19 16:09:05.295677,2025-04-19 16:33:05.295677,2025-05-19 16:33:05.295677,False,,,2025-04-19 16:33:05.295677,"{""source"": ""linkedin"", ""archetype"": ""enterprise_evaluator""}"
sub_708fd835a556c8,cus_90335ace695a6e,9878,price_b15ace361bfa61,19900,usd,month,active,2025-01-31 12:28:34.524307,2025-01-31 12:54:34.524307,2025-03-02 12:54:34.524307,False,,,,"{""source"": ""referral"", ""archetype"": ""enterprise_evaluator""}"
sub_5dba7840b388e4,cus_17feadaf38bb9c,9885,price_7444126bb2cc17,2900,usd,year,active,2025-01-12 18:32:59.245504,2025-01-12 18:44:59.245504,2025-02-11 18:44:59.245504,False,,,,"{""source"": ""google_ads"", ""archetype"": ""engaged_free""}"
sub_7334f9857df458,cus_8e6e1d489b9ed6,9896,price_a14efcb7b2d464,29900,usd,month,active,2025-01-17 15:50:26.189844,2025-01-17 16:00:26.189844,2025-02-16 16:00:26.189844,False,,,,"{""source"": ""google_ads"", ""archetype"": ""power_user""}"
sub_a6669bed2d5024,cus_d7cbfa04fe472d,9897,price_c0b4b390b597d8,2900,GBP,year,canceled,2025-02-03 22:22:59.903822,2025-02-03 22:39:59.903822,2025-03-05 22:39:59.903822,True,2025-02-04 16:19:29.969091,2025-01-20 22:39:59.903822,,"{""source"": ""organic"", ""archetype"": ""engaged_free""}"
sub_6250eafb64c870,cus_5693ae366d4270,9899,price_a1c75ba10eadf3,29900,usd,month,active,2025-01-17 05:02:52.095001,2025-01-17 05:09:52.095001,2025-02-16 05:09:52.095001,False,,,2025-01-17 05:09:52.095001,"{""source"": ""google_ads"", ""archetype"": ""power_user""}"
sub_1d2f33c2a86475,cus_8ffba8747fa36e,9927,price_4c39f7760c8575,29900,Eur,month,active,2025-01-23 23:03:24.819197,2025-01-23 23:18:24.819197,2025-02-22 23:18:24.819197,False,,,2025-01-23 23:18:24.819197,"{""source"": ""referral"", ""archetype"": ""power_user""}"
sub_720da8373b96e2,cus_6db9027e9cb233,9933,price_8b3c9aa4ee09fd,19900,GBP,month,canceled,2025-03-04 04:11:57.119286,2025-03-04 04:26:57.119286,2025-04-03 04:26:57.119286,True,2025-04-27 08:03:28.380256,,,"{""source"": ""organic"", ""archetype"": ""enterprise_evaluator""}"
sub_d181ce0218e45d,cus_027ed9103abe62,9938,price_34a12ae759360b,4900,usd,month,active,2025-03-02 02:00:58.787656,2025-03-02 02:16:58.787656,2025-04-01 02:16:58.787656,False,,,,"{""source"": ""google_ads"", ""archetype"": ""casual_explorer""}"
sub_87ebe78c3df2b0,cus_c36321636356cb,9942,price_c356564d3ed3fd,29900,usd,month,active,2025-01-09 01:35:30.274928,2025-01-09 01:37:30.274928,2025-02-08 01:37:30.274928,False,,,,"{""source"": ""direct"", ""archetype"": ""power_user""}"
sub_6bcf853f7b0001,cus_aa18d98c2ec6b6,9946,price_03d1aa61be4531,19900,USD,year,active,2025-02-14 17:04:44.477810,2025-02-14 17:28:44.477810,2025-03-16 17:28:44.477810,False,,2025-02-03 17:28:44.477810,,"{""source"": ""linkedin"", ""archetype"": ""power_user""}"
sub_403dcb77f30622,cus_ecf340eccaea5e,9950,price_0baf4b81eaf185,19900,Eur,year,active,2025-02-05 23:19:38.243377,2025-02-05 23:33:38.243377,2025-03-07 23:33:38.243377,False,,2025-01-24 23:33:38.243377,,"{""source"": ""partner"", ""archetype"": ""power_user""}"
sub_bad0db7ede2ee2,cus_b17a1d985f3371,9951,price_e0a678e149a689,19900,Eur,month,active,2025-02-04 21:59:27.543442,2025-02-04 22:15:27.543442,2025-03-06 22:15:27.543442,False,,2025-01-24 22:15:27.543442,,"{""source"": ""google_ads"", ""archetype"": ""enterprise_evaluator""}"
sub_93abf2a2bcc048,cus_b6ce6f8fba375c,9952,price_a1c6fc90d0c544,9900,USD,month,active,2025-01-19 12:51:27.765003,2025-01-19 13:08:27.765003,2025-02-18 13:08:27.765003,False,,,,"{""source"": ""linkedin"", ""archetype"": ""power_user""}"
sub_cd2af53b53fecf,cus_61bdeda7e248bf,9967,price_c372a92e2405e2,19900,gbp,month,active,2025-02-15 18:41:49.704926,2025-02-15 18:45:49.704926,2025-03-17 18:45:49.704926,False,,,2025-02-15 18:45:49.704926,"{""source"": ""referral"", ""archetype"": ""power_user""}"
sub_533ebad1cc64ad,cus_d31b1386482aa5,9975,price_8e404a51762d95,29900,usd,month,canceled,2025-01-06 08:56:43.206402,2025-01-06 09:14:43.206402,2025-02-05 09:14:43.206402,True,2025-01-10 22:37:31.742496,2024-12-25 09:14:43.206402,,"{""source"": ""partner"", ""archetype"": ""power_user""}"
sub_584051a9509c03,cus_6149262e0e7dff,9986,price_3d6c863554ad1c,29900,eur,month,active,2025-02-03 18:41:01.592776,2025-02-03 19:08:01.592776,2025-03-05 19:08:01.592776,False,,2025-01-23 19:08:01.592776,2025-02-03 19:08:01.592776,"{""source"": ""organic"", ""archetype"": ""power_user""}"
sub_a3cfffc8d9618c,cus_295844d73a8d87,9988,price_bc53063ab07cc3,29900,USD,month,active,2025-02-10 05:39:26.683983,2025-02-10 05:53:26.683983,2025-03-12 05:53:26.683983,False,,2025-01-28 05:53:26.683983,,"{""source"": ""direct"", ""archetype"": ""enterprise_evaluator""}"
sub_6a63827ac8ece3,cus_caee4cb386532b,9992,price_55be65570ef61e,19900,USD,month,active,2025-01-15 04:36:17.197371,2025-01-15 04:59:17.197371,2025-02-14 04:59:17.197371,False,,,,"{""source"": ""direct"", ""archetype"": ""power_user""}"
sub_6935a88c304f8a,cus_ba8460bcf97acd,9993,price_204f202f6dfd85,4900,Eur,year,active,2025-01-24 08:40:18.640628,2025-01-24 08:51:18.640628,2025-02-23 08:51:18.640628,False,,,2025-01-24 08:51:18.640628,"{""source"": ""referral"", ""archetype"": ""engaged_free""}"
sub_b7547b8c40a549,cus_e778d8a36d786b,10005,price_0da085ca4ee174,19900,GBP,month,active,2025-01-06 11:39:28.481762,2025-01-06 12:07:28.481762,2025-02-05 12:07:28.481762,False,,,,"{""source"": ""linkedin"", ""archetype"": ""enterprise_evaluator""}"
sub_ab6b15fffc0e07,cus_46c5713a3cd285,10008,price_13343bde25c4e3,4900,eur,month,active,2025-01-24 15:08:51.210274,2025-01-24 15:26:51.210274,2025-02-23 15:26:51.210274,False,,,,"{""source"": ""partner"", ""archetype"": ""engaged_free""}"
sub_f0beb9e68ed20b,cus_4322800d9c32d3,10009,price_31bb65c21c34d3,29900,USD,month,unpaid,2025-01-12 14:47:13.436689,2025-01-12 15:08:13.436689,2025-02-11 15:08:13.436689,False,,,,"{""source"": ""linkedin"", ""archetype"": ""enterprise_evaluator""}"
sub_dbb70e8c657566,cus_cea5e6c4f8be89,10018,price_c3fc4f0e6739e9,2900,USD,month,active,2025-01-09 05:00:37.682270,2025-01-09 05:22:37.682270,2025-02-08 05:22:37.682270,False,,2024-12-31 05:22:37.682270,,"{""source"": ""google_ads"", ""archetype"": ""engaged_free""}"
sub_c0d0ec97c933d1,cus_e463f3f85d736f,10020,price_d1ac0be44aeb28,29900,GBP,month,active,2025-01-16 18:06:57.915441,2025-01-16 18:26:57.915441,2025-02-15 18:26:57.915441,False,,,2025-01-16 18:26:57.915441,"{""source"": ""referral"", ""archetype"": ""enterprise_evaluator""}"
sub_ef5f2c048f7371,cus_e7368237cd4100,10022,price_bab2bccb851370,2900,Eur,month,past_due,2025-01-25 01:48:34.729092,2025-01-25 02:15:34.729092,2025-02-24 02:15:34.729092,False,,,,"{""source"": ""organic"", ""archetype"": ""engaged_free""}"
sub_9b07c602d1ec91,cus_a32af6fde21e02,10027,price_ec4e22ca9c120a,19900,usd,month,active,2025-01-17 17:34:59.976107,2025-01-17 17:46:59.976107,2025-02-16 17:46:59.976107,False,,,,"{""source"": ""organic"", ""archetype"": ""enterprise_evaluator""}"
sub_c9aa4eff7f0df2,cus_c89fd3e307c23a,10028,price_e09fe459fddd34,29900,GBP,month,active,2025-01-12 11:16:30.284839,2025-01-12 11:24:30.284839,2025-02-11 11:24:30.284839,False,,2024-12-30 11:24:30.284839,,"{""source"": ""direct"", ""archetype"": ""enterprise_evaluator""}"
sub_4e3a961380fd12,cus_e1999c00ec70d1,10029,price_8d02d7f87fc0af,29900,gbp,month,active,2025-01-05 19:45:22.779712,2025-01-05 19:49:22.779712,2025-02-04 19:49:22.779712,False,,,2025-01-05 19:49:22.779712,"{""source"": ""linkedin"", ""archetype"": ""enterprise_evaluator""}"
sub_a8026babb7648f,cus_51f6bdbaab3444,10030,price_ac553b0ecf8f4b,29900,usd,month,past_due,2025-01-11 07:11:40.443284,2025-01-11 07:13:40.443284,2025-02-10 07:13:40.443284,False,,2025-01-03 07:13:40.443284,,"{""source"": ""referral"", ""archetype"": ""power_user""}"
sub_062df609d4a782,cus_cb443e8ffdc5f8,10040,price_667c9c68c401fa,29900,gbp,month,active,2025-02-04 13:19:56.409462,2025-02-04 13:44:56.409462,2025-03-06 13:44:56.409462,False,,2025-01-22 13:44:56.409462,,"{""source"": ""direct"", ""archetype"": ""power_user""}"
sub_a0e263251fd674,cus_5a4406a1676131,10045,price_efa99a5348c64e,2900,Eur,month,unpaid,2025-02-08 20:41:21.477198,2025-02-08 20:54:21.477198,2025-03-10 20:54:21.477198,False,,2025-02-01 20:54:21.477198,,"{""source"": ""linkedin"", ""archetype"": ""engaged_free""}"
sub_5df1779ee31d57,cus_bb69eea39fed31,10046,price_3f416b0cfa4d24,29900,usd,month,active,2025-02-08 10:54:30.734919,2025-02-08 11:18:30.734919,2025-03-10 11:18:30.734919,False,,2025-01-30 11:18:30.734919,,"{""source"": ""google_ads"", ""archetype"": ""enterprise_evaluator""}"
sub_13352905f4047d,cus_f7560a79234032,10071,price_a20b70c897f52c,29900,usd,month,active,2025-01-28 21:09:15.097449,2025-01-28 21:21:15.097449,2025-02-27 21:21:15.097449,False,,,,"{""source"": ""direct"", ""archetype"": ""power_user""}"
sub_89f0cd9f352aa0,cus_5631cc5fc7e7aa,10077,price_a6935dc409f667,29900,GBP,month,active,2025-01-14 06:02:35.595368,2025-01-14 06:16:35.595368,2025-02-13 06:16:35.595368,False,,2025-01-06 06:16:35.595368,,"{""source"": ""referral"", ""archetype"": ""power_user""}"
sub_e70fd7ce0817a6,cus_8db79444e529cd,10090,price_792de760ca6b49,19900,Eur,month,active,2025-03-08 06:54:37.502632,2025-03-08 07:02:37.502632,2025-04-07 07:02:37.502632,False,,,,"{""source"": ""organic"", ""archetype"": ""power_user""}"
sub_047a48719a2b92,cus_d4f9b714b167eb,10096,price_9a050d9c46e0ad,29900,Eur,month,active,2025-02-02 23:31:42.619595,2025-02-02 23:46:42.619595,2025-03-04 23:46:42.619595,False,,,2025-02-02 23:46:42.619595,"{""source"": ""linkedin"", ""archetype"": ""power_user""}"
sub_caa10a31ca0368,cus_be1a264158fc77,10097,price_013790e21f510f,29900,Eur,month,active,2025-03-15 09:28:46.517993,2025-03-15 09:35:46.517993,2025-04-14 09:35:46.517993,False,,,,"{""source"": ""linkedin"", ""archetype"": ""power_user""}"
sub_3292c49762e545,cus_22564cc33e7911,10108,price_951b22a90d61b8,19900,eur,month,active,2025-01-30 11:07:00.053785,2025-01-30 11:08:00.053785,2025-03-01 11:08:00.053785,False,,2025-01-21 11:08:00.053785,,"{""source"": ""direct"", ""archetype"": ""enterprise_evaluator""}"
sub_4fffebe4588f12,cus_97919d404765bc,10118,price_cf601c6b2fc559,29900,eur,month,active,2025-01-20 07:58:47.677704,2025-01-20 08:19:47.677704,2025-02-19 08:19:47.677704,False,,,,"{""source"": ""direct"", ""archetype"": ""enterprise_evaluator""}"
sub_be49ed610d4de0,cus_b6ae2a432cd796,10120,price_81c0f5ad0578cc,9900,USD,year,unpaid,2025-01-16 11:39:56.849491,2025-01-16 11:49:56.849491,2025-02-15 11:49:56.849491,False,,2025-01-09 11:49:56.849491,,"{""source"": ""google_ads"", ""archetype"": ""power_user""}"
sub_153c731c83728d,cus_2bd57a3e88bf67,10125,price_f6709440696f66,4900,Eur,month,active,2025-01-12 01:49:03.019769,2025-01-12 02:00:03.019769,2025-02-11 02:00:03.019769,False,,2024-12-31 02:00:03.019769,2025-01-12 02:00:03.019769,"{""source"": ""organic"", ""archetype"": ""engaged_free""}"
sub_a242ec2cefb607,cus_aebf1f480e4695,10128,price_91e3ae4be63ca6,4900,USD,month,active,2025-01-30 09:37:47.907637,2025-01-30 09:52:47.907637,2025-03-01 09:52:47.907637,False,,2025-01-17 09:52:47.907637,,"{""source"": ""google_ads"", ""archetype"": ""engaged_free""}"
sub_a80f120378c893,cus_a0d582acab3b44,10129,price_de499338ee7cab,29900,GBP,month,active,2025-01-27 02:11:14.540266,2025-01-27 02:18:14.540266,2025-02-26 02:18:14.540266,False,,,,"{""source"": ""referral"", ""archetype"": ""power_user""}"
sub_bcb1c2b53de90f,cus_3845ac1727ca66,10133,price_23a85907b9b083,19900,Eur,month,active,2025-01-07 07:38:20.948593,2025-01-07 07:41:20.948593,2025-02-06 07:41:20.948593,False,,,,"{""source"": ""organic"", ""archetype"": ""enterprise_evaluator""}"
sub_8779c031d034ae,cus_7c32bf64044b74,10135,price_1cdc31177ce140,19900,GBP,year,unpaid,2025-01-13 09:59:26.148015,2025-01-13 10:03:26.148015,2025-02-12 10:03:26.148015,False,,2024-12-31 10:03:26.148015,,"{""source"": ""partner"", ""archetype"": ""enterprise_evaluator""}"
sub_6ffdc54e249bbd,cus_e945f22a2c67ef,10152,price_d912391a8ef9bf,9900,USD,month,active,2025-01-12 02:33:43.499319,2025-01-12 03:03:43.499319,2025-02-11 03:03:43.499319,False,,,,"{""source"": ""referral"", ""archetype"": ""power_user""}"
sub_be95f9ba3d06f9,cus_16e03ac3ce92d7,10153,price_1c1b78e9374ba7,19900,gbp,year,past_due,2025-01-15 03:02:43.852092,2025-01-15 03:14:43.852092,2025-02-14 03:14:43.852092,False,,,,"{""source"": ""partner"", ""archetype"": ""enterprise_evaluator""}"
sub_9176998f7f0e69,cus_636a5758e936f0,10156,price_c33c8f0db086af,9900,usd,month,active,2025-02-01 17:06:15.195348,2025-02-01 17:15:15.195348,2025-03-03 17:15:15.195348,False,,,,"{""source"": ""organic"", ""archetype"": ""power_user""}"
sub_b52d5dff73cb9b,cus_5a98537370736b,10160,price_3a16cfca7759cc,29900,Eur,month,active,2025-01-08 07:26:58.738567,2025-01-08 07:56:58.738567,2025-02-07 07:56:58.738567,False,,,,"{""source"": ""referral"", ""archetype"": ""power_user""}"
sub_374fdc9b6ff7bd,cus_ae8e1c0c214fbc,10163,price_58c90410d93403,4900,gbp,year,active,2025-01-23 22:10:05.657230,2025-01-23 22:39:05.657230,2025-02-22 22:39:05.657230,False,,,,"{""source"": ""linkedin"", ""archetype"": ""engaged_free""}"
sub_ecb8904b632421,cus_dc6182ea11d3f1,10171,price_3a2e960263f1d5,4900,gbp,year,active,2025-02-07 03:29:46.765079,2025-02-07 03:50:46.765079,2025-03-09 03:50:46.765079,False,,2025-01-30 03:50:46.765079,,"{""source"": ""partner"", ""archetype"": ""engaged_free""}"
sub_384305d45fc17e,cus_96f01e0faea3e8,10194,price_623ff29ae3bdf3,9900,eur,month,active,2025-01-10 07:58:44.633036,2025-01-10 08:02:44.633036,2025-02-09 08:02:44.633036,False,,2024-12-31 08:02:44.633036,,"{""source"": ""linkedin"", ""archetype"": ""power_user""}"
sub_9cb182e07d9f88,cus_110f6869b175ca,10195,price_fade764abc9475,19900,USD,year,active,2025-02-13 16:35:52.073037,2025-02-13 16:50:52.073037,2025-03-15 16:50:52.073037,False,,,2025-02-13 16:50:52.073037,"{""source"": ""direct"", ""archetype"": ""power_user""}"
sub_50817da27dc77f,cus_3464b1f2879649,10198,price_961423e3cd65ae,29900,Eur,month,unpaid,2025-01-30 19:46:19.620413,2025-01-30 20:10:19.620413,2025-03-01 20:10:19.620413,False,,,,"{""source"": ""linkedin"", ""archetype"": ""power_user""}"
sub_bda6ee93caf3f5,cus_a2c2076884eb2a,10201,price_517ed7dc810b2a,19900,Eur,month,active,2025-01-07 19:19:24.968576,2025-01-07 19:49:24.968576,2025-02-06 19:49:24.968576,False,,,2025-01-07 19:49:24.968576,"{""source"": ""organic"", ""archetype"": ""power_user""}"
sub_984311d9b0c8fd,cus_27071ec414dd4c,10203,price_69201d9c3bf676,2900,USD,month,active,2025-01-14 14:26:06.887112,2025-01-14 14:36:06.887112,2025-02-13 14:36:06.887112,False,,,2025-01-14 14:36:06.887112,"{""source"": ""direct"", ""archetype"": ""engaged_free""}"
sub_8796e0a966c31a,cus_73e7a5d544c9d9,10205,price_ff81d2c65144f2,4900,eur,year,active,2025-01-27 12:24:19.390051,2025-01-27 12:30:19.390051,2025-02-26 12:30:19.390051,False,,,2025-01-27 12:30:19.390051,"{""source"": ""organic"", ""archetype"": ""engaged_free""}"
sub_461b6c417a2880,cus_358349cb12df4e,10208,price_0dd6891c547b5f,4900,eur,month,unpaid,2025-01-06 12:34:32.642144,2025-01-06 12:50:32.642144,2025-02-05 12:50:32.642144,False,,2024-12-25 12:50:32.642144,,"{""source"": ""direct"", ""archetype"": ""engaged_free""}"
sub_2a5270897024e7,cus_3ef87d7e233d8e,10213,price_33269aa4fb467b,4900,eur,month,active,2025-01-27 22:39:09.225908,2025-01-27 22:40:09.225908,2025-02-26 22:40:09.225908,False,,,2025-01-27 22:40:09.225908,"{""source"": ""linkedin"", ""archetype"": ""engaged_free""}"
sub_036485f7bc16d5,cus_b7c7abeacc20db,10219,price_474bbab65dd9d9,19900,gbp,month,active,2025-01-28 19:11:51.501431,2025-01-28 19:32:51.501431,2025-02-27 19:32:51.501431,False,,,,"{""source"": ""direct"", ""archetype"": ""enterprise_evaluator""}"
sub_e75f6a8f890eea,cus_7f0f165cd82116,10221,price_a70870173d5fbe,19900,GBP,month,active,2025-02-01 14:38:30.396596,2025-02-01 15:08:30.396596,2025-03-03 15:08:30.396596,False,,,,"{""source"": ""organic"", ""archetype"": ""enterprise_evaluator""}"
sub_c4903c92f8857a,cus_9840ca6487eab2,10226,price_cbebd68c177bc4,9900,GBP,month,active,2025-01-17 01:33:12.965366,2025-01-17 01:36:12.965366,2025-02-16 01:36:12.965366,False,,,,"{""source"": ""google_ads"", ""archetype"": ""power_user""}"
sub_2a031c407ef1d5,cus_1ec113d08d28f7,10227,price_b255955d0843c1,19900,usd,year,canceled,2025-01-11 04:08:17.792954,2025-01-11 04:33:17.792954,2025-02-10 04:33:17.792954,True,2025-02-04 19:54:18.778183,,,"{""source"": ""google_ads"", ""archetype"": ""enterprise_evaluator""}"
sub_5856cbdc1f0691,cus_5a10c07da793e7,10237,price_65ca6341a37e41,9900,usd,month,active,2025-01-06 07:12:02.957150,2025-01-06 07:23:02.957150,2025-02-05 07:23:02.957150,False,,,,"{""source"": ""organic"", ""archetype"": ""power_user""}"
sub_0947e5512cb1bb,cus_5925833c119a8e,10242,price_d076fcfde2c14f,9900,GBP,year,active,2025-01-06 12:46:46.873580,2025-01-06 12:51:46.873580,2025-02-05 12:51:46.873580,False,,,2025-01-06 12:51:46.873580,"{""source"": ""direct"", ""archetype"": ""power_user""}"
sub_b4b7fe300c3552,cus_2b4759f079599d,10254,price_6641709554795f,29900,USD,month,active,2025-03-01 20:30:10.006742,2025-03-01 20:34:10.006742,2025-03-31 20:34:10.006742,False,,,,"{""source"": ""linkedin"", ""archetype"": ""power_user""}"
sub_22c4ffd507f24a,cus_f49a08ec9d4a5d,10258,price_4abdabd5c8d4b2,19900,USD,month,active,2025-01-14 18:41:26.061209,2025-01-14 18:56:26.061209,2025-02-13 18:56:26.061209,False,,,2025-01-14 18:56:26.061209,"{""source"": ""google_ads"", ""archetype"": ""enterprise_evaluator""}"
sub_c2cbded9958d19,cus_52a1f84e41aa2c,10263,price_3d46e29cfccd02,2900,Eur,month,unpaid,2025-01-27 01:28:08.399883,2025-01-27 01:40:08.399883,2025-02-26 01:40:08.399883,False,,2025-01-15 01:40:08.399883,,"{""source"": ""organic"", ""archetype"": ""engaged_free""}"
sub_59e55a438fe549,cus_ce48ea7312e198,10264,price_356b4aaf1a86bf,29900,GBP,month,active,2025-02-02 05:18:46.655379,2025-02-02 05:21:46.655379,2025-03-04 05:21:46.655379,False,,,2025-02-02 05:21:46.655379,"{""source"": ""partner"", ""archetype"": ""power_user""}"
sub_c80140612ee1e5,cus_ff31ee580b59de,10265,price_573b421ab71fb1,19900,GBP,month,active,2025-02-10 22:27:29.649136,2025-02-10 22:52:29.649136,2025-03-12 22:52:29.649136,False,,,,"{""source"": ""direct"", ""archetype"": ""enterprise_evaluator""}"
sub_a58453dc50e0fb,cus_6056a8ae4ef34d,10267,price_ef5eca51122a57,9900,Eur,year,active,2025-02-03 08:58:17.741449,2025-02-03 09:23:17.741449,2025-03-05 09:23:17.741449,False,,2025-01-22 09:23:17.741449,2025-02-03 09:23:17.741449,"{""source"": ""google_ads"", ""archetype"": ""power_user""}"
sub_dd82d11282a090,cus_66b805d488e669,10273,price_c8dfde6798f9e7,19900,Eur,month,active,2025-01-20 12:36:08.295180,2025-01-20 12:54:08.295180,2025-02-19 12:54:08.295180,False,,,,"{""source"": ""linkedin"", ""archetype"": ""power_user""}"
sub_5db6d400aeaf16,cus_adde78df15131b,10277,price_47893dc6a49cfc,9900,usd,month,active,2025-03-04 14:57:50.829734,2025-03-04 15:12:50.829734,2025-04-03 15:12:50.829734,False,,,,"{""source"": ""linkedin"", ""archetype"": ""power_user""}"
sub_87dfdafa8129f2,cus_01f3f082c15869,10281,price_ba8d1d64a5e3d8,19900,USD,month,active,2025-02-19 09:59:50.872875,2025-02-19 10:14:50.872875,2025-03-21 10:14:50.872875,False,,,,"{""source"": ""google_ads"", ""archetype"": ""power_user""}"
sub_4afc0ab5f6ab38,cus_f0070e1bcd16ec,10287,price_1d53653e61db5c,29900,eur,year,active,2025-01-30 01:44:13.466337,2025-01-30 02:11:13.466337,2025-03-01 02:11:13.466337,False,,,,"{""source"": ""referral"", ""archetype"": ""power_user""}"
sub_9cbe67c9c4897a,cus_ae52ff381fde99,10289,price_763aaf006c577a,4900,eur,year,past_due,2025-01-23 15:24:52.978935,2025-01-23 15:41:52.978935,2025-02-22 15:41:52.978935,False,,,,"{""source"": ""linkedin"", ""archetype"": ""casual_explorer""}"
sub_3b1a9f76a405bd,cus_9f020954dc91c4,10290,price_a3af08207d1121,29900,GBP,month,active,2025-04-25 00:42:00.385771,2025-04-25 01:03:00.385771,2025-05-25 01:03:00.385771,False,,,,"{""source"": ""organic"", ""archetype"": ""power_user""}"
sub_8e6572fb7627c2,cus_8472cf080d58c0,10291,price_f2cbab64f3baab,29900,eur,month,active,2025-02-11 11:23:35.783200,2025-02-11 11:48:35.783200,2025-03-13 11:48:35.783200,False,,,,"{""source"": ""direct"", ""archetype"": ""power_user""}"
sub_38b8d5194b1f8f,cus_faee4a885278b5,10303,price_a1efb8af0b7baa,4900,eur,month,active,2025-01-09 13:39:40.093008,2025-01-09 13:46:40.093008,2025-02-08 13:46:40.093008,False,,,,"{""source"": ""google_ads"", ""archetype"": ""engaged_free""}"
sub_22f8b9d7032a7b,cus_e06395fc9f7de9,10308,price_56257c5e396501,9900,USD,month,active,2025-02-04 08:39:00.321035,2025-02-04 08:44:00.321035,2025-03-06 08:44:00.321035,False,,,,"{""source"": ""google_ads"", ""archetype"": ""power_user""}"
sub_c95d98b1b5def0,cus_ae5756d7fe2fe5,10312,price_16abab66d07460,29900,gbp,month,active,2025-01-31 00:47:35.797988,2025-01-31 01:03:35.797988,2025-03-02 01:03:35.797988,False,,,,"{""source"": ""organic"", ""archetype"": ""enterprise_evaluator""}"
sub_fcda52c148cf9a,cus_a044d3e48d7b45,10313,price_15a6306f4f0735,4900,USD,year,active,2025-01-11 00:15:54.025414,2025-01-11 00:30:54.025414,2025-02-10 00:30:54.025414,False,,2024-12-28 00:30:54.025414,,"{""source"": ""organic"", ""archetype"": ""engaged_free""}"
sub_2b37a34cd5599c,cus_e959e0b615c9b1,10318,price_adb1fb91152820,19900,usd,month,active,2025-01-13 22:47:50.820566,2025-01-13 22:54:50.820566,2025-02-12 22:54:50.820566,False,,2025-01-03 22:54:50.820566,,"{""source"": ""referral"", ""archetype"": ""enterprise_evaluator""}"
sub_96a70bb427deb4,cus_8d33b87fcd879b,10319,price_b331f6799abf45,19900,USD,year,active,2025-02-27 07:51:05.472948,2025-02-27 08:09:05.472948,2025-03-29 08:09:05.472948,False,,,,"{""source"": ""direct"", ""archetype"": ""power_user""}"
sub_958908c27b886e,cus_28cd35ad3ce8e6,10348,price_ec0fc8f96d9101,4900,Eur,month,active,2025-02-01 14:55:20.267229,2025-02-01 15:14:20.267229,2025-03-03 15:14:20.267229,False,,,,"{""source"": ""organic"", ""archetype"": ""engaged_free""}"
sub_82fbab5e5071f5,cus_34b58b8ea127db,10357,price_a2452d8cb27224,4900,usd,month,active,2025-01-17 00:44:46.033517,2025-01-17 01:12:46.033517,2025-02-16 01:12:46.033517,False,,2025-01-08 01:12:46.033517,,"{""source"": ""organic"", ""archetype"": ""engaged_free""}"
sub_63702a299ffc66,cus_26113515eb8297,10362,price_dcabdf88988773,9900,USD,year,active,2025-01-26 20:21:52.529666,2025-01-26 20:47:52.529666,2025-02-25 20:47:52.529666,False,,2025-01-18 20:47:52.529666,2025-01-26 20:47:52.529666,"{""source"": ""direct"", ""archetype"": ""power_user""}"
sub_9aba0b702b174d,cus_e0063d377812b8,10365,price_4f23267e8f8ff5,9900,USD,month,active,2025-01-18 08:55:45.701136,2025-01-18 09:12:45.701136,2025-02-17 09:12:45.701136,False,,,,"{""source"": ""linkedin"", ""archetype"": ""power_user""}"
sub_54ee0c43222942,cus_153609426b6ac8,10372,price_041cd700b826bb,2900,USD,month,active,2025-01-26 01:41:46.542077,2025-01-26 02:00:46.542077,2025-02-25 02:00:46.542077,False,,,,"{""source"": ""linkedin"", ""archetype"": ""engaged_free""}"
sub_cc8fd817e415fb,cus_40c7d2c226ff89,10380,price_fa88e393be9c89,19900,Eur,month,canceled,2025-02-14 01:40:02.878875,2025-02-14 02:06:02.878875,2025-03-16 02:06:02.878875,True,2025-02-20 06:57:16.146016,2025-02-07 02:06:02.878875,,"{""source"": ""partner"", ""archetype"": ""enterprise_evaluator""}"
sub_eb34b6fa89b627,cus_2a0cbce972e4f7,10387,price_aa393b526eca51,4900,eur,year,active,2025-01-26 06:35:38.409919,2025-01-26 06:56:38.409919,2025-02-25 06:56:38.409919,False,,,2025-01-26 06:56:38.409919,"{""source"": ""partner"", ""archetype"": ""engaged_free""}"
sub_0c86a3715a426a,cus_5915d6ec948401,10391,price_fd978b9a90c75c,19900,USD,year,canceled,2025-01-19 16:05:13.199758,2025-01-19 16:16:13.199758,2025-02-18 16:16:13.199758,True,2025-01-24 02:41:08.482408,,,"{""source"": ""referral"", ""archetype"": ""enterprise_evaluator""}"
sub_edb65675d1a624,cus_182e8959579df1,10396,price_0e89d00c487728,9900,USD,month,active,2025-01-21 17:51:57.082147,2025-01-21 18:12:57.082147,2025-02-20 18:12:57.082147,False,,2025-01-14 18:12:57.082147,2025-01-21 18:12:57.082147,"{""source"": ""referral"", ""archetype"": ""power_user""}"
sub_95b29cb9b91e2e,cus_89fc4561ca3b04,10397,price_e0e3ece0bf5145,19900,eur,month,active,2025-01-24 00:29:28.588056,2025-01-24 00:31:28.588056,2025-02-23 00:31:28.588056,False,,,2025-01-24 00:31:28.588056,"{""source"": ""google_ads"", ""archetype"": ""power_user""}"
sub_f4a36be7a41472,cus_21ab0600144a52,10411,price_3d31c95a1b13bc,19900,usd,month,active,2025-02-11 13:17:21.049265,2025-02-11 13:19:21.049265,2025-03-13 13:19:21.049265,False,,,,"{""source"": ""google_ads"", ""archetype"": ""enterprise_evaluator""}"
sub_cbd600880c221d,cus_42c3b362ef5c1c,10415,price_f6be0e41dd6665,2900,Eur,month,past_due,2025-01-04 22:08:19.115888,2025-01-04 22:21:19.115888,2025-02-03 22:21:19.115888,False,,2024-12-27 22:21:19.115888,,"{""source"": ""organic"", ""archetype"": ""engaged_free""}"
sub_fa5f080b48d05a,cus_4ec0f3f6acd54d,10418,price_f6d7ff9cde4d25,19900,eur,year,active,2025-02-18 05:08:35.643970,2025-02-18 05:09:35.643970,2025-03-20 05:09:35.643970,False,,,,"{""source"": ""partner"", ""archetype"": ""enterprise_evaluator""}"
sub_c06d02069712e3,cus_09ad6dc1d3d1d3,10420,price_22d49944c82479,19900,GBP,month,active,2025-01-30 19:08:41.879287,2025-01-30 19:31:41.879287,2025-03-01 19:31:41.879287,False,,,,"{""source"": ""organic"", ""archetype"": ""power_user""}"
sub_2781057d586759,cus_2aaff6edd003c2,10428,price_7ff1059e0b3134,19900,GBP,month,active,2025-01-17 21:04:26.432687,2025-01-17 21:08:26.432687,2025-02-16 21:08:26.432687,False,,2025-01-06 21:08:26.432687,,"{""source"": ""google_ads"", ""archetype"": ""power_user""}"
sub_76789672bf64ae,cus_3b74ff157c7fd3,10437,price_c052be10fd2283,19900,Eur,month,active,2025-02-28 20:35:08.861081,2025-02-28 21:02:08.861081,2025-03-30 21:02:08.861081,False,,2025-02-18 21:02:08.861081,,"{""source"": ""direct"", ""archetype"": ""power_user""}"
sub_49f9d69ec2579e,cus_809e2d1800c0e1,10444,price_fe7f5b2d723179,4900,Eur,month,active,2025-01-28 21:16:22.546977,2025-01-28 21:43:22.546977,2025-02-27 21:43:22.546977,False,,2025-01-21 21:43:22.546977,,"{""source"": ""linkedin"", ""archetype"": ""engaged_free""}"
sub_9b3a6f33460e34,cus_4142b6715cc7e7,10446,price_697fd5d009db02,19900,gbp,year,unpaid,2025-02-09 12:58:12.982343,2025-02-09 13:13:12.982343,2025-03-11 13:13:12.982343,False,,,2025-02-09 13:13:12.982343,"{""source"": ""partner"", ""archetype"": ""enterprise_evaluator""}"
sub_0cd037c6148516,cus_5938e5deb73082,10448,price_cff140316336d9,19900,eur,month,active,2025-01-27 20:52:39.125576,2025-01-27 21:13:39.125576,2025-02-26 21:13:39.125576,False,,,2025-01-27 21:13:39.125576,"{""source"": ""partner"", ""archetype"": ""enterprise_evaluator""}"
sub_6aae0d2970c3ca,cus_82aede74965f1c,10455,price_5d200e54326818,9900,usd,year,active,2025-01-05 07:34:57.230275,2025-01-05 08:00:57.230275,2025-02-04 08:00:57.230275,False,,,,"{""source"": ""organic"", ""archetype"": ""power_user""}"
sub_25707c6b0188be,cus_42861d5ff4b301,10456,price_88b2506062401c,2900,usd,month,active,2025-02-05 09:40:42.726089,2025-02-05 09:59:42.726089,2025-03-07 09:59:42.726089,False,,2025-01-29 09:59:42.726089,2025-02-05 09:59:42.726089,"{""source"": ""direct"", ""archetype"": ""engaged_free""}"
sub_179d030c895154,cus_8d8e0ea47afffd,10468,price_4dce6b32ed3b17,4900,usd,month,canceled,2025-01-30 20:08:10.041830,2025-01-30 20:15:10.041830,2025-03-01 20:15:10.041830,True,2025-02-03 02:46:22.219359,,,"{""source"": ""referral"", ""archetype"": ""engaged_free""}"
sub_ce1e994d49ab64,cus_39aa3ccfb6e8cb,10470,price_e9eb1abc97d1c4,29900,usd,year,active,2025-01-08 08:33:46.590220,2025-01-08 08:45:46.590220,2025-02-07 08:45:46.590220,False,,,,"{""source"": ""linkedin"", ""archetype"": ""power_user""}"
sub_a35fa93078613c,cus_81509bb745ca2c,10471,price_4d11e8f7b75716,2900,usd,month,canceled,2025-01-22 18:29:54.783450,2025-01-22 18:43:54.783450,2025-02-21 18:43:54.783450,True,2025-01-26 11:57:10.458806,2025-01-09 18:43:54.783450,,"{""source"": ""direct"", ""archetype"": ""engaged_free""}"
sub_e67791807ff813,cus_8084b0397d3717,10489,price_3626d242653612,29900,GBP,month,active,2025-01-17 02:37:45.891024,2025-01-17 02:58:45.891024,2025-02-16 02:58:45.891024,False,,,,"{""source"": ""referral"", ""archetype"": ""enterprise_evaluator""}"
sub_a6c2bdfc44133c,cus_fef5bd245ae6a1,10493,price_e854d993a993b3,19900,eur,month,active,2025-01-27 11:46:39.762323,2025-01-27 11:58:39.762323,2025-02-26 11:58:39.762323,False,,2025-01-14 11:58:39.762323,,"{""source"": ""organic"", ""archetype"": ""enterprise_evaluator""}"
sub_c267fb7b3efbd3,cus_c35f5f4105792d,10502,price_c18b24a2ff64e3,9900,Eur,month,active,2025-01-30 14:42:10.405252,2025-01-30 14:46:10.405252,2025-03-01 14:46:10.405252,False,,2025-01-23 14:46:10.405252,2025-01-30 14:46:10.405252,"{""source"": ""direct"", ""archetype"": ""power_user""}"
sub_991ab46b13cf74,cus_c602e2a7a1d3a5,10517,price_a6722239b0f7de,2900,eur,month,active,2025-01-17 13:09:53.928145,2025-01-17 13:25:53.928145,2025-02-16 13:25:53.928145,False,,,2025-01-17 13:25:53.928145,"{""source"": ""google_ads"", ""archetype"": ""engaged_free""}"
sub_1f891fc90a283e,cus_9d00dbe4752b07,10525,price_016222e630586a,19900,USD,month,active,2025-01-14 16:55:54.748569,2025-01-14 17:13:54.748569,2025-02-13 17:13:54.748569,False,,,,"{""source"": ""organic"", ""archetype"": ""power_user""}"
sub_71a02427651106,cus_f12cfd44b47401,10526,price_8ce8afbc39de4c,2900,USD,month,active,2025-01-10 22:35:22.021169,2025-01-10 22:48:22.021169,2025-02-09 22:48:22.021169,False,,,2025-01-10 22:48:22.021169,"{""source"": ""organic"", ""archetype"": ""engaged_free""}"
sub_256fea12112d3c,cus_fed624dd6f181b,10527,price_aa0a8ef7a9e331,29900,Eur,month,active,2025-02-09 11:31:15.581377,2025-02-09 11:54:15.581377,2025-03-11 11:54:15.581377,False,,,2025-02-09 11:54:15.581377,"{""source"": ""organic"", ""archetype"": ""power_user""}"
sub_9331fe921cc559,cus_a9335f3ba531fe,10533,price_8b60e815d8f4be,2900,GBP,year,active,2025-01-07 18:40:15.236908,2025-01-07 18:49:15.236908,2025-02-06 18:49:15.236908,False,,2024-12-28 18:49:15.236908,,"{""source"": ""direct"", ""archetype"": ""engaged_free""}"
sub_6e7f7b9382e935,cus_7ce0308aed187a,10554,price_1d056ab71be4ba,29900,GBP,month,canceled,2025-01-10 10:15:18.501462,2025-01-10 10:41:18.501462,2025-02-09 10:41:18.501462,True,2025-01-19 11:05:07.686057,,,"{""source"": ""partner"", ""archetype"": ""enterprise_evaluator""}"
sub_cf8763afc5c24a,cus_d9af36f3f7fafb,10555,price_541848d9f5939f,19900,Eur,month,active,2025-02-18 09:32:43.178695,2025-02-18 10:01:43.178695,2025-03-20 10:01:43.178695,False,,,2025-02-18 10:01:43.178695,"{""source"": ""referral"", ""archetype"": ""enterprise_evaluator""}"
sub_630550bbc6a023,cus_fe358940f3dedd,10562,price_76e3a5486d2752,4900,gbp,month,active,2025-01-08 08:18:03.915503,2025-01-08 08:27:03.915503,2025-02-07 08:27:03.915503,False,,,,"{""source"": ""partner"", ""archetype"": ""engaged_free""}"
sub_7f968f373a921a,cus_dda6f0902919bb,10564,price_3570917153ca93,19900,usd,month,unpaid,2025-01-13 15:18:28.876210,2025-01-13 15:28:28.876210,2025-02-12 15:28:28.876210,False,,,,"{""source"": ""google_ads"", ""archetype"": ""enterprise_evaluator""}"
sub_bb97e7a34347eb,cus_56043f5abff977,10569,price_62e12a7368c122,29900,gbp,month,canceled,2025-01-12 06:19:52.411542,2025-01-12 06:46:52.411542,2025-02-11 06:46:52.411542,True,2025-01-22 14:50:05.858763,2025-01-03 06:46:52.411542,,"{""source"": ""partner"", ""archetype"": ""enterprise_evaluator""}"
sub_8ea65e6987c75d,cus_dfd7f8ac701176,10581,price_170668cc828900,4900,gbp,month,active,2025-03-05 14:49:44.218575,2025-03-05 15:16:44.218575,2025-04-04 15:16:44.218575,False,,,,"{""source"": ""partner"", ""archetype"": ""engaged_free""}"
sub_e58c44f26ccf27,cus_fa19dea69382c2,10583,price_13f75a4657d87f,4900,gbp,month,past_due,2025-01-15 10:53:32.548038,2025-01-15 11:20:32.548038,2025-02-14 11:20:32.548038,False,,,,"{""source"": ""referral"", ""archetype"": ""support_heavy""}"
sub_2c2cba01e3d894,cus_18454ba891851e,10587,price_5a6d8e89d5bd9e,19900,Eur,year,active,2025-03-11 04:14:47.861238,2025-03-11 04:41:47.861238,2025-04-10 04:41:47.861238,False,,,,"{""source"": ""organic"", ""archetype"": ""enterprise_evaluator""}"
sub_3bf414abea0e9d,cus_a663d3fa052bf1,10598,price_e323c76cf5f86c,29900,USD,year,active,2025-01-18 21:27:41.353066,2025-01-18 21:36:41.353066,2025-02-17 21:36:41.353066,False,,,,"{""source"": ""referral"", ""archetype"": ""power_user""}"
sub_72babd2ec0e569,cus_d7f21b3c03d2c1,10606,price_f345f8ed8b4f46,2900,Eur,year,active,2025-01-15 15:10:13.618206,2025-01-15 15:33:13.618206,2025-02-14 15:33:13.618206,False,,,,"{""source"": ""direct"", ""archetype"": ""engaged_free""}"
sub_2c7d4b727d42ac,cus_71fc3172a87e1a,10612,price_76226eed6cf9ab,29900,GBP,month,active,2025-01-21 05:46:36.806420,2025-01-21 05:59:36.806420,2025-02-20 05:59:36.806420,False,,,,"{""source"": ""linkedin"", ""archetype"": ""power_user""}"
sub_023f4a887a3a74,cus_fcb80a4d589158,10625,price_da8c8e731d52b6,29900,usd,month,active,2025-01-19 04:58:45.566116,2025-01-19 05:12:45.566116,2025-02-18 05:12:45.566116,False,,,,"{""source"": ""referral"", ""archetype"": ""power_user""}"
sub_b074271d4e5b5f,cus_03ac621005a409,10628,price_c2179e3d8b8b56,19900,Eur,month,active,2025-01-25 04:11:08.392395,2025-01-25 04:35:08.392395,2025-02-24 04:35:08.392395,False,,,,"{""source"": ""linkedin"", ""archetype"": ""enterprise_evaluator""}"
sub_83a8768d982ce0,cus_c188fd269cd7e1,10641,price_3784ecac9e780f,19900,Eur,month,active,2025-01-17 03:09:40.799201,2025-01-17 03:17:40.799201,2025-02-16 03:17:40.799201,False,,2025-01-05 03:17:40.799201,,"{""source"": ""referral"", ""archetype"": ""enterprise_evaluator""}"
sub_a4ec471626d25a,cus_57833daf645b05,10644,price_103a7911976b66,29900,Eur,month,active,2025-02-02 01:18:08.775257,2025-02-02 01:42:08.775257,2025-03-04 01:42:08.775257,False,,2025-01-20 01:42:08.775257,2025-02-02 01:42:08.775257,"{""source"": ""linkedin"", ""archetype"": ""enterprise_evaluator""}"
sub_6c40fe1c7dce6e,cus_509a61012f1772,10667,price_d3484224c4963b,9900,USD,month,active,2025-03-16 06:04:06.848632,2025-03-16 06:21:06.848632,2025-04-15 06:21:06.848632,False,,2025-03-05 06:21:06.848632,,"{""source"": ""google_ads"", ""archetype"": ""power_user""}"
sub_f93302c1920e4d,cus_5974993998d852,10672,price_fde634ef9b660d,4900,eur,month,unpaid,2025-02-02 21:46:41.707107,2025-02-02 22:12:41.707107,2025-03-04 22:12:41.707107,False,,,,"{""source"": ""google_ads"", ""archetype"": ""engaged_free""}"
sub_ef0e900c508f63,cus_732524539a42e8,10673,price_61d3d7f735d9da,9900,GBP,month,active,2025-01-31 17:24:55.631451,2025-01-31 17:39:55.631451,2025-03-02 17:39:55.631451,False,,,,"{""source"": ""referral"", ""archetype"": ""power_user""}"
sub_73b0e75b478766,cus_197ed339fb88d7,10678,price_b47f322c51f061,2900,Eur,month,past_due,2025-01-22 20:21:02.350223,2025-01-22 20:36:02.350223,2025-02-21 20:36:02.350223,False,,,2025-01-22 20:36:02.350223,"{""source"": ""google_ads"", ""archetype"": ""support_heavy""}"
sub_6c68cefa52269b,cus_81f985d6faa939,10680,price_54a0795564b436,19900,gbp,month,active,2025-02-24 00:58:50.369550,2025-02-24 01:11:50.369550,2025-03-26 01:11:50.369550,False,,,2025-02-24 01:11:50.369550,"{""source"": ""direct"", ""archetype"": ""power_user""}"
sub_97b17a8f729184,cus_586ab214c10515,10684,price_e05ab589e820f7,19900,gbp,year,past_due,2025-02-15 06:19:49.787038,2025-02-15 06:45:49.787038,2025-03-17 06:45:49.787038,False,,,,"{""source"": ""linkedin"", ""archetype"": ""enterprise_evaluator""}"
sub_9623f4d291b8f0,cus_d62ccddf3a53fa,10687,price_f7fa78ba134621,29900,gbp,month,active,2025-01-15 05:46:52.072763,2025-01-15 06:15:52.072763,2025-02-14 06:15:52.072763,False,,,,"{""source"": ""direct"", ""archetype"": ""power_user""}"
sub_2f951601b5a600,cus_e35f7504e9a0b9,10692,price_671442b628c330,9900,Eur,month,active,2025-01-20 15:15:26.487149,2025-01-20 15:43:26.487149,2025-02-19 15:43:26.487149,False,,2025-01-09 15:43:26.487149,,"{""source"": ""linkedin"", ""archetype"": ""power_user""}"
sub_ccd556c57f27b7,cus_48c0e7de287978,10704,price_2cb9d359b7ae55,4900,USD,month,past_due,2025-01-20 17:44:56.098466,2025-01-20 17:57:56.098466,2025-02-19 17:57:56.098466,False,,2025-01-08 17:57:56.098466,2025-01-20 17:57:56.098466,"{""source"": ""organic"", ""archetype"": ""engaged_free""}"
sub_46863cd3333c6e,cus_3639342455711c,10705,price_9d9853cd858bce,29900,GBP,month,unpaid,2025-01-13 20:43:15.519378,2025-01-13 21:05:15.519378,2025-02-12 21:05:15.519378,False,,,,"{""source"": ""direct"", ""archetype"": ""enterprise_evaluator""}"
sub_03540be41bd2b9,cus_f31f4cf775557b,10711,price_b5ca2e0c68f47a,29900,eur,month,active,2025-03-13 06:27:39.673476,2025-03-13 06:40:39.673476,2025-04-12 06:40:39.673476,False,,,,"{""source"": ""linkedin"", ""archetype"": ""power_user""}"
sub_55f51d7cc87d65,cus_b4c0970c2937be,10717,price_4bd6d31058ed2e,19900,gbp,month,unpaid,2025-02-14 16:07:55.309967,2025-02-14 16:35:55.309967,2025-03-16 16:35:55.309967,False,,,,"{""source"": ""linkedin"", ""archetype"": ""enterprise_evaluator""}"
sub_12e5e166e9c3be,cus_a3109fae9b23ae,10724,price_d1abf8f48a3255,29900,Eur,month,active,2025-01-24 06:35:29.513364,2025-01-24 06:46:29.513364,2025-02-23 06:46:29.513364,False,,,,"{""source"": ""organic"", ""archetype"": ""enterprise_evaluator""}"
sub_bb3be2dfbc2a3c,cus_7c83b398c640b1,10726,price_449d851116f9fa,19900,usd,month,active,2025-02-01 19:20:05.650772,2025-02-01 19:35:05.650772,2025-03-03 19:35:05.650772,False,,2025-01-19 19:35:05.650772,,"{""source"": ""direct"", ""archetype"": ""power_user""}"
sub_7d4d36472de30b,cus_09227ff275d8bc,10731,price_4b3f93dcaf09e8,19900,USD,month,active,2025-01-04 15:09:43.389057,2025-01-04 15:31:43.389057,2025-02-03 15:31:43.389057,False,,,2025-01-04 15:31:43.389057,"{""source"": ""google_ads"", ""archetype"": ""power_user""}"
sub_a64a7e83feb609,cus_8df20577862ddb,10736,price_68bda936d62cf4,29900,gbp,month,active,2025-01-07 22:09:47.896741,2025-01-07 22:12:47.896741,2025-02-06 22:12:47.896741,False,,,,"{""source"": ""linkedin"", ""archetype"": ""power_user""}"
sub_0386a5f4eccc37,cus_2c1a3d6086a77d,10739,price_ee6eecf04b0d63,29900,Eur,month,active,2025-03-29 04:58:35.490249,2025-03-29 05:04:35.490249,2025-04-28 05:04:35.490249,False,,2025-03-15 05:04:35.490249,,"{""source"": ""google_ads"", ""archetype"": ""enterprise_evaluator""}"
sub_f0fdff0ddbe575,cus_3ff8123d2fc078,10740,price_d81075d588cafc,29900,Eur,year,active,2025-02-14 07:57:16.844781,2025-02-14 08:04:16.844781,2025-03-16 08:04:16.844781,False,,,,"{""source"": ""direct"", ""archetype"": ""enterprise_evaluator""}"
sub_6e49e8da3fd374,cus_cb0d0fbc87e3a7,10746,price_f7fe395e0c35e6,29900,GBP,month,active,2025-01-24 18:46:31.851135,2025-01-24 18:54:31.851135,2025-02-23 18:54:31.851135,False,,,,"{""source"": ""google_ads"", ""archetype"": ""power_user""}"
sub_e159cb64d79f39,cus_5ffc302b549622,10748,price_712a59aad33c08,2900,Eur,year,active,2025-01-11 11:42:43.261355,2025-01-11 12:00:43.261355,2025-02-10 12:00:43.261355,False,,,,"{""source"": ""direct"", ""archetype"": ""engaged_free""}"
sub_f736d0f5105895,cus_ab8651030c0bd4,10752,price_464cb53b868779,29900,Eur,month,active,2025-02-10 04:44:14.662785,2025-02-10 05:07:14.662785,2025-03-12 05:07:14.662785,False,,,,"{""source"": ""partner"", ""archetype"": ""enterprise_evaluator""}"
sub_009fa85ef09a36,cus_2bca882afdfad9,10759,price_7d5bc3679425f6,2900,usd,month,active,2025-02-19 00:32:10.223802,2025-02-19 00:52:10.223802,2025-03-21 00:52:10.223802,False,,,2025-02-19 00:52:10.223802,"{""source"": ""direct"", ""archetype"": ""engaged_free""}"
sub_00f2d6de9eb543,cus_59bd9e2dbc9436,10767,price_b9fe4dc2dc75be,19900,GBP,month,unpaid,2025-01-11 22:10:20.095299,2025-01-11 22:27:20.095299,2025-02-10 22:27:20.095299,False,,2025-01-04 22:27:20.095299,,"{""source"": ""referral"", ""archetype"": ""enterprise_evaluator""}"
sub_647ae9fbffb43e,cus_6c652cf693961c,10775,price_4394848b940c8d,2900,USD,month,active,2025-01-20 16:24:42.753207,2025-01-20 16:25:42.753207,2025-02-19 16:25:42.753207,False,,2025-01-09 16:25:42.753207,,"{""source"": ""referral"", ""archetype"": ""engaged_free""}"
sub_2c9e9e5e938fbe,cus_7d79ae40bdbb8c,10783,price_6cfefa169217fd,19900,USD,year,active,2025-01-15 12:01:53.449174,2025-01-15 12:03:53.449174,2025-02-14 12:03:53.449174,False,,,,"{""source"": ""partner"", ""archetype"": ""enterprise_evaluator""}"
sub_cff635e1f1ac6c,cus_6429fcf0d6adc5,10786,price_066ff92afc435d,19900,USD,month,active,2025-01-15 06:33:40.505089,2025-01-15 06:52:40.505089,2025-02-14 06:52:40.505089,False,,2025-01-06 06:52:40.505089,,"{""source"": ""referral"", ""archetype"": ""enterprise_evaluator""}"
sub_f73126bb07ddbe,cus_504c54fb80a828,10790,price_68531505c43a8b,4900,eur,month,active,2025-01-06 16:14:11.238642,2025-01-06 16:19:11.238642,2025-02-05 16:19:11.238642,False,,,2025-01-06 16:19:11.238642,"{""source"": ""organic"", ""archetype"": ""engaged_free""}"
sub_a3e1594e481eb2,cus_4d884531da11cb,10795,price_f97956f931577a,2900,usd,year,canceled,2025-01-04 16:42:11.595094,2025-01-04 16:50:11.595094,2025-02-03 16:50:11.595094,True,2025-01-11 03:12:24.933386,2024-12-22 16:50:11.595094,2025-01-04 16:50:11.595094,"{""source"": ""partner"", ""archetype"": ""engaged_free""}"
sub_750d6378c3f7ef,cus_87f282f3642392,10811,price_738f05efa8238e,19900,usd,month,active,2025-01-17 15:38:41.319986,2025-01-17 15:39:41.319986,2025-02-16 15:39:41.319986,False,,2025-01-10 15:39:41.319986,,"{""source"": ""partner"", ""archetype"": ""enterprise_evaluator""}"
sub_e10c8e7292cf7b,cus_3f7c09b54402e6,10812,price_9f33ef1f828a9a,29900,eur,month,past_due,2025-01-23 05:55:32.227183,2025-01-23 06:20:32.227183,2025-02-22 06:20:32.227183,False,,,,"{""source"": ""organic"", ""archetype"": ""enterprise_evaluator""}"
sub_c3de40f91ff7de,cus_05125d607e887d,10813,price_85307e32f452b7,19900,eur,month,active,2025-01-24 07:58:44.682832,2025-01-24 08:04:44.682832,2025-02-23 08:04:44.682832,False,,2025-01-17 08:04:44.682832,2025-01-24 08:04:44.682832,"{""source"": ""direct"", ""archetype"": ""power_user""}"
sub_73f69271431614,cus_a2e98223ecc8b3,10819,price_64887336662a6b,29900,GBP,year,active,2025-01-12 18:23:10.190520,2025-01-12 18:40:10.190520,2025-02-11 18:40:10.190520,False,,2025-01-01 18:40:10.190520,2025-01-12 18:40:10.190520,"{""source"": ""google_ads"", ""archetype"": ""power_user""}"
sub_951e968fe81b44,cus_250351aec44f20,10829,price_b96f492d54dcdb,29900,USD,year,canceled,2025-01-09 05:11:58.444447,2025-01-09 05:39:58.444447,2025-02-08 05:39:58.444447,True,2025-01-12 01:40:10.320198,2025-01-01 05:39:58.444447,,"{""source"": ""referral"", ""archetype"": ""power_user""}"
sub_30ca90479ced0f,cus_3ece84ffc2f539,10839,price_e24441e0e9381e,2900,Eur,month,canceled,2025-01-07 09:01:45.713081,2025-01-07 09:25:45.713081,2025-02-06 09:25:45.713081,True,2025-02-09 20:38:57.892635,,2025-01-07 09:25:45.713081,"{""source"": ""organic"", ""archetype"": ""support_heavy""}"
sub_b48b663c6f79e6,cus_c7995e02956817,10840,price_9f7af81e1ecf11,29900,GBP,year,active,2025-01-09 10:13:16.299432,2025-01-09 10:35:16.299432,2025-02-08 10:35:16.299432,False,,,,"{""source"": ""linkedin"", ""archetype"": ""enterprise_evaluator""}"
sub_e1158e2701231f,cus_ee6599b2295c74,10865,price_fabd371d40f561,9900,GBP,month,active,2025-01-11 15:38:50.653172,2025-01-11 15:41:50.653172,2025-02-10 15:41:50.653172,False,,,2025-01-11 15:41:50.653172,"{""source"": ""partner"", ""archetype"": ""power_user""}"
sub_346150bbd09977,cus_8cc59193beaf41,10870,price_5564a5d235228b,4900,Eur,year,canceled,2025-03-02 13:53:39.203433,2025-03-02 14:08:39.203433,2025-04-01 14:08:39.203433,True,2025-03-13 17:11:57.970748,,,"{""source"": ""referral"", ""archetype"": ""engaged_free""}"
sub_0a206890f38724,cus_4ffdbb09793e6d,10877,price_d3df8c06250a8e,19900,usd,month,active,2025-02-20 13:16:39.882232,2025-02-20 13:40:39.882232,2025-03-22 13:40:39.882232,False,,,,"{""source"": ""google_ads"", ""archetype"": ""power_user""}"
sub_4b0e92a4490fba,cus_90d18f09e8776b,10882,price_504e5a9c9435ca,29900,eur,year,active,2025-01-26 11:00:53.533148,2025-01-26 11:12:53.533148,2025-02-25 11:12:53.533148,False,,,,"{""source"": ""google_ads"", ""archetype"": ""enterprise_evaluator""}"
sub_beb908ec58a0cd,cus_a9a2c4d9768a73,10883,price_0e05280ddc2281,19900,Eur,year,canceled,2025-01-27 03:30:51.306118,2025-01-27 03:54:51.306118,2025-02-26 03:54:51.306118,True,2025-02-04 07:44:54.252742,2025-01-20 03:54:51.306118,,"{""source"": ""organic"", ""archetype"": ""enterprise_evaluator""}"
sub_f1be370074c19c,cus_8f4773146e4243,10885,price_bffa1a8c3dfa73,2900,USD,month,active,2025-01-22 12:02:30.894992,2025-01-22 12:29:30.894992,2025-02-21 12:29:30.894992,False,,,,"{""source"": ""partner"", ""archetype"": ""engaged_free""}"
sub_48550403a223c1,cus_acca01c3ee4f28,10899,price_fe3ee3d84d51a2,19900,Eur,month,active,2025-01-25 21:18:42.291960,2025-01-25 21:37:42.291960,2025-02-24 21:37:42.291960,False,,2025-01-13 21:37:42.291960,,"{""source"": ""referral"", ""archetype"": ""power_user""}"
sub_84ad52210a7153,cus_8f8adeb132c3dc,10906,price_16328fd5213780,4900,USD,year,active,2025-01-04 14:23:58.231583,2025-01-04 14:40:58.231583,2025-02-03 14:40:58.231583,False,,,,"{""source"": ""partner"", ""archetype"": ""engaged_free""}"
sub_f1a52e8348a934,cus_362c82b2bf444b,10911,price_c3fad0ec3c8e37,29900,USD,month,active,2025-03-23 05:01:03.660658,2025-03-23 05:17:03.660658,2025-04-22 05:17:03.660658,False,,,,"{""source"": ""direct"", ""archetype"": ""enterprise_evaluator""}"
sub_949c96a4610025,cus_d5bb33e060a019,10914,price_d790f8a5224c71,29900,eur,month,past_due,2025-01-24 19:06:11.392695,2025-01-24 19:25:11.392695,2025-02-23 19:25:11.392695,False,,,,"{""source"": ""organic"", ""archetype"": ""power_user""}"
sub_a72561c92eaa56,cus_067e13de4ca047,10915,price_8ad0c49622eceb,9900,Eur,month,active,2025-01-23 15:57:44.607950,2025-01-23 16:02:44.607950,2025-02-22 16:02:44.607950,False,,2025-01-14 16:02:44.607950,,"{""source"": ""partner"", ""archetype"": ""power_user""}"
sub_f22760858a49da,cus_dd38b38d041052,10917,price_136cbb229237cd,29900,eur,month,active,2025-01-05 09:47:41.942917,2025-01-05 10:16:41.942917,2025-02-04 10:16:41.942917,False,,2024-12-29 10:16:41.942917,,"{""source"": ""referral"", ""archetype"": ""power_user""}"
sub_ec87b7187b03d4,cus_606c39d2dd9b77,10919,price_ab936ca08e806b,29900,USD,month,active,2025-01-07 08:01:08.020487,2025-01-07 08:23:08.020487,2025-02-06 08:23:08.020487,False,,,,"{""source"": ""partner"", ""archetype"": ""power_user""}"
sub_219c9fa4c37bd3,cus_4198a1284c2cde,10925,price_080f1f383a324f,29900,eur,month,active,2025-01-04 15:38:55.978823,2025-01-04 15:44:55.978823,2025-02-03 15:44:55.978823,False,,,,"{""source"": ""partner"", ""archetype"": ""power_user""}"
sub_e12254cd9e2504,cus_58837be7ce1f4f,10926,price_e14bb576a5ec16,19900,Eur,month,active,2025-02-20 15:06:21.350604,2025-02-20 15:30:21.350604,2025-03-22 15:30:21.350604,False,,,,"{""source"": ""linkedin"", ""archetype"": ""power_user""}"
sub_c0326d425a2538,cus_0ea44a614a92d5,10937,price_c1d932eee0b889,19900,Eur,month,active,2025-03-10 07:26:04.595119,2025-03-10 07:52:04.595119,2025-04-09 07:52:04.595119,False,,,2025-03-10 07:52:04.595119,"{""source"": ""google_ads"", ""archetype"": ""power_user""}"
sub_92ba4194a8b73b,cus_506c5edb0342a8,10942,price_7c7a6ee63e43fc,19900,usd,month,active,2025-01-24 10:17:52.942752,2025-01-24 10:32:52.942752,2025-02-23 10:32:52.942752,False,,2025-01-11 10:32:52.942752,,"{""source"": ""organic"", ""archetype"": ""enterprise_evaluator""}"
sub_0bfd512fb803b2,cus_95fa457d58b14e,10944,price_42c828793991d4,29900,eur,year,past_due,2025-01-29 03:02:10.556529,2025-01-29 03:21:10.556529,2025-02-28 03:21:10.556529,False,,,,"{""source"": ""partner"", ""archetype"": ""enterprise_evaluator""}"
sub_2e0843f518a717,cus_1e0c83aa1b026c,10952,price_d5a9503fa41cf0,29900,gbp,year,active,2025-01-29 04:33:46.380230,2025-01-29 04:45:46.380230,2025-02-28 04:45:46.380230,False,,,2025-01-29 04:45:46.380230,"{""source"": ""partner"", ""archetype"": ""enterprise_evaluator""}"
sub_a06be21fd9d942,cus_972d7ffc068099,10959,price_a3ab382f1ee0d2,19900,Eur,month,active,2025-01-26 11:19:17.267008,2025-01-26 11:45:17.267008,2025-02-25 11:45:17.267008,False,,,,"{""source"": ""direct"", ""archetype"": ""enterprise_evaluator""}"
sub_01a5db34065086,cus_832c3a490aaba5,10971,price_302edc94aecb9f,2900,eur,month,active,2025-01-06 22:55:18.689257,2025-01-06 23:02:18.689257,2025-02-05 23:02:18.689257,False,,,2025-01-06 23:02:18.689257,"{""source"": ""linkedin"", ""archetype"": ""engaged_free""}"
sub_872988cb54c2ef,cus_2777f42486ac29,10975,price_162bc7503af10c,29900,Eur,month,active,2025-01-07 22:55:23.177835,2025-01-07 23:14:23.177835,2025-02-06 23:14:23.177835,False,,,,"{""source"": ""referral"", ""archetype"": ""power_user""}"
sub_72241b3ea09e53,cus_14f040833fd12e,10982,price_5973f3f3d93d7c,29900,GBP,year,active,2025-01-31 10:51:17.688322,2025-01-31 10:55:17.688322,2025-03-02 10:55:17.688322,False,,,,"{""source"": ""direct"", ""archetype"": ""enterprise_evaluator""}"
sub_ae520bd747d021,cus_caf74b9f1ae0b0,10986,price_4c4985c5713e89,2900,USD,month,active,2025-01-17 06:37:50.510239,2025-01-17 06:49:50.510239,2025-02-16 06:49:50.510239,False,,,,"{""source"": ""google_ads"", ""archetype"": ""casual_explorer""}"
sub_9b2170229cbf69,cus_d4b5de141b11c1,11002,price_dc5d19316b26ed,19900,GBP,month,active,2025-01-13 01:53:53.991030,2025-01-13 02:07:53.991030,2025-02-12 02:07:53.991030,False,,,,"{""source"": ""direct"", ""archetype"": ""enterprise_evaluator""}"
sub_1b7082619ed590,cus_30e5c3f7aeef1e,11007,price_87d94ada23efe8,29900,eur,month,active,2025-01-29 07:17:08.316536,2025-01-29 07:18:08.316536,2025-02-28 07:18:08.316536,False,,,2025-01-29 07:18:08.316536,"{""source"": ""google_ads"", ""archetype"": ""enterprise_evaluator""}"
sub_76eeb1c1a0cd87,cus_de9ceedbea9b13,11012,price_1f71116b533a25,19900,eur,month,active,2025-02-11 07:51:17.049055,2025-02-11 07:57:17.049055,2025-03-13 07:57:17.049055,False,,,,"{""source"": ""organic"", ""archetype"": ""enterprise_evaluator""}"
sub_7bbbcb947ac5e7,cus_6a7606785fc140,11014,price_9818720646716d,2900,USD,month,active,2025-01-19 09:05:40.641533,2025-01-19 09:24:40.641533,2025-02-18 09:24:40.641533,False,,2025-01-09 09:24:40.641533,,"{""source"": ""organic"", ""archetype"": ""engaged_free""}"
sub_a6827026da7b46,cus_e83ff47c0e818c,11015,price_9602ea190fd7eb,19900,gbp,year,active,2025-01-29 19:29:00.199688,2025-01-29 19:35:00.199688,2025-02-28 19:35:00.199688,False,,,,"{""source"": ""direct"", ""archetype"": ""power_user""}"
sub_a7513ab6d9247e,cus_a07ad3d8f0124f,11023,price_318564b16d1d9c,29900,USD,year,active,2025-02-09 10:27:42.052662,2025-02-09 10:36:42.052662,2025-03-11 10:36:42.052662,False,,,,"{""source"": ""referral"", ""archetype"": ""power_user""}"
sub_ca0555a23f0c9d,cus_455ed363d546fb,11028,price_474b88d6590247,9900,eur,month,active,2025-01-30 04:48:34.898208,2025-01-30 05:12:34.898208,2025-03-01 05:12:34.898208,False,,,,"{""source"": ""direct"", ""archetype"": ""power_user""}"
sub_ca085341c86695,cus_2e7d05501d7873,11034,price_5eec9c4214f7dd,29900,GBP,year,active,2025-01-05 23:42:25.196413,2025-01-05 23:48:25.196413,2025-02-04 23:48:25.196413,False,,2024-12-26 23:48:25.196413,,"{""source"": ""linkedin"", ""archetype"": ""power_user""}"
sub_242ee0c9cf6177,cus_7e304bf75bfb87,11046,price_f746483a87c3ec,19900,USD,month,active,2025-01-19 03:47:52.895090,2025-01-19 03:48:52.895090,2025-02-18 03:48:52.895090,False,,,2025-01-19 03:48:52.895090,"{""source"": ""direct"", ""archetype"": ""power_user""}"
sub_becdf3ceb8824b,cus_9859d260634227,11059,price_fb83a2c868722e,2900,gbp,year,past_due,2025-01-18 00:37:19.990805,2025-01-18 00:53:19.990805,2025-02-17 00:53:19.990805,False,,2025-01-05 00:53:19.990805,,"{""source"": ""google_ads"", ""archetype"": ""engaged_free""}"
sub_a89fd337c3be64,cus_f1b85c6594d450,11065,price_e333f8cf4a821b,9900,usd,month,active,2025-01-08 23:44:56.044884,2025-01-09 00:14:56.044884,2025-02-08 00:14:56.044884,False,,,,"{""source"": ""linkedin"", ""archetype"": ""power_user""}"
sub_99afd51c6718e7,cus_e8b44311738040,11078,price_4644952492f27c,29900,gbp,year,active,2025-01-18 15:32:46.958683,2025-01-18 15:51:46.958683,2025-02-17 15:51:46.958683,False,,2025-01-05 15:51:46.958683,,"{""source"": ""referral"", ""archetype"": ""enterprise_evaluator""}"
sub_d850175c24f014,cus_9516d81927abb6,11081,price_b25bf80279f98e,19900,USD,year,active,2025-01-14 00:46:50.887173,2025-01-14 01:06:50.887173,2025-02-13 01:06:50.887173,False,,2025-01-02 01:06:50.887173,2025-01-14 01:06:50.887173,"{""source"": ""direct"", ""archetype"": ""enterprise_evaluator""}"
sub_f8543adb79b521,cus_3045d82f4a6301,11082,price_778ad9ac992d9f,9900,eur,month,canceled,2025-01-12 04:39:03.487349,2025-01-12 05:00:03.487349,2025-02-11 05:00:03.487349,True,2025-02-16 03:02:50.774918,,,"{""source"": ""partner"", ""archetype"": ""power_user""}"
sub_e78b89e81d3702,cus_3f6b8c3f59f7b9,11088,price_09d8e3965cd7d7,29900,usd,month,active,2025-01-13 21:52:56.437373,2025-01-13 22:18:56.437373,2025-02-12 22:18:56.437373,False,,,2025-01-13 22:18:56.437373,"{""source"": ""partner"", ""archetype"": ""power_user""}"
sub_604699d6dc2c47,cus_9cf10dc377ba3a,11104,price_99448617e16ab5,29900,eur,month,active,2025-01-31 13:49:03.357593,2025-01-31 14:17:03.357593,2025-03-02 14:17:03.357593,False,,,2025-01-31 14:17:03.357593,"{""source"": ""google_ads"", ""archetype"": ""enterprise_evaluator""}"
sub_19061bf885271b,cus_ca1c822dbe3dac,11129,price_698e4f333a7ba8,9900,Eur,year,active,2025-02-01 09:03:01.806917,2025-02-01 09:32:01.806917,2025-03-03 09:32:01.806917,False,,,,"{""source"": ""partner"", ""archetype"": ""power_user""}"
sub_3530dabf2a6250,cus_0dd78b8eeb00a3,11156,price_3f473825673eba,2900,GBP,month,active,2025-01-30 00:16:42.767301,2025-01-30 00:19:42.767301,2025-03-01 00:19:42.767301,False,,2025-01-17 00:19:42.767301,,"{""source"": ""direct"", ""archetype"": ""engaged_free""}"
sub_f3ec6b283f1e68,cus_42e9fb37393dfa,11162,price_f9698ea64f1269,4900,GBP,month,active,2025-01-12 09:02:02.185403,2025-01-12 09:22:02.185403,2025-02-11 09:22:02.185403,False,,2025-01-05 09:22:02.185403,,"{""source"": ""organic"", ""archetype"": ""engaged_free""}"
sub_bd72edf6b93814,cus_f8b65696bf4402,11166,price_c4e02cc638e628,9900,USD,month,active,2025-01-24 14:38:33.498242,2025-01-24 14:59:33.498242,2025-02-23 14:59:33.498242,False,,,,"{""source"": ""partner"", ""archetype"": ""power_user""}"
sub_3e70ce1a30fe7e,cus_7efcc0816cd8e4,11171,price_917b2c8974ef56,9900,USD,year,active,2025-01-07 20:50:12.444008,2025-01-07 21:14:12.444008,2025-02-06 21:14:12.444008,False,,2024-12-31 21:14:12.444008,,"{""source"": ""direct"", ""archetype"": ""power_user""}"
sub_b77c68d4d6e5de,cus_993a55462f7992,11184,price_04eb5aab15beea,29900,Eur,month,active,2025-01-27 06:12:54.380626,2025-01-27 06:25:54.380626,2025-02-26 06:25:54.380626,False,,2025-01-15 06:25:54.380626,,"{""source"": ""organic"", ""archetype"": ""power_user""}"
sub_8bec0c78c7f3ec,cus_7adcfb6a87dc11,11205,price_b315929d903298,29900,usd,year,active,2025-01-10 10:14:26.461140,2025-01-10 10:20:26.461140,2025-02-09 10:20:26.461140,False,,,2025-01-10 10:20:26.461140,"{""source"": ""linkedin"", ""archetype"": ""power_user""}"
sub_4e1eede88251ed,cus_90dd4225f7b2fa,11206,price_cf59b599ab9d32,29900,USD,month,active,2025-02-11 08:54:47.313909,2025-02-11 09:10:47.313909,2025-03-13 09:10:47.313909,False,,2025-02-03 09:10:47.313909,2025-02-11 09:10:47.313909,"{""source"": ""organic"", ""archetype"": ""power_user""}"
sub_ff5799857691d8,cus_0446355e8e1d1f,11209,price_702fb2427ac05b,29900,usd,year,active,2025-01-21 05:50:00.934290,2025-01-21 05:51:00.934290,2025-02-20 05:51:00.934290,False,,2025-01-10 05:51:00.934290,,"{""source"": ""direct"", ""archetype"": ""power_user""}"
sub_805dfb2407b81f,cus_245e6333a6325d,11210,price_68dc01950e344d,29900,USD,month,unpaid,2025-02-12 07:24:46.763047,2025-02-12 07:36:46.763047,2025-03-14 07:36:46.763047,False,,,,"{""source"": ""partner"", ""archetype"": ""enterprise_evaluator""}"
sub_2c1aca0b0489b7,cus_2f727b12a1f405,11217,price_1b1d365cc87522,19900,gbp,month,active,2025-02-08 17:51:31.489266,2025-02-08 18:04:31.489266,2025-03-10 18:04:31.489266,False,,2025-02-01 18:04:31.489266,,"{""source"": ""linkedin"", ""archetype"": ""enterprise_evaluator""}"
sub_7397eb114eb441,cus_662d564412a6cb,11232,price_3dcda82f3f8435,19900,gbp,month,active,2025-02-03 21:30:11.910169,2025-02-03 21:50:11.910169,2025-03-05 21:50:11.910169,False,,2025-01-20 21:50:11.910169,,"{""source"": ""google_ads"", ""archetype"": ""power_user""}"
sub_9f4c2caf4f7085,cus_c8d3718b252050,11237,price_a104078165ded1,9900,usd,month,active,2025-02-03 04:03:44.718265,2025-02-03 04:09:44.718265,2025-03-05 04:09:44.718265,False,,2025-01-21 04:09:44.718265,,"{""source"": ""google_ads"", ""archetype"": ""power_user""}"
sub_729e6d9257db7b,cus_1b5908dc249f78,11245,price_df4f265b6a1881,29900,usd,month,active,2025-03-09 00:51:06.311393,2025-03-09 00:54:06.311393,2025-04-08 00:54:06.311393,False,,,,"{""source"": ""linkedin"", ""archetype"": ""enterprise_evaluator""}"
sub_08d04e825112f2,cus_97e5d0ebd1d595,11255,price_384f715f65100b,29900,eur,month,active,2025-02-15 15:05:13.990815,2025-02-15 15:11:13.990815,2025-03-17 15:11:13.990815,False,,,2025-02-15 15:11:13.990815,"{""source"": ""organic"", ""archetype"": ""power_user""}"
sub_7c98d4206af946,cus_7ec6f57e9a2c8f,11259,price_2d7f6fb5b7e8a5,29900,gbp,year,active,2025-01-07 02:15:39.367671,2025-01-07 02:44:39.367671,2025-02-06 02:44:39.367671,False,,,,"{""source"": ""partner"", ""archetype"": ""enterprise_evaluator""}"
sub_588aca4e667e4d,cus_f4990821cd4066,11266,price_6d0b259993f551,29900,Eur,year,active,2025-02-10 12:09:32.735847,2025-02-10 12:39:32.735847,2025-03-12 12:39:32.735847,False,,2025-02-03 12:39:32.735847,,"{""source"": ""direct"", ""archetype"": ""power_user""}"
sub_e463dd20e2cc48,cus_99fd71a7526f49,11276,price_c744eb04815ffb,19900,eur,year,active,2025-01-07 00:11:26.644073,2025-01-07 00:41:26.644073,2025-02-06 00:41:26.644073,False,,,,"{""source"": ""google_ads"", ""archetype"": ""enterprise_evaluator""}"
sub_c2b066ff05ceae,cus_2184742ad8492f,11281,price_e13af438c0cfcc,9900,Eur,month,active,2025-01-07 06:31:31.737415,2025-01-07 06:55:31.737415,2025-02-06 06:55:31.737415,False,,,2025-01-07 06:55:31.737415,"{""source"": ""linkedin"", ""archetype"": ""power_user""}"
sub_67fda37ba1f579,cus_e41d23e8cf976d,11285,price_5d5b7e896477b3,4900,usd,year,active,2025-01-15 15:44:00.917331,2025-01-15 16:05:00.917331,2025-02-14 16:05:00.917331,False,,,2025-01-15 16:05:00.917331,"{""source"": ""linkedin"", ""archetype"": ""engaged_free""}"
sub_a203c70d6ee506,cus_284df1252b2127,11292,price_d50ef2a44e1908,29900,GBP,year,past_due,2025-01-21 05:14:39.970875,2025-01-21 05:42:39.970875,2025-02-20 05:42:39.970875,False,,,,"{""source"": ""referral"", ""archetype"": ""enterprise_evaluator""}"
sub_c9871d2d4a3db0,cus_47729df3e4a6ff,11295,price_528a79a1e4219e,9900,gbp,month,active,2025-02-05 09:37:14.232889,2025-02-05 09:43:14.232889,2025-03-07 09:43:14.232889,False,,,,"{""source"": ""linkedin"", ""archetype"": ""power_user""}"
sub_f5c6d982017707,cus_70e05564ed9ac7,11296,price_6b7f44352fb8ea,9900,eur,month,active,2025-02-21 12:58:01.919618,2025-02-21 13:16:01.919618,2025-03-23 13:16:01.919618,False,,,,"{""source"": ""partner"", ""archetype"": ""power_user""}"
sub_4917586581c2ab,cus_c6ef7cda6d27ae,11298,price_f96e6a6e5e094f,19900,USD,month,active,2025-02-11 10:37:39.856444,2025-02-11 10:40:39.856444,2025-03-13 10:40:39.856444,False,,,,"{""source"": ""partner"", ""archetype"": ""power_user""}"
sub_d01f0989e20e4d,cus_f3e9edbe178153,11300,price_02b3c34cc7e6c8,19900,usd,month,active,2025-01-18 17:25:58.956118,2025-01-18 17:29:58.956118,2025-02-17 17:29:58.956118,False,,2025-01-04 17:29:58.956118,2025-01-18 17:29:58.956118,"{""source"": ""direct"", ""archetype"": ""enterprise_evaluator""}"
sub_f544e9b84cd1be,cus_3755eaa584b015,11307,price_6f3e3ca94aabe9,19900,eur,year,active,2025-01-27 04:53:41.707392,2025-01-27 04:54:41.707392,2025-02-26 04:54:41.707392,False,,2025-01-19 04:54:41.707392,2025-01-27 04:54:41.707392,"{""source"": ""partner"", ""archetype"": ""enterprise_evaluator""}"
sub_0d9c32a058be20,cus_1b50e0a6af5eec,11314,price_cd2ab8c299d9d7,19900,GBP,month,active,2025-01-11 23:41:42.658544,2025-01-12 00:11:42.658544,2025-02-11 00:11:42.658544,False,,,,"{""source"": ""partner"", ""archetype"": ""power_user""}"
sub_95a5572615f968,cus_4e7cc1e7284eb3,11315,price_46bdab156827a3,29900,usd,month,active,2025-02-14 00:11:55.542699,2025-02-14 00:30:55.542699,2025-03-16 00:30:55.542699,False,,2025-02-05 00:30:55.542699,,"{""source"": ""direct"", ""archetype"": ""power_user""}"
sub_94b9523ddd31d2,cus_2981ec208b395d,11317,price_933e2a3181880f,19900,GBP,month,active,2025-02-08 14:17:50.468309,2025-02-08 14:33:50.468309,2025-03-10 14:33:50.468309,False,,2025-01-30 14:33:50.468309,,"{""source"": ""partner"", ""archetype"": ""enterprise_evaluator""}"
sub_5d405e9963e55e,cus_e0196739db7643,11324,price_6ab217b6832d6d,29900,usd,month,active,2025-01-11 20:55:29.131843,2025-01-11 21:04:29.131843,2025-02-10 21:04:29.131843,False,,,,"{""source"": ""linkedin"", ""archetype"": ""enterprise_evaluator""}"
sub_904aeaaea06446,cus_b461c6773e51e3,11339,price_05ae7f10420395,29900,USD,month,active,2025-01-06 17:59:37.028266,2025-01-06 18:25:37.028266,2025-02-05 18:25:37.028266,False,,2024-12-25 18:25:37.028266,,"{""source"": ""google_ads"", ""archetype"": ""power_user""}"
sub_e3e0d8dae9c714,cus_3af9a909363ce6,11352,price_f2d74cf6e03445,9900,USD,month,active,2025-01-24 13:15:21.239869,2025-01-24 13:29:21.239869,2025-02-23 13:29:21.239869,False,,,,"{""source"": ""referral"", ""archetype"": ""power_user""}"
sub_07a4966f099981,cus_9706532e312a5a,11353,price_b724a35888fd41,2900,usd,month,active,2025-01-10 08:37:00.174770,2025-01-10 08:40:00.174770,2025-02-09 08:40:00.174770,False,,,2025-01-10 08:40:00.174770,"{""source"": ""referral"", ""archetype"": ""engaged_free""}"
sub_113ca2591fe8e1,cus_01d3d00931d940,11359,price_0730a68683fa9e,9900,usd,year,active,2025-03-12 05:21:55.691501,2025-03-12 05:29:55.691501,2025-04-11 05:29:55.691501,False,,,2025-03-12 05:29:55.691501,"{""source"": ""google_ads"", ""archetype"": ""power_user""}"
sub_debdbefe317dd2,cus_cb7afcf445c5a6,11361,price_dd307f3e7d48b6,29900,USD,year,active,2025-01-30 10:12:10.256651,2025-01-30 10:34:10.256651,2025-03-01 10:34:10.256651,False,,,,"{""source"": ""referral"", ""archetype"": ""enterprise_evaluator""}"
sub_ac7a595e74c4a6,cus_ca83b8ef483dcc,11377,price_3a0b17bbe5bbb2,19900,GBP,month,active,2025-02-01 22:35:19.616332,2025-02-01 22:52:19.616332,2025-03-03 22:52:19.616332,False,,2025-01-18 22:52:19.616332,,"{""source"": ""google_ads"", ""archetype"": ""power_user""}"
sub_ebcbc3050543ed,cus_f7fa0455789869,11382,price_931259fc6b9f44,29900,eur,month,active,2025-01-19 06:20:33.570080,2025-01-19 06:30:33.570080,2025-02-18 06:30:33.570080,False,,,,"{""source"": ""partner"", ""archetype"": ""power_user""}"
sub_b24ce0b58a5c3d,cus_66acf1394c98a2,11383,price_865fa097ad7464,29900,gbp,month,active,2025-01-19 21:25:59.330937,2025-01-19 21:54:59.330937,2025-02-18 21:54:59.330937,False,,,2025-01-19 21:54:59.330937,"{""source"": ""google_ads"", ""archetype"": ""enterprise_evaluator""}"
sub_76fb6948939dd1,cus_a508bb6bb7cafd,11384,price_fdc1910d27fac9,19900,gbp,month,active,2025-02-09 06:56:53.403280,2025-02-09 07:06:53.403280,2025-03-11 07:06:53.403280,False,,,,"{""source"": ""partner"", ""archetype"": ""power_user""}"
sub_86322b1e693af9,cus_6a1417fcdf0e68,11385,price_2ca1133d8cccd5,4900,Eur,month,active,2025-01-16 09:40:00.269501,2025-01-16 09:48:00.269501,2025-02-15 09:48:00.269501,False,,,2025-01-16 09:48:00.269501,"{""source"": ""partner"", ""archetype"": ""engaged_free""}"
sub_210852e765bbe9,cus_f5d6bd364a4398,11386,price_1e887e6f216cbe,29900,Eur,month,active,2025-01-25 12:08:33.611919,2025-01-25 12:26:33.611919,2025-02-24 12:26:33.611919,False,,,2025-01-25 12:26:33.611919,"{""source"": ""partner"", ""archetype"": ""enterprise_evaluator""}"
sub_086e3cb44d04f2,cus_346892d8bb1eb8,11401,price_2b3f20c17d95f6,29900,Eur,year,active,2025-01-18 04:22:10.547517,2025-01-18 04:50:10.547517,2025-02-17 04:50:10.547517,False,,,,"{""source"": ""partner"", ""archetype"": ""enterprise_evaluator""}"
sub_704934e06b651e,cus_f52b8b142a938b,11410,price_6b5e2dbea01475,2900,USD,month,active,2025-02-04 02:13:32.419426,2025-02-04 02:33:32.419426,2025-03-06 02:33:32.419426,False,,2025-01-26 02:33:32.419426,,"{""source"": ""partner"", ""archetype"": ""engaged_free""}"
sub_475c02ccaf983e,cus_465c1e8fd3f29c,11414,price_12f8384058241a,2900,usd,year,active,2025-01-22 07:44:51.387251,2025-01-22 07:48:51.387251,2025-02-21 07:48:51.387251,False,,,2025-01-22 07:48:51.387251,"{""source"": ""organic"", ""archetype"": ""engaged_free""}"
sub_0239157190eac9,cus_89430ab6ad6b3a,11418,price_0b0d501a00131d,19900,eur,month,canceled,2025-01-05 14:38:58.901997,2025-01-05 14:45:58.901997,2025-02-04 14:45:58.901997,True,2025-01-11 14:50:25.005268,2024-12-24 14:45:58.901997,2025-01-05 14:45:58.901997,"{""source"": ""direct"", ""archetype"": ""enterprise_evaluator""}"
sub_90b0cabe82bf59,cus_a82b085ba07d5e,11425,price_0a06212697aac1,29900,GBP,year,active,2025-01-13 12:19:46.265569,2025-01-13 12:44:46.265569,2025-02-12 12:44:46.265569,False,,2025-01-03 12:44:46.265569,,"{""source"": ""direct"", ""archetype"": ""enterprise_evaluator""}"
sub_386d225bf4851b,cus_d3bea780b0219e,11449,price_baf0f6e0ac504e,4900,eur,month,active,2025-01-18 16:38:16.899150,2025-01-18 16:55:16.899150,2025-02-17 16:55:16.899150,False,,,,"{""source"": ""partner"", ""archetype"": ""engaged_free""}"
sub_dc2c24ac992b98,cus_25b3d28bf0b922,11452,price_1e830de60ade1a,4900,usd,year,past_due,2025-02-04 12:21:43.976774,2025-02-04 12:41:43.976774,2025-03-06 12:41:43.976774,False,,,,"{""source"": ""organic"", ""archetype"": ""engaged_free""}"
sub_b17553ac1355b4,cus_4bbfb992ab9bee,11461,price_1e07131dc26546,2900,Eur,year,past_due,2025-01-16 14:40:13.404915,2025-01-16 14:53:13.404915,2025-02-15 14:53:13.404915,False,,2025-01-03 14:53:13.404915,,"{""source"": ""google_ads"", ""archetype"": ""casual_explorer""}"
sub_a0f532c93b6681,cus_9a0c66abf04188,11468,price_8627273f6b5d88,2900,Eur,month,active,2025-01-16 10:54:57.226823,2025-01-16 11:01:57.226823,2025-02-15 11:01:57.226823,False,,,2025-01-16 11:01:57.226823,"{""source"": ""direct"", ""archetype"": ""engaged_free""}"
sub_619bce61a4af77,cus_a9d096dd8d3d56,11471,price_d61b8dde08f863,29900,gbp,month,active,2025-01-28 00:16:02.360801,2025-01-28 00:23:02.360801,2025-02-27 00:23:02.360801,False,,2025-01-15 00:23:02.360801,,"{""source"": ""organic"", ""archetype"": ""enterprise_evaluator""}"
sub_bb187b1d0ff33f,cus_e1f23ab98189d9,11482,price_bb9835af261601,29900,usd,month,active,2025-01-08 11:47:40.668764,2025-01-08 12:06:40.668764,2025-02-07 12:06:40.668764,False,,2024-12-28 12:06:40.668764,,"{""source"": ""google_ads"", ""archetype"": ""enterprise_evaluator""}"
sub_8bdbfeab7c696f,cus_9db5f1fe9b9854,11492,price_743a2d70141118,29900,USD,month,active,2025-01-30 12:35:32.899145,2025-01-30 12:52:32.899145,2025-03-01 12:52:32.899145,False,,2025-01-16 12:52:32.899145,,"{""source"": ""google_ads"", ""archetype"": ""power_user""}"
sub_bbc80e6e340fba,cus_e4e7b0c1506086,11508,price_73b82590358c80,4900,USD,month,active,2025-01-23 04:03:49.232313,2025-01-23 04:12:49.232313,2025-02-22 04:12:49.232313,False,,2025-01-12 04:12:49.232313,2025-01-23 04:12:49.232313,"{""source"": ""referral"", ""archetype"": ""engaged_free""}"
sub_b7e795604ac572,cus_f4149c12667f42,11511,price_5c9eff24c9cd58,19900,USD,month,active,2025-02-08 19:18:25.703454,2025-02-08 19:41:25.703454,2025-03-10 19:41:25.703454,False,,,,"{""source"": ""partner"", ""archetype"": ""power_user""}"
sub_5185674e2cf233,cus_e6938be5aaea61,11513,price_0ea5036f5315ef,29900,gbp,month,active,2025-01-14 04:52:14.648532,2025-01-14 05:09:14.648532,2025-02-13 05:09:14.648532,False,,2025-01-02 05:09:14.648532,,"{""source"": ""referral"", ""archetype"": ""enterprise_evaluator""}"
sub_937f4ed5926ed4,cus_e4cb9ed6e88481,11516,price_e9ef5e05eaabbf,19900,Eur,month,unpaid,2025-01-23 01:18:00.292489,2025-01-23 01:37:00.292489,2025-02-22 01:37:00.292489,False,,,,"{""source"": ""partner"", ""archetype"": ""power_user""}"
sub_8ff5959e19eb0b,cus_dcc8cd46897c12,11521,price_440717663962a8,2900,gbp,month,active,2025-01-18 13:02:41.983848,2025-01-18 13:18:41.983848,2025-02-17 13:18:41.983848,False,,,2025-01-18 13:18:41.983848,"{""source"": ""partner"", ""archetype"": ""engaged_free""}"
sub_015344a2c4abfe,cus_9b5eacce26edec,11524,price_2d19c1435a4d0a,2900,usd,month,active,2025-01-08 18:27:03.689993,2025-01-08 18:36:03.689993,2025-02-07 18:36:03.689993,False,,2024-12-30 18:36:03.689993,2025-01-08 18:36:03.689993,"{""source"": ""google_ads"", ""archetype"": ""engaged_free""}"
sub_f9d7033aa035c9,cus_d8193d0925f014,11535,price_96da1c099d6ed4,29900,usd,month,active,2025-03-05 11:12:36.046490,2025-03-05 11:14:36.046490,2025-04-04 11:14:36.046490,False,,,,"{""source"": ""google_ads"", ""archetype"": ""power_user""}"
sub_e8661d31c109d4,cus_d32cc8597179cf,11540,price_e453ad8b36ffbc,29900,gbp,month,active,2025-01-03 22:52:53.458184,2025-01-03 23:01:53.458184,2025-02-02 23:01:53.458184,False,,,2025-01-03 23:01:53.458184,"{""source"": ""linkedin"", ""archetype"": ""enterprise_evaluator""}"
sub_f04924cb73893e,cus_bfdddb58cefb7c,11543,price_878a437236eb42,9900,Eur,month,active,2025-02-01 11:59:08.015615,2025-02-01 12:00:08.015615,2025-03-03 12:00:08.015615,False,,,,"{""source"": ""linkedin"", ""archetype"": ""power_user""}"
sub_37cdfe69a68b1d,cus_f81b23af5fc088,11551,price_abff0e480007b7,19900,USD,month,active,2025-01-12 17:48:12.413341,2025-01-12 17:54:12.413341,2025-02-11 17:54:12.413341,False,,,,"{""source"": ""partner"", ""archetype"": ""power_user""}"
sub_7f27bdcff79934,cus_49e36df3bcb939,11558,price_83136946d874a9,19900,Eur,month,active,2025-01-26 20:13:21.256573,2025-01-26 20:27:21.256573,2025-02-25 20:27:21.256573,False,,,2025-01-26 20:27:21.256573,"{""source"": ""partner"", ""archetype"": ""enterprise_evaluator""}"
sub_c51a04e2f64b6d,cus_467b96e997925c,11560,price_06db20b39305bc,4900,gbp,year,unpaid,2025-03-20 02:56:48.749635,2025-03-20 03:25:48.749635,2025-04-19 03:25:48.749635,False,,,,"{""source"": ""google_ads"", ""archetype"": ""engaged_free""}"
sub_f3bff63efb96a8,cus_cdedf0740143f4,11563,price_c3101260f6200e,29900,GBP,month,active,2025-01-25 00:47:51.190550,2025-01-25 01:11:51.190550,2025-02-24 01:11:51.190550,False,,,2025-01-25 01:11:51.190550,"{""source"": ""partner"", ""archetype"": ""power_user""}"
sub_8191709009426c,cus_bd984905910262,11570,price_def73d8b3be776,2900,eur,month,active,2025-02-16 08:06:40.919003,2025-02-16 08:12:40.919003,2025-03-18 08:12:40.919003,False,,,2025-02-16 08:12:40.919003,"{""source"": ""direct"", ""archetype"": ""engaged_free""}"
sub_827eb398816a6c,cus_4b8fe604055675,11573,price_9f42964e7aab1d,29900,USD,year,active,2025-03-02 12:04:14.887639,2025-03-02 12:13:14.887639,2025-04-01 12:13:14.887639,False,,2025-02-19 12:13:14.887639,,"{""source"": ""partner"", ""archetype"": ""enterprise_evaluator""}"
sub_48636186eecf3e,cus_19ae6cd166f179,11577,price_81844fcff1a78b,9900,GBP,month,active,2025-02-09 11:51:20.788004,2025-02-09 12:03:20.788004,2025-03-11 12:03:20.788004,False,,,2025-02-09 12:03:20.788004,"{""source"": ""google_ads"", ""archetype"": ""power_user""}"
sub_9f1b722774e057,cus_b416465ad05d27,11579,price_77e5ef0f54c296,19900,Eur,year,active,2025-01-03 14:47:27.605475,2025-01-03 15:04:27.605475,2025-02-02 15:04:27.605475,False,,,,"{""source"": ""organic"", ""archetype"": ""enterprise_evaluator""}"
sub_f257d2fc73f45a,cus_3c427f0734afe3,11589,price_3bfd5275255593,2900,gbp,month,active,2025-02-04 04:34:10.556075,2025-02-04 04:44:10.556075,2025-03-06 04:44:10.556075,False,,,2025-02-04 04:44:10.556075,"{""source"": ""direct"", ""archetype"": ""engaged_free""}"
sub_b2228c1f7a603a,cus_117d821353dac0,11592,price_371128235ef053,19900,usd,month,active,2025-01-10 16:57:26.866838,2025-01-10 17:22:26.866838,2025-02-09 17:22:26.866838,False,,,,"{""source"": ""partner"", ""archetype"": ""enterprise_evaluator""}"
sub_887bafebaa92f6,cus_48240ceb77cf43,11597,price_ba2a1bcd2f10ce,19900,gbp,month,active,2025-01-03 06:56:05.154844,2025-01-03 06:58:05.154844,2025-02-02 06:58:05.154844,False,,,,"{""source"": ""direct"", ""archetype"": ""power_user""}"
sub_53ed12f6298872,cus_6e46f9dae0882e,11599,price_6f4d95858c136d,29900,USD,month,active,2025-02-02 05:02:01.717810,2025-02-02 05:25:01.717810,2025-03-04 05:25:01.717810,False,,,,"{""source"": ""linkedin"", ""archetype"": ""enterprise_evaluator""}"
sub_02e151cbd04309,cus_722cf686e4bd61,11600,price_246b9cef27ff69,29900,USD,month,active,2025-02-07 13:04:49.581013,2025-02-07 13:09:49.581013,2025-03-09 13:09:49.581013,False,,2025-01-31 13:09:49.581013,,"{""source"": ""referral"", ""archetype"": ""power_user""}"
sub_6e0a73cdc3bdfe,cus_6f25b1569f9a53,11603,price_79eb228808043c,9900,Eur,month,active,2025-03-03 12:35:52.201354,2025-03-03 12:48:52.201354,2025-04-02 12:48:52.201354,False,,,,"{""source"": ""partner"", ""archetype"": ""power_user""}"
sub_1dddc1742e4def,cus_6ba0bad58ac322,11607,price_eb49c2cf8c5476,4900,usd,year,active,2025-01-24 12:47:31.965515,2025-01-24 13:03:31.965515,2025-02-23 13:03:31.965515,False,,,,"{""source"": ""partner"", ""archetype"": ""engaged_free""}"
sub_e7dcf65ff8438f,cus_3232bceb5d4dc9,11612,price_12ecd6fc9449dc,9900,usd,month,active,2025-02-05 11:06:21.688149,2025-02-05 11:15:21.688149,2025-03-07 11:15:21.688149,False,,,,"{""source"": ""referral"", ""archetype"": ""power_user""}"
sub_7daacaf855bd6d,cus_0c0c6e9715a922,11619,price_3f136126fb917c,4900,eur,year,active,2025-01-23 07:42:03.387823,2025-01-23 08:05:03.387823,2025-02-22 08:05:03.387823,False,,,,"{""source"": ""linkedin"", ""archetype"": ""engaged_free""}"
sub_a71ee75573c9dc,cus_07972a91bf3e52,11622,price_5900b568fadebc,2900,GBP,month,unpaid,2025-02-05 20:49:35.405750,2025-02-05 21:08:35.405750,2025-03-07 21:08:35.405750,False,,,,"{""source"": ""direct"", ""archetype"": ""support_heavy""}"
sub_d1d0d72b5f7664,cus_a44d5102eb5583,11643,price_399fd4f6477d25,2900,usd,year,active,2025-01-21 21:29:08.783220,2025-01-21 21:30:08.783220,2025-02-20 21:30:08.783220,False,,2025-01-11 21:30:08.783220,2025-01-21 21:30:08.783220,"{""source"": ""direct"", ""archetype"": ""engaged_free""}"
sub_8317931173fb1f,cus_851f23521d1fc0,11648,price_cdb55fe3962e36,4900,GBP,year,active,2025-01-27 03:39:00.488880,2025-01-27 04:08:00.488880,2025-02-26 04:08:00.488880,False,,,,"{""source"": ""google_ads"", ""archetype"": ""engaged_free""}"
sub_15a549d3e0ce63,cus_52ad9502a40f0a,11650,price_cbe52415afc1a8,19900,eur,year,active,2025-02-18 16:41:06.548225,2025-02-18 16:56:06.548225,2025-03-20 16:56:06.548225,False,,2025-02-09 16:56:06.548225,,"{""source"": ""direct"", ""archetype"": ""power_user""}"
sub_fec26202fa5590,cus_9bf0680b6dd4d5,11654,price_308b9521261f3e,9900,gbp,month,active,2025-01-24 03:55:27.556261,2025-01-24 04:24:27.556261,2025-02-23 04:24:27.556261,False,,2025-01-14 04:24:27.556261,2025-01-24 04:24:27.556261,"{""source"": ""organic"", ""archetype"": ""power_user""}"
sub_25722a735c31e0,cus_e9444342775d42,11668,price_cbdb79360dfba3,9900,gbp,month,active,2025-01-23 08:28:03.377442,2025-01-23 08:56:03.377442,2025-02-22 08:56:03.377442,False,,,,"{""source"": ""linkedin"", ""archetype"": ""power_user""}"
sub_52a5a501ad2e40,cus_5dedc489b13397,11671,price_e1f2a66fac28b2,19900,gbp,month,active,2025-01-18 02:06:28.345914,2025-01-18 02:35:28.345914,2025-02-17 02:35:28.345914,False,,2025-01-11 02:35:28.345914,2025-01-18 02:35:28.345914,"{""source"": ""referral"", ""archetype"": ""enterprise_evaluator""}"
sub_94864151147094,cus_d0e28f037bcc86,11675,price_09ecf665179fd4,19900,GBP,month,active,2025-01-10 07:13:45.666911,2025-01-10 07:23:45.666911,2025-02-09 07:23:45.666911,False,,,2025-01-10 07:23:45.666911,"{""source"": ""google_ads"", ""archetype"": ""enterprise_evaluator""}"
sub_878649ec86a026,cus_c649181be4dda0,11684,price_19b75c898f31ce,29900,USD,month,active,2025-01-08 15:49:23.646285,2025-01-08 16:03:23.646285,2025-02-07 16:03:23.646285,False,,,,"{""source"": ""referral"", ""archetype"": ""enterprise_evaluator""}"
sub_42c7d8d2f37179,cus_b5adbf982a81b9,11685,price_668fd1ca34dd75,29900,GBP,month,unpaid,2025-01-28 17:51:51.866669,2025-01-28 17:57:51.866669,2025-02-27 17:57:51.866669,False,,,,"{""source"": ""google_ads"", ""archetype"": ""enterprise_evaluator""}"
sub_a47f3480efb6d9,cus_3ee689e9da8f48,11686,price_b65812acef2945,9900,USD,year,active,2025-01-17 01:51:41.903179,2025-01-17 02:13:41.903179,2025-02-16 02:13:41.903179,False,,2025-01-05 02:13:41.903179,2025-01-17 02:13:41.903179,"{""source"": ""referral"", ""archetype"": ""power_user""}"
sub_59c7b8539d5d08,cus_2665f04b85b8e3,11692,price_5c223f47650694,19900,usd,year,active,2025-01-10 20:39:10.426617,2025-01-10 20:59:10.426617,2025-02-09 20:59:10.426617,False,,,,"{""source"": ""direct"", ""archetype"": ""power_user""}"
sub_13e20241191a93,cus_e365bffc666f1a,11696,price_f81bd05800967c,19900,Eur,year,active,2025-02-07 19:30:24.579660,2025-02-07 19:36:24.579660,2025-03-09 19:36:24.579660,False,,,,"{""source"": ""direct"", ""archetype"": ""enterprise_evaluator""}"
sub_f6f752f4e5217d,cus_2ce54d17efe6db,11705,price_c4dff490330258,19900,eur,year,active,2025-01-26 23:24:30.322710,2025-01-26 23:32:30.322710,2025-02-25 23:32:30.322710,False,,,,"{""source"": ""google_ads"", ""archetype"": ""enterprise_evaluator""}"
sub_d6b571617a93e9,cus_a1f40cf286a937,11719,price_58460a696aa061,29900,GBP,month,active,2025-01-01 21:41:20.743090,2025-01-01 22:07:20.743090,2025-01-31 22:07:20.743090,False,,2024-12-20 22:07:20.743090,2025-01-01 22:07:20.743090,"{""source"": ""direct"", ""archetype"": ""enterprise_evaluator""}"
sub_81d9a300c1f01f,cus_e4659f8fc5d890,11722,price_439c23489b78db,29900,USD,month,canceled,2025-01-12 00:12:32.959247,2025-01-12 00:37:32.959247,2025-02-11 00:37:32.959247,True,2025-01-21 19:09:17.067013,,,"{""source"": ""linkedin"", ""archetype"": ""enterprise_evaluator""}"
sub_c0bbf1f9937eff,cus_8dacf77bcb25f2,11724,price_c5aa6dfdb8a4c7,29900,Eur,month,active,2025-02-08 23:25:45.928633,2025-02-08 23:54:45.928633,2025-03-10 23:54:45.928633,False,,2025-01-28 23:54:45.928633,,"{""source"": ""direct"", ""archetype"": ""power_user""}"
sub_fc39cfc88baa7e,cus_88297d465aed4c,11725,price_03fa967e0f99d6,29900,GBP,month,canceled,2025-01-23 15:43:34.087432,2025-01-23 15:59:34.087432,2025-02-22 15:59:34.087432,True,2025-02-06 05:49:35.808835,,,"{""source"": ""google_ads"", ""archetype"": ""enterprise_evaluator""}"
sub_8f4679b1c6a294,cus_d44772047b893a,11726,price_960bf1780c59e4,2900,Eur,month,active,2025-02-08 20:46:20.224015,2025-02-08 20:49:20.224015,2025-03-10 20:49:20.224015,False,,,,"{""source"": ""partner"", ""archetype"": ""engaged_free""}"
sub_d9440abc15e3a0,cus_c66ee74b487aef,11741,price_e79fcba99fafb2,19900,Eur,month,active,2025-02-10 22:20:46.921971,2025-02-10 22:26:46.921971,2025-03-12 22:26:46.921971,False,,,2025-02-10 22:26:46.921971,"{""source"": ""organic"", ""archetype"": ""power_user""}"
sub_12da24f276b423,cus_4f364a18ac00b3,11752,price_aef4eb65b2725a,29900,eur,month,active,2025-01-18 08:59:33.735957,2025-01-18 09:09:33.735957,2025-02-17 09:09:33.735957,False,,2025-01-08 09:09:33.735957,,"{""source"": ""direct"", ""archetype"": ""enterprise_evaluator""}"
sub_01d2d92c9bd32b,cus_8fff11489c10c4,11759,price_605f49e5df9256,4900,gbp,year,active,2025-01-30 15:47:46.432794,2025-01-30 15:48:46.432794,2025-03-01 15:48:46.432794,False,,2025-01-17 15:48:46.432794,,"{""source"": ""referral"", ""archetype"": ""engaged_free""}"
sub_35fca76bd90487,cus_c24fcf0226c473,11763,price_45b7085172049c,9900,usd,year,active,2025-01-15 13:36:47.335708,2025-01-15 13:52:47.335708,2025-02-14 13:52:47.335708,False,,,,"{""source"": ""referral"", ""archetype"": ""power_user""}"
sub_6c6f7ad543c75f,cus_32efd052f1a330,11769,price_9f7c0b7ec622d6,19900,eur,month,active,2025-01-09 13:36:44.630799,2025-01-09 13:51:44.630799,2025-02-08 13:51:44.630799,False,,,2025-01-09 13:51:44.630799,"{""source"": ""direct"", ""archetype"": ""enterprise_evaluator""}"
sub_b8b019f8ed2a85,cus_913fb43f3c1d52,11770,price_94d7005e034979,29900,Eur,month,active,2025-01-16 07:56:30.056417,2025-01-16 08:21:30.056417,2025-02-15 08:21:30.056417,False,,,2025-01-16 08:21:30.056417,"{""source"": ""organic"", ""archetype"": ""power_user""}"
sub_aba6570105038a,cus_abb28d6d3c5a07,11773,price_8eedbf479f26d7,19900,USD,month,unpaid,2025-01-20 19:28:41.993419,2025-01-20 19:47:41.993419,2025-02-19 19:47:41.993419,False,,,,"{""source"": ""partner"", ""archetype"": ""enterprise_evaluator""}"
sub_00014954832d3f,cus_bc17e304558ba2,11784,price_3199d59abbe9af,19900,gbp,month,active,2025-02-03 05:09:13.011719,2025-02-03 05:27:13.011719,2025-03-05 05:27:13.011719,False,,2025-01-20 05:27:13.011719,,"{""source"": ""referral"", ""archetype"": ""power_user""}"
sub_05948eb1655d48,cus_5813f90fb45cc0,11793,price_818cd50692cdb8,19900,GBP,month,active,2025-01-11 03:13:36.374418,2025-01-11 03:37:36.374418,2025-02-10 03:37:36.374418,False,,,,"{""source"": ""direct"", ""archetype"": ""enterprise_evaluator""}"
sub_fd40e82dfc0569,cus_40491d770b5640,11797,price_702f517cd9850a,19900,usd,month,active,2025-01-06 10:53:14.461114,2025-01-06 11:09:14.461114,2025-02-05 11:09:14.461114,False,,,,"{""source"": ""linkedin"", ""archetype"": ""power_user""}"
sub_5a0c93cc285c7b,cus_5c3b6d601147be,11802,price_5ae2b220ff5268,29900,USD,month,active,2025-01-19 20:21:10.708345,2025-01-19 20:26:10.708345,2025-02-18 20:26:10.708345,False,,2025-01-07 20:26:10.708345,,"{""source"": ""direct"", ""archetype"": ""enterprise_evaluator""}"
sub_1f7700c976b26b,cus_67078826252423,11827,price_bd518b9093cd31,2900,USD,month,past_due,2025-01-27 23:37:32.614103,2025-01-27 23:45:32.614103,2025-02-26 23:45:32.614103,False,,,2025-01-27 23:45:32.614103,"{""source"": ""organic"", ""archetype"": ""engaged_free""}"
sub_e87f1bfab5d87c,cus_cbb320ded85c89,11840,price_cec96d4117903a,19900,USD,month,active,2025-01-20 04:34:08.316602,2025-01-20 04:54:08.316602,2025-02-19 04:54:08.316602,False,,,,"{""source"": ""organic"", ""archetype"": ""enterprise_evaluator""}"
sub_1b314e629faf37,cus_a701a6fc3678d3,11845,price_4ee96b4635dd4e,29900,gbp,year,active,2025-01-24 14:05:57.258590,2025-01-24 14:35:57.258590,2025-02-23 14:35:57.258590,False,,,2025-01-24 14:35:57.258590,"{""source"": ""linkedin"", ""archetype"": ""power_user""}"
sub_8d856a2a5a896b,cus_d46725f3743211,11850,price_1692c685101baa,9900,usd,month,active,2025-01-19 21:22:31.360200,2025-01-19 21:25:31.360200,2025-02-18 21:25:31.360200,False,,2025-01-10 21:25:31.360200,,"{""source"": ""linkedin"", ""archetype"": ""power_user""}"
sub_76eb2d9f12dde7,cus_e2c826d6b2115e,11864,price_db6f5be386d027,4900,usd,month,canceled,2025-01-07 10:18:47.733735,2025-01-07 10:37:47.733735,2025-02-06 10:37:47.733735,True,2025-01-12 01:27:22.647930,,,"{""source"": ""direct"", ""archetype"": ""engaged_free""}"
sub_57e38be7eb9603,cus_d1edba4ce4565c,11876,price_534c5b60f90830,19900,usd,month,active,2025-01-09 11:56:27.125167,2025-01-09 11:57:27.125167,2025-02-08 11:57:27.125167,False,,2024-12-28 11:57:27.125167,2025-01-09 11:57:27.125167,"{""source"": ""direct"", ""archetype"": ""enterprise_evaluator""}"
sub_4441c7d69d596c,cus_9df1f7e510d38a,11882,price_6cbb124c4a3ebe,19900,gbp,year,active,2025-01-14 12:05:59.136477,2025-01-14 12:22:59.136477,2025-02-13 12:22:59.136477,False,,,,"{""source"": ""referral"", ""archetype"": ""enterprise_evaluator""}"
sub_04744c13e7411d,cus_3c7ca6c55d60f9,11885,price_52d37cbedb6fe8,29900,USD,year,active,2025-01-13 07:52:57.803268,2025-01-13 08:10:57.803268,2025-02-12 08:10:57.803268,False,,2024-12-30 08:10:57.803268,,"{""source"": ""organic"", ""archetype"": ""enterprise_evaluator""}"
sub_9c66235c1c2552,cus_a50e9599ca28b0,11892,price_39e70473540847,9900,eur,month,active,2025-02-06 13:11:19.396137,2025-02-06 13:26:19.396137,2025-03-08 13:26:19.396137,False,,,,"{""source"": ""referral"", ""archetype"": ""power_user""}"
sub_21b9a6d1f201d8,cus_29b91f17db7b27,11898,price_29993c1edc63d1,19900,USD,month,active,2025-01-22 06:18:06.947566,2025-01-22 06:34:06.947566,2025-02-21 06:34:06.947566,False,,,2025-01-22 06:34:06.947566,"{""source"": ""referral"", ""archetype"": ""enterprise_evaluator""}"
sub_3e5f7f3ddb8fb6,cus_e110690ccfdd71,11909,price_ca6318395a68ab,19900,USD,year,active,2025-02-05 19:48:51.611889,2025-02-05 20:02:51.611889,2025-03-07 20:02:51.611889,False,,,2025-02-05 20:02:51.611889,"{""source"": ""partner"", ""archetype"": ""enterprise_evaluator""}"
sub_c9636ea83199d9,cus_29fbb5c6a14383,11915,price_23a7dff01582ef,19900,Eur,month,past_due,2025-01-23 13:14:54.615115,2025-01-23 13:35:54.615115,2025-02-22 13:35:54.615115,False,,2025-01-12 13:35:54.615115,,"{""source"": ""linkedin"", ""archetype"": ""enterprise_evaluator""}"
sub_2d529d2c53a34b,cus_61d8fbc604f3a3,11933,price_5140fad4a9f902,29900,Eur,month,active,2025-02-04 15:31:25.604487,2025-02-04 15:32:25.604487,2025-03-06 15:32:25.604487,False,,,,"{""source"": ""linkedin"", ""archetype"": ""enterprise_evaluator""}"
sub_c3b47812f8755b,cus_8a21e1a91bf15e,11937,price_b4f24408c3f2c2,19900,eur,month,active,2025-01-23 15:00:28.119172,2025-01-23 15:22:28.119172,2025-02-22 15:22:28.119172,False,,2025-01-10 15:22:28.119172,,"{""source"": ""direct"", ""archetype"": ""power_user""}"
sub_a0bb569e6d746d,cus_eaf1d17107948e,11938,price_980ffe7d7596d2,29900,usd,month,active,2025-01-09 09:52:40.001953,2025-01-09 10:10:40.001953,2025-02-08 10:10:40.001953,False,,2024-12-27 10:10:40.001953,2025-01-09 10:10:40.001953,"{""source"": ""linkedin"", ""archetype"": ""enterprise_evaluator""}"
sub_75c6230b298fad,cus_6bee7b3d9a85ff,11943,price_166b5dbf4db317,19900,Eur,month,active,2025-01-25 21:55:20.220709,2025-01-25 22:15:20.220709,2025-02-24 22:15:20.220709,False,,,,"{""source"": ""google_ads"", ""archetype"": ""enterprise_evaluator""}"
sub_e4fc37fbd5662a,cus_c93a2f8798b1c8,11951,price_42d5aa68ef6943,9900,USD,year,active,2025-01-15 21:56:06.472733,2025-01-15 22:16:06.472733,2025-02-14 22:16:06.472733,False,,,,"{""source"": ""referral"", ""archetype"": ""power_user""}"
sub_ac8cd91021a515,cus_3ca1ff4dafae65,11961,price_c62614faa0778d,4900,Eur,year,active,2025-01-24 04:38:36.563585,2025-01-24 04:43:36.563585,2025-02-23 04:43:36.563585,False,,,,"{""source"": ""linkedin"", ""archetype"": ""engaged_free""}"
sub_873bab8e57d590,cus_1aeb9bae658949,11966,price_e7d38070d6bcdc,19900,USD,year,active,2025-01-28 14:56:19.088339,2025-01-28 15:23:19.088339,2025-02-27 15:23:19.088339,False,,2025-01-16 15:23:19.088339,2025-01-28 15:23:19.088339,"{""source"": ""partner"", ""archetype"": ""power_user""}"
sub_a8a8750154a798,cus_115ca1a4048b95,11971,price_daf2968d6d2cf6,9900,GBP,month,active,2025-01-10 02:22:37.365349,2025-01-10 02:36:37.365349,2025-02-09 02:36:37.365349,False,,,,"{""source"": ""linkedin"", ""archetype"": ""power_user""}"
sub_7e7e503b0b6db8,cus_26373e9b7a9367,11973,price_4dfd7301b5712b,19900,USD,month,active,2025-01-31 18:15:24.459937,2025-01-31 18:44:24.459937,2025-03-02 18:44:24.459937,False,,,2025-01-31 18:44:24.459937,"{""source"": ""linkedin"", ""archetype"": ""power_user""}"
sub_6422e70cac41a0,cus_72b41f62a3cd18,11980,price_c9f06b6df42671,19900,USD,month,active,2025-03-09 00:15:11.859467,2025-03-09 00:41:11.859467,2025-04-08 00:41:11.859467,False,,2025-02-28 00:41:11.859467,2025-03-09 00:41:11.859467,"{""source"": ""referral"", ""archetype"": ""enterprise_evaluator""}"
sub_3545dba869813e,cus_11680f37f3b08b,11986,price_dc203daaeec9fe,19900,USD,month,active,2025-02-24 01:08:46.626061,2025-02-24 01:13:46.626061,2025-03-26 01:13:46.626061,False,,,,"{""source"": ""linkedin"", ""archetype"": ""enterprise_evaluator""}"
sub_42990ba8f01b8f,cus_af7e08b8499530,11993,price_dc1b39b37c0670,4900,usd,year,active,2025-01-18 19:52:44.805338,2025-01-18 20:15:44.805338,2025-02-17 20:15:44.805338,False,,2025-01-05 20:15:44.805338,,"{""source"": ""referral"", ""archetype"": ""engaged_free""}"
sub_5e2960fed38c93,cus_22e28403af3488,11995,price_eda0e2667f9572,29900,GBP,month,active,2025-02-03 06:10:49.632613,2025-02-03 06:32:49.632613,2025-03-05 06:32:49.632613,False,,,,"{""source"": ""direct"", ""archetype"": ""power_user""}"
sub_ee8bf05ebefb77,cus_e7e543a673ebf8,12004,price_0055ef9ea8e0b6,9900,gbp,month,active,2025-01-25 04:34:10.862064,2025-01-25 04:50:10.862064,2025-02-24 04:50:10.862064,False,,2025-01-18 04:50:10.862064,2025-01-25 04:50:10.862064,"{""source"": ""linkedin"", ""archetype"": ""power_user""}"
sub_145aacba4de3f5,cus_9cb6b5cbd37eb8,12012,price_b25c03d071e6a0,19900,USD,month,active,2025-01-16 02:05:03.654643,2025-01-16 02:16:03.654643,2025-02-15 02:16:03.654643,False,,,2025-01-16 02:16:03.654643,"{""source"": ""partner"", ""archetype"": ""enterprise_evaluator""}"
sub_adef4ebb1dfde5,cus_e4d1cd734c776b,12019,price_9e1606ab5d3624,4900,gbp,month,active,2025-01-24 06:12:16.493341,2025-01-24 06:25:16.493341,2025-02-23 06:25:16.493341,False,,,,"{""source"": ""direct"", ""archetype"": ""engaged_free""}"
sub_aeb3f04270afeb,cus_d3ce0b6f075916,12020,price_c46ea2a92bf591,19900,gbp,month,active,2025-01-11 12:47:54.055101,2025-01-11 13:04:54.055101,2025-02-10 13:04:54.055101,False,,,,"{""source"": ""organic"", ""archetype"": ""enterprise_evaluator""}"
sub_a4d0e7aea22ceb,cus_02fd2a11f9bf9e,12026,price_cce231a3dc2e78,19900,gbp,month,active,2025-01-18 05:38:00.877530,2025-01-18 06:00:00.877530,2025-02-17 06:00:00.877530,False,,,,"{""source"": ""google_ads"", ""archetype"": ""power_user""}"
sub_ac86b8c8e6e3b0,cus_78cb2f283fe8ba,12034,price_bf68569ce70fe9,9900,usd,month,active,2025-01-06 19:37:13.505201,2025-01-06 19:51:13.505201,2025-02-05 19:51:13.505201,False,,,2025-01-06 19:51:13.505201,"{""source"": ""organic"", ""archetype"": ""power_user""}"
sub_e798cfa32b0454,cus_8ec5eeffbe1364,12038,price_e1e0097d962977,19900,GBP,month,active,2025-02-15 15:12:49.205090,2025-02-15 15:21:49.205090,2025-03-17 15:21:49.205090,False,,,2025-02-15 15:21:49.205090,"{""source"": ""google_ads"", ""archetype"": ""power_user""}"
sub_eb01ce1429e506,cus_a2c3c928e1c60c,12044,price_3e3de68158250d,19900,usd,year,active,2025-01-07 05:27:34.318924,2025-01-07 05:52:34.318924,2025-02-06 05:52:34.318924,False,,,,"{""source"": ""google_ads"", ""archetype"": ""power_user""}"
sub_c570c23db206a4,cus_02acce85abe4a7,12054,price_195fed4a5af194,2900,gbp,month,canceled,2025-01-17 13:05:50.934784,2025-01-17 13:14:50.934784,2025-02-16 13:14:50.934784,True,2025-01-24 19:40:15.495717,2025-01-03 13:14:50.934784,2025-01-17 13:14:50.934784,"{""source"": ""google_ads"", ""archetype"": ""engaged_free""}"
sub_49e41de886221e,cus_6d5d0abe6cab02,12065,price_5040c87560fb72,9900,GBP,month,active,2025-01-12 00:17:40.682822,2025-01-12 00:25:40.682822,2025-02-11 00:25:40.682822,False,,,,"{""source"": ""partner"", ""archetype"": ""power_user""}"
sub_39dce34f59d9a9,cus_818e656cbf6907,12066,price_fff402966b4af7,4900,GBP,year,active,2025-01-26 10:15:20.146548,2025-01-26 10:26:20.146548,2025-02-25 10:26:20.146548,False,,,,"{""source"": ""direct"", ""archetype"": ""engaged_free""}"
sub_f5d41160ae8a36,cus_3beefd0781ac08,12071,price_6d819cb7db2548,29900,gbp,month,active,2025-02-10 15:52:55.553668,2025-02-10 15:56:55.553668,2025-03-12 15:56:55.553668,False,,,,"{""source"": ""direct"", ""archetype"": ""enterprise_evaluator""}"
sub_b546a47bbca109,cus_fc861bee050bf5,12074,price_9268f6cc8ac325,19900,GBP,year,past_due,2025-01-30 22:21:25.077957,2025-01-30 22:34:25.077957,2025-03-01 22:34:25.077957,False,,,2025-01-30 22:34:25.077957,"{""source"": ""partner"", ""archetype"": ""enterprise_evaluator""}"
sub_304031d4cc6cbc,cus_5996b92044ca2b,12078,price_484724a70ebf18,29900,GBP,month,active,2025-01-29 18:34:17.002802,2025-01-29 18:43:17.002802,2025-02-28 18:43:17.002802,False,,2025-01-15 18:43:17.002802,2025-01-29 18:43:17.002802,"{""source"": ""direct"", ""archetype"": ""power_user""}"
sub_19eeec16fff4ae,cus_9a5f1d161ec085,12085,price_cbdcec6a990e34,19900,USD,year,active,2025-01-11 07:14:19.766923,2025-01-11 07:26:19.766923,2025-02-10 07:26:19.766923,False,,2025-01-01 07:26:19.766923,2025-01-11 07:26:19.766923,"{""source"": ""linkedin"", ""archetype"": ""enterprise_evaluator""}"
sub_1f7664116b07cb,cus_fb0bd111342048,12087,price_e635b1c9cc27ae,19900,usd,month,active,2025-01-30 00:49:18.331782,2025-01-30 01:12:18.331782,2025-03-01 01:12:18.331782,False,,,,"{""source"": ""partner"", ""archetype"": ""enterprise_evaluator""}"
sub_7074c1a58ae25b,cus_0a192befb25d88,12091,price_5dc064cbbce8c2,2900,Eur,month,active,2025-01-24 05:03:26.596884,2025-01-24 05:08:26.596884,2025-02-23 05:08:26.596884,False,,,,"{""source"": ""organic"", ""archetype"": ""engaged_free""}"
sub_3860fd5415a389,cus_9a25a897514dfb,12094,price_62fa1e1a895754,9900,GBP,year,active,2025-01-18 08:28:33.260996,2025-01-18 08:42:33.260996,2025-02-17 08:42:33.260996,False,,,,"{""source"": ""organic"", ""archetype"": ""power_user""}"
sub_384e950ad917f2,cus_243cce9d182a5d,12095,price_c3da3dce4fe98e,29900,GBP,month,active,2025-01-26 19:38:38.078591,2025-01-26 19:43:38.078591,2025-02-25 19:43:38.078591,False,,,,"{""source"": ""google_ads"", ""archetype"": ""enterprise_evaluator""}"
sub_3e035f29453f73,cus_6cf143f655fe3b,12097,price_ae73cd65a14a20,2900,gbp,month,active,2025-01-11 00:23:35.875197,2025-01-11 00:40:35.875197,2025-02-10 00:40:35.875197,False,,,,"{""source"": ""partner"", ""archetype"": ""engaged_free""}"
sub_93b0a24edc6886,cus_b568b9aa9973a0,12101,price_0dca6ebedd198c,19900,gbp,month,active,2025-01-17 06:50:12.461370,2025-01-17 07:10:12.461370,2025-02-16 07:10:12.461370,False,,,,"{""source"": ""google_ads"", ""archetype"": ""power_user""}"
sub_dce9c5f5e25b64,cus_c4fd73df38d75d,12109,price_1f14495b48f14c,4900,usd,year,active,2025-02-28 18:35:27.799997,2025-02-28 18:56:27.799997,2025-03-30 18:56:27.799997,False,,2025-02-18 18:56:27.799997,,"{""source"": ""partner"", ""archetype"": ""engaged_free""}"
sub_3bda018c469509,cus_dc2c87e073eeb4,12112,price_b494c44d8dfadd,29900,eur,month,active,2025-01-22 02:46:09.727900,2025-01-22 02:55:09.727900,2025-02-21 02:55:09.727900,False,,,2025-01-22 02:55:09.727900,"{""source"": ""google_ads"", ""archetype"": ""power_user""}"
sub_524e45bd7ab7c2,cus_1fb1034641d8e1,12118,price_29402340de5a75,19900,usd,month,active,2025-01-22 02:21:49.350606,2025-01-22 02:33:49.350606,2025-02-21 02:33:49.350606,False,,2025-01-14 02:33:49.350606,,"{""source"": ""google_ads"", ""archetype"": ""power_user""}"
sub_ebf29b2fa6c83a,cus_9fbc198d5d0217,12122,price_a915a8dc0c3910,29900,gbp,month,active,2025-01-12 07:23:01.895597,2025-01-12 07:35:01.895597,2025-02-11 07:35:01.895597,False,,,,"{""source"": ""organic"", ""archetype"": ""enterprise_evaluator""}"
sub_fc4398c6c11d1b,cus_25669719b79336,12129,price_8fadc701f27c32,9900,GBP,year,active,2025-01-24 00:15:11.150846,2025-01-24 00:31:11.150846,2025-02-23 00:31:11.150846,False,,2025-01-14 00:31:11.150846,2025-01-24 00:31:11.150846,"{""source"": ""referral"", ""archetype"": ""power_user""}"
sub_60aa6c017738dc,cus_7c516a68806420,12137,price_7e82a8572fb5e0,2900,eur,month,canceled,2025-03-01 06:27:03.220417,2025-03-01 06:40:03.220417,2025-03-31 06:40:03.220417,True,2025-03-06 12:33:14.755431,,,"{""source"": ""organic"", ""archetype"": ""support_heavy""}"
sub_1e9fe119e472b1,cus_4f5caafd8233c9,12139,price_c570131a5f2026,4900,usd,month,active,2025-01-06 18:09:21.705811,2025-01-06 18:31:21.705811,2025-02-05 18:31:21.705811,False,,,,"{""source"": ""organic"", ""archetype"": ""engaged_free""}"
sub_41a4bcf0a62def,cus_94f8958d11f902,12140,price_756547f00b4b35,29900,usd,month,active,2025-01-20 01:06:56.867610,2025-01-20 01:15:56.867610,2025-02-19 01:15:56.867610,False,,,2025-01-20 01:15:56.867610,"{""source"": ""direct"", ""archetype"": ""power_user""}"
sub_b28e415b4f0366,cus_20ff82c014eb19,12142,price_9fe8fa4b16dab6,19900,GBP,month,active,2025-01-26 15:30:18.246562,2025-01-26 15:34:18.246562,2025-02-25 15:34:18.246562,False,,,2025-01-26 15:34:18.246562,"{""source"": ""referral"", ""archetype"": ""enterprise_evaluator""}"
sub_41c835bcd6eed2,cus_fbe82e58a5a7c6,12143,price_9c17e1930451cf,4900,eur,month,active,2025-02-21 01:09:22.803850,2025-02-21 01:18:22.803850,2025-03-23 01:18:22.803850,False,,2025-02-08 01:18:22.803850,,"{""source"": ""referral"", ""archetype"": ""engaged_free""}"
sub_69c9d6c4c0e2e0,cus_deac53e8200afb,12144,price_bf0c79120c93a7,19900,USD,month,active,2025-01-25 01:07:40.678732,2025-01-25 01:16:40.678732,2025-02-24 01:16:40.678732,False,,2025-01-18 01:16:40.678732,2025-01-25 01:16:40.678732,"{""source"": ""referral"", ""archetype"": ""power_user""}"
sub_ce5948dd10c10f,cus_08c276ceabee89,12157,price_47c4122a2ac2ad,2900,eur,month,active,2025-02-06 05:27:37.288680,2025-02-06 05:47:37.288680,2025-03-08 05:47:37.288680,False,,,,"{""source"": ""partner"", ""archetype"": ""engaged_free""}"
sub_3a7ff3e9e7c191,cus_7de1162e05954f,12165,price_2249d2a25c472a,9900,gbp,year,active,2025-01-25 23:20:07.485592,2025-01-25 23:45:07.485592,2025-02-24 23:45:07.485592,False,,2025-01-15 23:45:07.485592,,"{""source"": ""linkedin"", ""archetype"": ""power_user""}"
sub_25082ad18e33f8,cus_e4d62efbf239a2,12167,price_88a54125620195,19900,usd,month,active,2025-01-17 12:38:39.693977,2025-01-17 13:05:39.693977,2025-02-16 13:05:39.693977,False,,2025-01-04 13:05:39.693977,2025-01-17 13:05:39.693977,"{""source"": ""partner"", ""archetype"": ""power_user""}"
sub_be562a8adf17cc,cus_8786e68eb7e165,12184,price_f74f9f404b4b15,19900,gbp,month,active,2025-02-06 10:30:12.541323,2025-02-06 10:38:12.541323,2025-03-08 10:38:12.541323,False,,,,"{""source"": ""referral"", ""archetype"": ""enterprise_evaluator""}"
sub_aece7031e6dbcc,cus_868a0a218673ac,12191,price_2111e4d1a49ea5,2900,gbp,month,active,2025-01-08 12:45:51.420618,2025-01-08 13:15:51.420618,2025-02-07 13:15:51.420618,False,,2024-12-25 13:15:51.420618,,"{""source"": ""organic"", ""archetype"": ""casual_explorer""}"
sub_b5c25ab3d6cc51,cus_ddae63438dfc64,12193,price_61b75ec2b42e21,9900,Eur,month,active,2025-01-11 02:09:11.282387,2025-01-11 02:34:11.282387,2025-02-10 02:34:11.282387,False,,,,"{""source"": ""google_ads"", ""archetype"": ""power_user""}"
sub_5c4fb12394d006,cus_8f8c9fcdfa4e73,12202,price_244ab009336d4a,9900,GBP,month,active,2025-01-09 03:38:38.535504,2025-01-09 03:58:38.535504,2025-02-08 03:58:38.535504,False,,,,"{""source"": ""organic"", ""archetype"": ""power_user""}"
sub_5a7fa03e9bdaf9,cus_c3c1d9223d684e,12211,price_d20450b6b9b629,19900,usd,month,active,2025-02-03 09:27:32.527076,2025-02-03 09:48:32.527076,2025-03-05 09:48:32.527076,False,,2025-01-23 09:48:32.527076,,"{""source"": ""referral"", ""archetype"": ""power_user""}"
sub_8790c0f731fcf9,cus_de6cae45b872e3,12241,price_2db53f334e885f,19900,usd,year,active,2025-01-07 19:04:40.020308,2025-01-07 19:15:40.020308,2025-02-06 19:15:40.020308,False,,,2025-01-07 19:15:40.020308,"{""source"": ""direct"", ""archetype"": ""enterprise_evaluator""}"
sub_d7f97c614990f1,cus_ba77c0d6dea040,12249,price_7b55294b8457e2,19900,Eur,year,active,2025-01-19 18:08:02.751611,2025-01-19 18:20:02.751611,2025-02-18 18:20:02.751611,False,,,,"{""source"": ""linkedin"", ""archetype"": ""power_user""}"
sub_9ce041de65573d,cus_f94a2da29f6d90,12260,price_c341bf280e54ac,29900,usd,year,active,2025-01-26 10:36:42.225104,2025-01-26 10:40:42.225104,2025-02-25 10:40:42.225104,False,,2025-01-17 10:40:42.225104,,"{""source"": ""partner"", ""archetype"": ""enterprise_evaluator""}"
sub_65e1f0e83903cd,cus_b4774ae8b7f16d,12267,price_51f5ae8621c6cc,19900,gbp,month,active,2025-01-19 06:14:19.784936,2025-01-19 06:40:19.784936,2025-02-18 06:40:19.784936,False,,,2025-01-19 06:40:19.784936,"{""source"": ""organic"", ""archetype"": ""enterprise_evaluator""}"
sub_d423401efa5827,cus_4fec34ce20dd36,12271,price_39af4f5edd05c9,2900,gbp,month,active,2025-01-14 04:47:54.436078,2025-01-14 05:12:54.436078,2025-02-13 05:12:54.436078,False,,,2025-01-14 05:12:54.436078,"{""source"": ""google_ads"", ""archetype"": ""engaged_free""}"
sub_8cfbb191ade0c1,cus_57f1c5a50d17f5,12277,price_2e8ef638966820,29900,gbp,year,active,2025-01-20 05:29:09.597397,2025-01-20 05:48:09.597397,2025-02-19 05:48:09.597397,False,,,2025-01-20 05:48:09.597397,"{""source"": ""partner"", ""archetype"": ""power_user""}"
sub_ee1dc33f5c3aef,cus_88d9b45bd024d7,12287,price_71f91044d11e38,19900,USD,month,active,2025-01-13 20:52:50.964888,2025-01-13 21:06:50.964888,2025-02-12 21:06:50.964888,False,,2025-01-01 21:06:50.964888,2025-01-13 21:06:50.964888,"{""source"": ""organic"", ""archetype"": ""enterprise_evaluator""}"
sub_9d9f8c9e134c24,cus_d48896360f0c2b,12293,price_7d87a4f938b256,29900,eur,month,active,2025-02-07 06:32:30.208738,2025-02-07 06:41:30.208738,2025-03-09 06:41:30.208738,False,,,,"{""source"": ""organic"", ""archetype"": ""power_user""}"
sub_f4843902f0105e,cus_afcc0ce492d95f,12295,price_e94602b9c1f538,2900,GBP,year,active,2025-01-23 13:34:27.349574,2025-01-23 13:57:27.349574,2025-02-22 13:57:27.349574,False,,,,"{""source"": ""google_ads"", ""archetype"": ""engaged_free""}"
sub_e73111bb2ad458,cus_a13e30996cff44,12308,price_d1147510c94e16,19900,GBP,month,active,2025-02-28 15:51:24.397691,2025-02-28 16:06:24.397691,2025-03-30 16:06:24.397691,False,,,2025-02-28 16:06:24.397691,"{""source"": ""direct"", ""archetype"": ""enterprise_evaluator""}"
sub_c7a8cd067e0061,cus_db8076a75598bc,12341,price_a21c50632d68d8,29900,gbp,month,active,2025-01-20 12:36:03.652682,2025-01-20 12:49:03.652682,2025-02-19 12:49:03.652682,False,,,,"{""source"": ""google_ads"", ""archetype"": ""power_user""}"
sub_ca845afbac4a9c,cus_b1bfaa960e8a63,12350,price_8bacdc359946aa,29900,GBP,month,active,2025-02-06 16:22:25.055784,2025-02-06 16:26:25.055784,2025-03-08 16:26:25.055784,False,,,2025-02-06 16:26:25.055784,"{""source"": ""direct"", ""archetype"": ""power_user""}"
sub_26b01bb0bf651f,cus_8c0278d450bfb2,12353,price_bf18c61451149b,29900,USD,month,active,2025-01-19 18:59:56.000061,2025-01-19 19:06:56.000061,2025-02-18 19:06:56.000061,False,,,,"{""source"": ""direct"", ""archetype"": ""enterprise_evaluator""}"
sub_894ce13e80f3e1,cus_503c20a22ec9a4,12354,price_08c08e7fe2a0c2,19900,usd,year,active,2025-02-08 12:43:57.624037,2025-02-08 12:50:57.624037,2025-03-10 12:50:57.624037,False,,,,"{""source"": ""google_ads"", ""archetype"": ""enterprise_evaluator""}"
sub_80273cab8fda38,cus_8f376f9b13f86c,12362,price_ccf2acb2fe68b1,29900,usd,month,active,2025-01-24 22:38:42.122015,2025-01-24 22:56:42.122015,2025-02-23 22:56:42.122015,False,,,,"{""source"": ""referral"", ""archetype"": ""enterprise_evaluator""}"
sub_dc1e21bcc3ebc0,cus_ff7e2d338decd7,12365,price_0239cd86c0a4bc,4900,eur,month,active,2025-01-18 16:28:20.010496,2025-01-18 16:56:20.010496,2025-02-17 16:56:20.010496,False,,,,"{""source"": ""google_ads"", ""archetype"": ""engaged_free""}"
sub_5e04910c719d24,cus_689195d9dcf6fe,12389,price_147de84115de9f,19900,usd,month,active,2025-01-02 10:09:26.484757,2025-01-02 10:34:26.484757,2025-02-01 10:34:26.484757,False,,,,"{""source"": ""direct"", ""archetype"": ""power_user""}"
sub_24b4c8f99b28c1,cus_93940fc3b90fe1,12394,price_73eaf05c0e2571,29900,gbp,year,active,2025-01-18 02:34:15.819978,2025-01-18 02:44:15.819978,2025-02-17 02:44:15.819978,False,,,,"{""source"": ""google_ads"", ""archetype"": ""enterprise_evaluator""}"
sub_5cc76f8d46a5b2,cus_d44435a3688dee,12398,price_96b7a69cd5f364,4900,usd,month,active,2025-02-01 12:22:30.678683,2025-02-01 12:34:30.678683,2025-03-03 12:34:30.678683,False,,,,"{""source"": ""referral"", ""archetype"": ""engaged_free""}"
sub_323158c0fb1d66,cus_d04a1409329eb7,12400,price_eef859c4e9693d,19900,usd,month,active,2025-02-05 07:46:32.926078,2025-02-05 07:50:32.926078,2025-03-07 07:50:32.926078,False,,,,"{""source"": ""organic"", ""archetype"": ""enterprise_evaluator""}"
sub_344b60ee9b12f6,cus_50cf510ecb292b,12401,price_a6b3617dc3ab7a,19900,USD,month,active,2025-01-06 02:47:09.253166,2025-01-06 03:16:09.253166,2025-02-05 03:16:09.253166,False,,,,"{""source"": ""organic"", ""archetype"": ""power_user""}"
sub_1fae21d84f7022,cus_71c4f0aac810fb,12406,price_089483ba9ad50b,2900,usd,year,active,2025-01-29 05:40:44.957283,2025-01-29 05:48:44.957283,2025-02-28 05:48:44.957283,False,,2025-01-22 05:48:44.957283,2025-01-29 05:48:44.957283,"{""source"": ""google_ads"", ""archetype"": ""engaged_free""}"
sub_807e1f362f5682,cus_a179ed485a63d9,12430,price_d00e88d62f1a1d,9900,usd,year,active,2025-01-30 03:30:07.251145,2025-01-30 03:36:07.251145,2025-03-01 03:36:07.251145,False,,,,"{""source"": ""referral"", ""archetype"": ""power_user""}"
sub_6ef37339c383dc,cus_ccfd1634b78f6f,12445,price_b0b92bf5ac1178,29900,usd,month,past_due,2025-01-08 06:52:59.503156,2025-01-08 06:58:59.503156,2025-02-07 06:58:59.503156,False,,,2025-01-08 06:58:59.503156,"{""source"": ""direct"", ""archetype"": ""enterprise_evaluator""}"
sub_7676bea9e33373,cus_d10085255a7fd6,12448,price_68c2389e233aa2,19900,USD,month,active,2025-01-19 15:52:42.515361,2025-01-19 16:09:42.515361,2025-02-18 16:09:42.515361,False,,,,"{""source"": ""partner"", ""archetype"": ""enterprise_evaluator""}"
sub_5471b6c64b4585,cus_2f8380064146b0,12459,price_e48fcef16952a3,4900,eur,month,unpaid,2025-02-23 09:38:12.165666,2025-02-23 10:06:12.165666,2025-03-25 10:06:12.165666,False,,,,"{""source"": ""google_ads"", ""archetype"": ""support_heavy""}"
sub_6dfdf88a8d80ee,cus_08f33230d2b717,12464,price_025d99b9e32edf,29900,GBP,month,active,2025-02-11 12:40:53.522068,2025-02-11 12:59:53.522068,2025-03-13 12:59:53.522068,False,,,2025-02-11 12:59:53.522068,"{""source"": ""linkedin"", ""archetype"": ""power_user""}"
sub_f3cbcf87049799,cus_178d36fd7f15c3,12467,price_242477e2bff116,4900,eur,month,unpaid,2025-01-08 13:08:48.586442,2025-01-08 13:26:48.586442,2025-02-07 13:26:48.586442,False,,,2025-01-08 13:26:48.586442,"{""source"": ""google_ads"", ""archetype"": ""engaged_free""}"
sub_85581ed814a8c3,cus_84c23e295a5a43,12472,price_ea5728868b62b2,9900,Eur,month,active,2025-01-12 09:19:29.439252,2025-01-12 09:42:29.439252,2025-02-11 09:42:29.439252,False,,2025-01-04 09:42:29.439252,,"{""source"": ""direct"", ""archetype"": ""power_user""}"
sub_3358412b5f3539,cus_d22d8b259e449d,12473,price_b07cfa8fc72f12,19900,GBP,month,active,2025-02-07 09:37:30.818968,2025-02-07 09:45:30.818968,2025-03-09 09:45:30.818968,False,,,,"{""source"": ""google_ads"", ""archetype"": ""enterprise_evaluator""}"
sub_b511e4a5e9ba75,cus_d675396c34898f,12477,price_4bfbfb0f8eeba8,29900,GBP,year,active,2025-01-13 15:23:09.631673,2025-01-13 15:31:09.631673,2025-02-12 15:31:09.631673,False,,2025-01-05 15:31:09.631673,,"{""source"": ""linkedin"", ""archetype"": ""enterprise_evaluator""}"
sub_ffdb20354e633d,cus_861745b22366ae,12491,price_6048ade9eb4e0f,9900,USD,month,active,2025-01-09 14:12:40.721709,2025-01-09 14:30:40.721709,2025-02-08 14:30:40.721709,False,,,,"{""source"": ""referral"", ""archetype"": ""power_user""}"
sub_f75fec4dd6063e,cus_c3aa8799a7bc23,12493,price_5eb448aecb1371,9900,GBP,month,active,2025-01-12 06:16:00.491032,2025-01-12 06:41:00.491032,2025-02-11 06:41:00.491032,False,,2024-12-30 06:41:00.491032,,"{""source"": ""organic"", ""archetype"": ""power_user""}"
sub_b3b111a72fe6b3,cus_5035a8d7f3b77c,12502,price_4cfdc83bd16516,19900,gbp,month,active,2025-01-18 03:01:21.931143,2025-01-18 03:31:21.931143,2025-02-17 03:31:21.931143,False,,2025-01-10 03:31:21.931143,2025-01-18 03:31:21.931143,"{""source"": ""partner"", ""archetype"": ""power_user""}"
sub_71a806ade4c398,cus_be8dc854cef85f,12505,price_1d08162f9733f3,29900,Eur,month,active,2025-01-20 09:57:43.975578,2025-01-20 10:16:43.975578,2025-02-19 10:16:43.975578,False,,,,"{""source"": ""google_ads"", ""archetype"": ""power_user""}"
sub_5af40459e98a52,cus_52e768103bad7b,12506,price_88e6ff70267c82,9900,GBP,month,active,2025-01-05 23:28:46.370573,2025-01-05 23:30:46.370573,2025-02-04 23:30:46.370573,False,,2024-12-26 23:30:46.370573,,"{""source"": ""direct"", ""archetype"": ""power_user""}"
sub_9e8b25cc5c6cda,cus_7635761685f5af,12530,price_82fa104937091c,4900,GBP,month,active,2025-01-19 05:51:02.162212,2025-01-19 06:04:02.162212,2025-02-18 06:04:02.162212,False,,,2025-01-19 06:04:02.162212,"{""source"": ""organic"", ""archetype"": ""engaged_free""}"
sub_2c51cc8e556629,cus_2d941b9c87d9fa,12535,price_84b25c4f38a9ff,9900,gbp,year,unpaid,2025-01-15 21:47:07.582412,2025-01-15 22:07:07.582412,2025-02-14 22:07:07.582412,False,,,,"{""source"": ""partner"", ""archetype"": ""power_user""}"
sub_d5a13d4ebd9e2c,cus_b56611fae1cc81,12551,price_0e0b4f4468220a,9900,USD,month,active,2025-01-23 11:46:07.912961,2025-01-23 12:11:07.912961,2025-02-22 12:11:07.912961,False,,,,"{""source"": ""partner"", ""archetype"": ""power_user""}"
sub_0b51d2712aa5eb,cus_25d7b18434a4a5,12552,price_cb91f9628ee0a4,9900,Eur,month,active,2025-02-06 20:47:20.471744,2025-02-06 20:50:20.471744,2025-03-08 20:50:20.471744,False,,,,"{""source"": ""linkedin"", ""archetype"": ""power_user""}"
sub_960eeaedf51d56,cus_a37cbfec6d8253,12555,price_4cce404ccf3060,29900,USD,month,active,2025-01-27 15:39:46.564410,2025-01-27 15:56:46.564410,2025-02-26 15:56:46.564410,False,,,,"{""source"": ""organic"", ""archetype"": ""enterprise_evaluator""}"
sub_a9c4f13328fb13,cus_5ebe87a10887f7,12558,price_3154dfa972b488,29900,Eur,month,active,2025-01-16 01:32:49.577776,2025-01-16 01:36:49.577776,2025-02-15 01:36:49.577776,False,,2025-01-07 01:36:49.577776,,"{""source"": ""google_ads"", ""archetype"": ""enterprise_evaluator""}"
sub_c23a2f3a58b180,cus_853683d313a4f0,12577,price_cfbb017243b141,19900,usd,month,active,2025-02-05 11:36:58.331964,2025-02-05 12:01:58.331964,2025-03-07 12:01:58.331964,False,,,,"{""source"": ""direct"", ""archetype"": ""enterprise_evaluator""}"
sub_327808e8e33e48,cus_b1131dfc07ab15,12578,price_22075d4ffb1b0d,29900,gbp,month,active,2025-01-08 13:06:57.493474,2025-01-08 13:25:57.493474,2025-02-07 13:25:57.493474,False,,,2025-01-08 13:25:57.493474,"{""source"": ""google_ads"", ""archetype"": ""enterprise_evaluator""}"
sub_f6192ce067d732,cus_6e04800af59cc9,12585,price_f239a2064b72f4,2900,gbp,month,active,2025-01-13 17:30:33.962456,2025-01-13 17:57:33.962456,2025-02-12 17:57:33.962456,False,,,,"{""source"": ""organic"", ""archetype"": ""engaged_free""}"
sub_e7104b209acece,cus_60142639e98b1d,12601,price_6859101efe0d77,2900,usd,month,past_due,2025-02-01 06:12:37.468080,2025-02-01 06:21:37.468080,2025-03-03 06:21:37.468080,False,,,,"{""source"": ""direct"", ""archetype"": ""engaged_free""}"
sub_7da9a09723de61,cus_1d725cc87b6d82,12603,price_ff3223bb2e4d8c,19900,usd,month,active,2025-01-23 11:34:50.732362,2025-01-23 11:56:50.732362,2025-02-22 11:56:50.732362,False,,,2025-01-23 11:56:50.732362,"{""source"": ""organic"", ""archetype"": ""enterprise_evaluator""}"
sub_6ab209e7422373,cus_75de6feef2c65f,12613,price_df6e4464575ffb,4900,eur,month,active,2025-01-22 05:47:47.379405,2025-01-22 05:58:47.379405,2025-02-21 05:58:47.379405,False,,,,"{""source"": ""organic"", ""archetype"": ""engaged_free""}"
sub_69708a96950b88,cus_9ef309e3b55cac,12622,price_90f73137414030,2900,eur,month,past_due,2025-01-31 12:36:46.316419,2025-01-31 12:38:46.316419,2025-03-02 12:38:46.316419,False,,,2025-01-31 12:38:46.316419,"{""source"": ""organic"", ""archetype"": ""engaged_free""}"
sub_0cf9a0dd30d857,cus_8c5dae6d06f3e9,12629,price_2023061d321184,29900,Eur,year,active,2025-01-29 20:26:19.458398,2025-01-29 20:53:19.458398,2025-02-28 20:53:19.458398,False,,,,"{""source"": ""partner"", ""archetype"": ""power_user""}"
sub_075e8601fa3875,cus_5033190b3c5991,12632,price_bad25e8ef5bf3d,4900,usd,month,active,2025-01-13 03:27:00.137634,2025-01-13 03:56:00.137634,2025-02-12 03:56:00.137634,False,,,,"{""source"": ""partner"", ""archetype"": ""engaged_free""}"
sub_e597acac2deb43,cus_5e63331039333d,12636,price_baa955ba7a895e,29900,usd,month,unpaid,2025-01-09 19:38:50.131485,2025-01-09 19:43:50.131485,2025-02-08 19:43:50.131485,False,,,,"{""source"": ""direct"", ""archetype"": ""enterprise_evaluator""}"
sub_22f0c0bce669d4,cus_eca8a753248f91,12637,price_c843ca3a8b9b0d,29900,eur,month,active,2025-01-10 00:16:10.293918,2025-01-10 00:24:10.293918,2025-02-09 00:24:10.293918,False,,,,"{""source"": ""partner"", ""archetype"": ""enterprise_evaluator""}"
sub_c9ce4755a47626,cus_ea4b99e57a2aa8,12655,price_6af31c330b3b0a,2900,USD,year,canceled,2025-01-30 18:20:36.353898,2025-01-30 18:21:36.353898,2025-03-01 18:21:36.353898,True,2025-02-06 14:09:43.753454,,,"{""source"": ""organic"", ""archetype"": ""engaged_free""}"
sub_774c792e5148ea,cus_e47c3509731466,12656,price_3b9ed939754987,9900,Eur,month,active,2025-01-14 14:05:35.426910,2025-01-14 14:06:35.426910,2025-02-13 14:06:35.426910,False,,,,"{""source"": ""referral"", ""archetype"": ""power_user""}"
sub_18599a880132b9,cus_1c4cd4802e78ed,12659,price_467f412fae0c63,19900,Eur,month,unpaid,2025-01-06 00:10:48.397331,2025-01-06 00:39:48.397331,2025-02-05 00:39:48.397331,False,,,,"{""source"": ""google_ads"", ""archetype"": ""power_user""}"
sub_839f9660b0ccbd,cus_cd5286a77ed5dd,12669,price_fbfb2ee81da8dd,9900,GBP,month,active,2025-01-14 14:45:16.847511,2025-01-14 14:57:16.847511,2025-02-13 14:57:16.847511,False,,,2025-01-14 14:57:16.847511,"{""source"": ""direct"", ""archetype"": ""power_user""}"
sub_bfade261fa0a38,cus_1cd8343135829d,12679,price_374fec400c435a,19900,USD,month,canceled,2025-01-15 19:07:08.133501,2025-01-15 19:17:08.133501,2025-02-14 19:17:08.133501,True,2025-01-21 04:20:17.623292,,,"{""source"": ""referral"", ""archetype"": ""enterprise_evaluator""}"
sub_64e62da176c9cc,cus_a601f8d37ea807,12681,price_ac2e18808674da,9900,Eur,month,active,2025-04-11 09:30:45.553593,2025-04-11 09:59:45.553593,2025-05-11 09:59:45.553593,False,,,,"{""source"": ""google_ads"", ""archetype"": ""power_user""}"
sub_3d1be8f68a02ee,cus_a0bb50e05978ae,12688,price_3b284e53609572,4900,eur,month,active,2025-02-13 21:16:28.720215,2025-02-13 21:43:28.720215,2025-03-15 21:43:28.720215,False,,2025-01-31 21:43:28.720215,,"{""source"": ""referral"", ""archetype"": ""engaged_free""}"
sub_9836b92a79d1fc,cus_1bc6ecab2f1b8a,12689,price_ec2564f9b8efaf,19900,eur,year,active,2025-01-04 13:32:47.819158,2025-01-04 13:50:47.819158,2025-02-03 13:50:47.819158,False,,,,"{""source"": ""linkedin"", ""archetype"": ""power_user""}"
sub_9fb05a940ab93d,cus_c492a6fd6c69f0,12703,price_ebc7fabbd9abf5,29900,usd,year,active,2025-01-22 10:59:36.959633,2025-01-22 11:11:36.959633,2025-02-21 11:11:36.959633,False,,2025-01-09 11:11:36.959633,,"{""source"": ""referral"", ""archetype"": ""enterprise_evaluator""}"
sub_07dff20a8d2bde,cus_665b90284db024,12704,price_0a280d6d3fa86e,19900,eur,month,canceled,2025-01-13 18:21:19.354632,2025-01-13 18:38:19.354632,2025-02-12 18:38:19.354632,True,2025-01-17 06:34:29.318514,,,"{""source"": ""google_ads"", ""archetype"": ""enterprise_evaluator""}"
sub_0f094db5fd09d3,cus_19da77a9ee2635,12705,price_871fb518782431,4900,Eur,month,canceled,2025-02-19 01:13:03.140760,2025-02-19 01:32:03.140760,2025-03-21 01:32:03.140760,True,2025-02-21 10:28:59.847739,2025-02-06 01:32:03.140760,2025-02-19 01:32:03.140760,"{""source"": ""linkedin"", ""archetype"": ""engaged_free""}"
sub_6fd1b14b94d5e1,cus_0b1d1e3e272274,12709,price_fa8888f6d15e3a,29900,usd,month,past_due,2025-01-23 23:52:05.689665,2025-01-24 00:10:05.689665,2025-02-23 00:10:05.689665,False,,2025-01-10 00:10:05.689665,2025-01-24 00:10:05.689665,"{""source"": ""linkedin"", ""archetype"": ""enterprise_evaluator""}"
sub_9460a64ad174cb,cus_3273df0a8a1d20,12726,price_5c966e0d85f3f9,29900,USD,year,active,2025-02-16 10:53:13.596361,2025-02-16 10:54:13.596361,2025-03-18 10:54:13.596361,False,,2025-02-02 10:54:13.596361,,"{""source"": ""direct"", ""archetype"": ""power_user""}"
sub_11786f835dd43c,cus_c77fdf9d670a04,12729,price_7a1b486ae8586e,19900,Eur,month,past_due,2025-01-08 20:30:40.319035,2025-01-08 20:46:40.319035,2025-02-07 20:46:40.319035,False,,2024-12-27 20:46:40.319035,2025-01-08 20:46:40.319035,"{""source"": ""google_ads"", ""archetype"": ""enterprise_evaluator""}"
sub_a2199e7c376046,cus_495c5d4e5c8041,12737,price_5b1ded4ed9867c,19900,USD,month,unpaid,2025-01-17 04:13:35.758323,2025-01-17 04:25:35.758323,2025-02-16 04:25:35.758323,False,,2025-01-07 04:25:35.758323,,"{""source"": ""direct"", ""archetype"": ""power_user""}"
sub_7dea1f30bb1e37,cus_1c00a58e672d11,12745,price_a42e6ad8715a65,19900,usd,month,active,2025-01-19 03:54:34.270714,2025-01-19 04:18:34.270714,2025-02-18 04:18:34.270714,False,,,,"{""source"": ""direct"", ""archetype"": ""power_user""}"
sub_b02817e2048885,cus_9a792d84074b31,12746,price_0824ec4795860e,19900,GBP,month,active,2025-01-18 13:54:06.748029,2025-01-18 14:02:06.748029,2025-02-17 14:02:06.748029,False,,,,"{""source"": ""direct"", ""archetype"": ""power_user""}"
sub_ad63a2d4a8e320,cus_18d8bc8a9b640a,12747,price_c52b665fabaf78,19900,usd,month,active,2025-01-28 01:33:04.365253,2025-01-28 01:45:04.365253,2025-02-27 01:45:04.365253,False,,2025-01-16 01:45:04.365253,,"{""source"": ""linkedin"", ""archetype"": ""power_user""}"
sub_3307845a6f4323,cus_0f4a43b44298c2,12755,price_eac837d7f341d2,29900,GBP,year,past_due,2025-01-18 18:18:09.133749,2025-01-18 18:30:09.133749,2025-02-17 18:30:09.133749,False,,,,"{""source"": ""linkedin"", ""archetype"": ""enterprise_evaluator""}"
sub_869cb72da8813d,cus_4181ffdd2b3f34,12757,price_25cdbea37642d4,29900,GBP,month,active,2025-01-12 15:37:04.179435,2025-01-12 16:00:04.179435,2025-02-11 16:00:04.179435,False,,2025-01-05 16:00:04.179435,,"{""source"": ""direct"", ""archetype"": ""enterprise_evaluator""}"
sub_bdbf58820dba52,cus_6e93fa9db81cdd,12760,price_74a45ca80c5be4,4900,usd,month,active,2025-02-02 13:47:57.948662,2025-02-02 14:06:57.948662,2025-03-04 14:06:57.948662,False,,,,"{""source"": ""referral"", ""archetype"": ""engaged_free""}"
sub_93610296142098,cus_8abf3e8ba233c9,12766,price_00ad13d039568b,19900,USD,month,canceled,2025-01-08 00:56:32.744992,2025-01-08 01:19:32.744992,2025-02-07 01:19:32.744992,True,2025-01-14 22:40:15.781921,,,"{""source"": ""linkedin"", ""archetype"": ""power_user""}"
sub_59e96d791b660c,cus_c3cb165d457a11,12777,price_ad28d0abb8db59,19900,Eur,month,active,2025-02-07 17:11:58.663411,2025-02-07 17:18:58.663411,2025-03-09 17:18:58.663411,False,,2025-01-25 17:18:58.663411,,"{""source"": ""referral"", ""archetype"": ""power_user""}"
sub_7cb741d2fc4dcb,cus_6ec8279d14fa98,12778,price_d974298fd3c398,19900,eur,month,active,2025-02-25 21:49:26.162283,2025-02-25 21:51:26.162283,2025-03-27 21:51:26.162283,False,,,,"{""source"": ""partner"", ""archetype"": ""enterprise_evaluator""}"
sub_be1423617e7341,cus_b6a7b041a6b04e,12788,price_88309605964b58,2900,GBP,month,active,2025-02-04 08:06:42.955031,2025-02-04 08:36:42.955031,2025-03-06 08:36:42.955031,False,,2025-01-28 08:36:42.955031,,"{""source"": ""linkedin"", ""archetype"": ""engaged_free""}"
sub_c87b96712ab6d3,cus_a3bb056357293e,12790,price_30ef704b37cbca,2900,usd,month,active,2025-01-21 02:50:38.694192,2025-01-21 03:00:38.694192,2025-02-20 03:00:38.694192,False,,,,"{""source"": ""referral"", ""archetype"": ""engaged_free""}"
sub_6df2f2c534403c,cus_ff3d1bc3bc1f3b,12792,price_cf9542c08c4dd0,29900,usd,month,active,2025-02-23 03:58:02.880044,2025-02-23 04:27:02.880044,2025-03-25 04:27:02.880044,False,,2025-02-12 04:27:02.880044,2025-02-23 04:27:02.880044,"{""source"": ""referral"", ""archetype"": ""enterprise_evaluator""}"
sub_0ef487cff4e238,cus_513194d1cf2352,12797,price_8ef9929c72fbde,9900,usd,year,unpaid,2025-01-24 22:08:33.412279,2025-01-24 22:18:33.412279,2025-02-23 22:18:33.412279,False,,2025-01-16 22:18:33.412279,,"{""source"": ""partner"", ""archetype"": ""power_user""}"
sub_dfd50869e91f38,cus_2e4bc0bb809d0e,12799,price_89b590f2173e55,4900,USD,month,active,2025-03-15 08:20:31.937534,2025-03-15 08:31:31.937534,2025-04-14 08:31:31.937534,False,,,,"{""source"": ""linkedin"", ""archetype"": ""engaged_free""}"
sub_0349be8c8d0186,cus_6a6b6c3f03c47c,12804,price_55959a163d1f2d,2900,usd,month,active,2025-01-21 21:58:18.494006,2025-01-21 22:21:18.494006,2025-02-20 22:21:18.494006,False,,,,"{""source"": ""partner"", ""archetype"": ""engaged_free""}"
sub_db49815ffbf62a,cus_ff8c2d5012e23f,12816,price_48a276f55293b4,19900,gbp,month,active,2025-02-11 20:15:57.996979,2025-02-11 20:30:57.996979,2025-03-13 20:30:57.996979,False,,2025-02-03 20:30:57.996979,,"{""source"": ""linkedin"", ""archetype"": ""power_user""}"
sub_b320cfb9845da8,cus_cc223e4cf87591,12820,price_d83c79dc79b870,29900,eur,year,active,2025-01-03 15:51:30.947427,2025-01-03 15:55:30.947427,2025-02-02 15:55:30.947427,False,,2024-12-21 15:55:30.947427,2025-01-03 15:55:30.947427,"{""source"": ""google_ads"", ""archetype"": ""power_user""}"
sub_7c33fecb6e2645,cus_ace48b42f0f07e,12822,price_b8f7dde4cc8776,29900,gbp,month,active,2025-02-23 15:59:21.217470,2025-02-23 16:09:21.217470,2025-03-25 16:09:21.217470,False,,,,"{""source"": ""referral"", ""archetype"": ""enterprise_evaluator""}"
sub_9b27046445fe0d,cus_2f643a6c4df3bc,12827,price_e15b7e5baf71fe,29900,usd,month,past_due,2025-01-19 21:37:19.363957,2025-01-19 21:44:19.363957,2025-02-18 21:44:19.363957,False,,,,"{""source"": ""organic"", ""archetype"": ""enterprise_evaluator""}"
sub_fde537219abcf8,cus_0f280db8a64792,12831,price_43346f89aa3584,19900,eur,month,active,2025-03-05 07:28:51.571289,2025-03-05 07:46:51.571289,2025-04-04 07:46:51.571289,False,,,,"{""source"": ""google_ads"", ""archetype"": ""enterprise_evaluator""}"
sub_1524be98657b3d,cus_8e4bfbee4d2592,12854,price_98e800847dd253,4900,gbp,month,unpaid,2025-01-17 16:11:10.036182,2025-01-17 16:22:10.036182,2025-02-16 16:22:10.036182,False,,,2025-01-17 16:22:10.036182,"{""source"": ""partner"", ""archetype"": ""engaged_free""}"
sub_d159b4570ecb33,cus_60e08cdef834ed,12860,price_e72c9dd59da6b7,19900,GBP,month,active,2025-01-12 16:12:03.258344,2025-01-12 16:25:03.258344,2025-02-11 16:25:03.258344,False,,,,"{""source"": ""linkedin"", ""archetype"": ""power_user""}"
sub_6485f6abad9472,cus_4e60d8f8dfdbae,12864,price_a28d4628f97e12,2900,gbp,month,unpaid,2025-01-11 01:31:05.677212,2025-01-11 01:47:05.677212,2025-02-10 01:47:05.677212,False,,2025-01-03 01:47:05.677212,2025-01-11 01:47:05.677212,"{""source"": ""direct"", ""archetype"": ""engaged_free""}"
sub_b74e294050d555,cus_ddf09e68aa05a5,12867,price_996c2c9dbaf7bd,2900,Eur,month,active,2025-01-08 02:38:33.317269,2025-01-08 02:51:33.317269,2025-02-07 02:51:33.317269,False,,,,"{""source"": ""linkedin"", ""archetype"": ""engaged_free""}"
sub_78a483ae4269c9,cus_f583ce96b81cc4,12875,price_70e7d846febc09,4900,Eur,month,active,2025-01-13 06:46:17.736809,2025-01-13 07:08:17.736809,2025-02-12 07:08:17.736809,False,,2024-12-30 07:08:17.736809,,"{""source"": ""organic"", ""archetype"": ""engaged_free""}"
sub_dfca9aae086ddd,cus_103787d2cba237,12879,price_a76c009d950d06,9900,eur,month,unpaid,2025-01-20 03:32:01.010114,2025-01-20 03:55:01.010114,2025-02-19 03:55:01.010114,False,,2025-01-13 03:55:01.010114,,"{""source"": ""linkedin"", ""archetype"": ""power_user""}"
sub_0c82b105809f4a,cus_c9f842526e5663,12885,price_4448d8e07a52c1,19900,eur,month,active,2025-01-03 17:02:41.121321,2025-01-03 17:32:41.121321,2025-02-02 17:32:41.121321,False,,,2025-01-03 17:32:41.121321,"{""source"": ""referral"", ""archetype"": ""enterprise_evaluator""}"
sub_21ef50f7d91d6f,cus_6f63afb045f521,12895,price_9c42b8e9c24f65,19900,GBP,month,active,2025-01-24 21:29:20.152471,2025-01-24 21:49:20.152471,2025-02-23 21:49:20.152471,False,,2025-01-10 21:49:20.152471,,"{""source"": ""direct"", ""archetype"": ""enterprise_evaluator""}"
sub_634ac13bc5c0b3,cus_e3bf50626d09ee,12899,price_cde1a19bba9762,29900,usd,month,active,2025-01-12 08:01:26.681643,2025-01-12 08:22:26.681643,2025-02-11 08:22:26.681643,False,,,,"{""source"": ""organic"", ""archetype"": ""enterprise_evaluator""}"
sub_8d6557e9d4a52f,cus_4d92136c11412d,12901,price_b1d35d17c4b6d6,9900,USD,month,active,2025-01-12 22:32:25.144908,2025-01-12 22:33:25.144908,2025-02-11 22:33:25.144908,False,,,,"{""source"": ""partner"", ""archetype"": ""power_user""}"
sub_f0e824bf6c03e7,cus_76942749cdfa0a,12903,price_29da45b257c57f,19900,Eur,year,active,2025-03-08 16:05:23.504478,2025-03-08 16:35:23.504478,2025-04-07 16:35:23.504478,False,,,2025-03-08 16:35:23.504478,"{""source"": ""google_ads"", ""archetype"": ""power_user""}"
sub_64e72c3758e03b,cus_796ba4e0701885,12912,price_ed8b0129df786c,29900,GBP,month,active,2025-02-13 09:24:48.848296,2025-02-13 09:42:48.848296,2025-03-15 09:42:48.848296,False,,,,"{""source"": ""linkedin"", ""archetype"": ""power_user""}"
sub_ed0f0d8cda9774,cus_b5d111eacd10b9,12919,price_4e09d4972238a6,2900,GBP,month,canceled,2025-01-03 19:54:37.028771,2025-01-03 19:57:37.028771,2025-02-02 19:57:37.028771,True,2025-01-29 18:28:52.578739,,2025-01-03 19:57:37.028771,"{""source"": ""partner"", ""archetype"": ""casual_explorer""}"
sub_1b5e9aa5d825a3,cus_efd9eb57a328a9,12923,price_06391d8137b44c,2900,USD,year,active,2025-01-30 10:28:26.393932,2025-01-30 10:34:26.393932,2025-03-01 10:34:26.393932,False,,,,"{""source"": ""google_ads"", ""archetype"": ""engaged_free""}"
sub_a773694b5ac7cf,cus_66c5de9120c8eb,12925,price_ea1532388721e7,29900,GBP,month,past_due,2025-01-23 02:14:15.745686,2025-01-23 02:22:15.745686,2025-02-22 02:22:15.745686,False,,,,"{""source"": ""linkedin"", ""archetype"": ""enterprise_evaluator""}"
sub_88d204deaa996a,cus_445d98578d95b5,12928,price_0d4fabe3d9ec41,19900,gbp,month,active,2025-01-24 10:14:00.709523,2025-01-24 10:22:00.709523,2025-02-23 10:22:00.709523,False,,,2025-01-24 10:22:00.709523,"{""source"": ""organic"", ""archetype"": ""enterprise_evaluator""}"
sub_198eb811df58fc,cus_cb43b157cd5845,12942,price_43f16c89c9ecfd,29900,eur,year,active,2025-02-21 00:34:50.153269,2025-02-21 00:40:50.153269,2025-03-23 00:40:50.153269,False,,2025-02-08 00:40:50.153269,,"{""source"": ""organic"", ""archetype"": ""power_user""}"
sub_eae31dc3914251,cus_ad653fea14c560,12943,price_ed078926887366,19900,gbp,month,active,2025-01-25 14:15:34.810964,2025-01-25 14:33:34.810964,2025-02-24 14:33:34.810964,False,,,,"{""source"": ""direct"", ""archetype"": ""power_user""}"
sub_2b9285dcc4faa4,cus_2c031ff1e6f398,12955,price_4b765fa21b9bfa,4900,Eur,month,past_due,2025-01-31 04:17:20.316070,2025-01-31 04:24:20.316070,2025-03-02 04:24:20.316070,False,,2025-01-20 04:24:20.316070,2025-01-31 04:24:20.316070,"{""source"": ""google_ads"", ""archetype"": ""support_heavy""}"
sub_20b30d79f2caa2,cus_ffd51b43770185,12961,price_a54675394d3542,19900,Eur,month,active,2025-02-01 11:00:10.835607,2025-02-01 11:11:10.835607,2025-03-03 11:11:10.835607,False,,2025-01-25 11:11:10.835607,2025-02-01 11:11:10.835607,"{""source"": ""linkedin"", ""archetype"": ""power_user""}"
sub_108c1810d1c61e,cus_03834c7c7ea171,12966,price_ef4451b2450d24,29900,GBP,year,active,2025-02-18 22:25:06.700126,2025-02-18 22:45:06.700126,2025-03-20 22:45:06.700126,False,,,2025-02-18 22:45:06.700126,"{""source"": ""linkedin"", ""archetype"": ""power_user""}"
sub_f08f2ae80267c1,cus_813cee186a2916,12973,price_fa910b728a187f,4900,USD,year,active,2025-01-12 23:08:04.341573,2025-01-12 23:26:04.341573,2025-02-11 23:26:04.341573,False,,,2025-01-12 23:26:04.341573,"{""source"": ""linkedin"", ""archetype"": ""engaged_free""}"
sub_fa24bc25332a58,cus_a2052e2a193f17,12977,price_1e2ec4b80e63ce,2900,USD,year,active,2025-01-12 15:12:37.582716,2025-01-12 15:32:37.582716,2025-02-11 15:32:37.582716,False,,2024-12-29 15:32:37.582716,,"{""source"": ""referral"", ""archetype"": ""engaged_free""}"
sub_d296ee0d0fc20e,cus_f422650c3af986,12978,price_cf516b254a61f5,19900,usd,year,canceled,2025-01-16 16:06:19.262287,2025-01-16 16:14:19.262287,2025-02-15 16:14:19.262287,True,2025-01-21 03:05:21.752879,,2025-01-16 16:14:19.262287,"{""source"": ""organic"", ""archetype"": ""enterprise_evaluator""}"
sub_70be5b16e743f4,cus_62cd71e0038b19,12989,price_2e01e063e01d1c,9900,eur,month,active,2025-01-16 07:30:25.456787,2025-01-16 07:31:25.456787,2025-02-15 07:31:25.456787,False,,,,"{""source"": ""organic"", ""archetype"": ""power_user""}"
sub_aa3f3cb84dc4bb,cus_f62c4b312bc8d4,12995,price_6bd06b01194786,19900,USD,month,active,2025-01-06 12:24:51.282926,2025-01-06 12:27:51.282926,2025-02-05 12:27:51.282926,False,,2024-12-25 12:27:51.282926,,"{""source"": ""linkedin"", ""archetype"": ""enterprise_evaluator""}"
sub_7bf55554f0242c,cus_917d34c54b9ae3,12997,price_fa76b411e7b102,4900,GBP,month,active,2025-01-19 01:42:52.541240,2025-01-19 02:06:52.541240,2025-02-18 02:06:52.541240,False,,,,"{""source"": ""direct"", ""archetype"": ""engaged_free""}"
sub_9e4ed8a77ec97f,cus_50224bb57d60be,12999,price_e60550bb4f90f7,19900,gbp,month,active,2025-02-14 11:55:29.836104,2025-02-14 12:17:29.836104,2025-03-16 12:17:29.836104,False,,,,"{""source"": ""partner"", ""archetype"": ""power_user""}"
sub_21f3afa564242a,cus_0f233a53b13abb,13001,price_3153dd695139c0,19900,gbp,month,active,2025-01-09 18:57:25.066111,2025-01-09 19:26:25.066111,2025-02-08 19:26:25.066111,False,,,,"{""source"": ""organic"", ""archetype"": ""enterprise_evaluator""}"
sub_322139791e9c02,cus_7f8aaec77a67ae,13013,price_7b3a4feed588ba,4900,Eur,month,active,2025-01-19 09:02:43.998300,2025-01-19 09:28:43.998300,2025-02-18 09:28:43.998300,False,,2025-01-05 09:28:43.998300,,"{""source"": ""organic"", ""archetype"": ""engaged_free""}"
sub_bac7add0b1c620,cus_df66966371403b,13014,price_76df21a71b0303,19900,gbp,month,active,2025-01-12 18:43:41.060204,2025-01-12 19:02:41.060204,2025-02-11 19:02:41.060204,False,,,,"{""source"": ""google_ads"", ""archetype"": ""power_user""}"
sub_fd0e42ce427da3,cus_581327b5094f56,13018,price_3bd6d236359e7d,19900,gbp,year,active,2025-02-07 20:48:55.636782,2025-02-07 21:00:55.636782,2025-03-09 21:00:55.636782,False,,,,"{""source"": ""linkedin"", ""archetype"": ""power_user""}"
sub_9f283602275f74,cus_c7f22123767607,13026,price_36142e6cea0158,9900,GBP,month,active,2025-03-03 03:02:07.846957,2025-03-03 03:19:07.846957,2025-04-02 03:19:07.846957,False,,2025-02-19 03:19:07.846957,,"{""source"": ""partner"", ""archetype"": ""power_user""}"
sub_00618b14da8274,cus_3e7a9136e69f55,13029,price_198064921005c0,9900,eur,year,active,2025-01-25 03:26:47.677428,2025-01-25 03:35:47.677428,2025-02-24 03:35:47.677428,False,,2025-01-11 03:35:47.677428,2025-01-25 03:35:47.677428,"{""source"": ""referral"", ""archetype"": ""power_user""}"
sub_814f1ab0f2f150,cus_44b18d91bace80,13038,price_005037c2a671e4,19900,GBP,month,active,2025-01-10 13:10:04.180014,2025-01-10 13:26:04.180014,2025-02-09 13:26:04.180014,False,,,,"{""source"": ""referral"", ""archetype"": ""enterprise_evaluator""}"
sub_99c4be2fd163ab,cus_34be2d8f0fbfcd,13040,price_9db23b7acd73d1,19900,usd,month,active,2025-02-08 05:17:34.380985,2025-02-08 05:46:34.380985,2025-03-10 05:46:34.380985,False,,,,"{""source"": ""google_ads"", ""archetype"": ""enterprise_evaluator""}"
sub_6fcfea9cb03653,cus_12f33a74df31ea,13059,price_8f9c9b4f3c5b58,29900,usd,month,active,2025-02-08 17:43:29.267056,2025-02-08 17:56:29.267056,2025-03-10 17:56:29.267056,False,,2025-01-27 17:56:29.267056,,"{""source"": ""organic"", ""archetype"": ""power_user""}"
sub_dc69fb0432ad19,cus_6cd09e44aa7d08,13060,price_fbdc0f0d66d264,29900,GBP,year,active,2025-01-15 03:06:57.013554,2025-01-15 03:08:57.013554,2025-02-14 03:08:57.013554,False,,,,"{""source"": ""referral"", ""archetype"": ""enterprise_evaluator""}"
sub_8e464a3d647307,cus_6fcb61fb5b02ff,13063,price_212d7db48de68c,2900,usd,month,active,2025-01-19 21:49:55.660089,2025-01-19 22:08:55.660089,2025-02-18 22:08:55.660089,False,,,,"{""source"": ""google_ads"", ""archetype"": ""casual_explorer""}"
sub_bce1ed5635e1fd,cus_2d97ceeae03a7e,13065,price_3cc472967d865b,9900,eur,month,active,2025-01-09 21:26:52.921703,2025-01-09 21:43:52.921703,2025-02-08 21:43:52.921703,False,,,2025-01-09 21:43:52.921703,"{""source"": ""google_ads"", ""archetype"": ""power_user""}"
sub_723c0d032b0d4b,cus_e00878cb01e1f4,13077,price_cd9e2397bec8b2,2900,USD,year,active,2025-01-16 16:05:57.456429,2025-01-16 16:07:57.456429,2025-02-15 16:07:57.456429,False,,,2025-01-16 16:07:57.456429,"{""source"": ""referral"", ""archetype"": ""engaged_free""}"
sub_8ff4114600c02c,cus_c084040b809b53,13078,price_c7b4e73076f269,9900,Eur,month,canceled,2025-01-15 10:46:37.335408,2025-01-15 11:01:37.335408,2025-02-14 11:01:37.335408,True,2025-01-20 15:06:42.984762,2025-01-06 11:01:37.335408,2025-01-15 11:01:37.335408,"{""source"": ""referral"", ""archetype"": ""power_user""}"
sub_cb8ef6ef1ee1ad,cus_06bc8ed31a6f68,13085,price_5b6195864692d6,19900,usd,month,active,2025-02-14 19:10:42.727787,2025-02-14 19:30:42.727787,2025-03-16 19:30:42.727787,False,,,,"{""source"": ""google_ads"", ""archetype"": ""enterprise_evaluator""}"
sub_32856e652f42d1,cus_b08e78a740586f,13086,price_bb6b292264b0b8,2900,GBP,month,unpaid,2025-01-06 14:01:24.657262,2025-01-06 14:22:24.657262,2025-02-05 14:22:24.657262,False,,,,"{""source"": ""direct"", ""archetype"": ""support_heavy""}"
sub_e5db0f1246c48d,cus_27fa33fb97f64c,13115,price_9304467d084fbd,19900,eur,month,active,2025-01-24 16:06:05.049841,2025-01-24 16:28:05.049841,2025-02-23 16:28:05.049841,False,,,,"{""source"": ""organic"", ""archetype"": ""power_user""}"
sub_c18b375794196c,cus_6f8954f4e0f07e,13118,price_9aa0e7f89e0264,19900,Eur,month,canceled,2025-02-05 19:45:45.916297,2025-02-05 20:12:45.916297,2025-03-07 20:12:45.916297,True,2025-04-14 16:55:24.917246,2025-01-23 20:12:45.916297,,"{""source"": ""direct"", ""archetype"": ""enterprise_evaluator""}"
sub_24e9da29ac9500,cus_8fd89ca1e7d7f7,13119,price_5b089d4e349bda,19900,usd,year,active,2025-02-03 06:08:03.500735,2025-02-03 06:35:03.500735,2025-03-05 06:35:03.500735,False,,,,"{""source"": ""direct"", ""archetype"": ""enterprise_evaluator""}"
sub_1e4c3fdd3f5e89,cus_1011c962535162,13120,price_6c9ee35ddf759b,19900,GBP,year,active,2025-01-15 20:41:52.519272,2025-01-15 20:55:52.519272,2025-02-14 20:55:52.519272,False,,,2025-01-15 20:55:52.519272,"{""source"": ""partner"", ""archetype"": ""power_user""}"
sub_deb46e5314938a,cus_3418ed8754dcf9,13123,price_49ab3cef501864,2900,usd,month,active,2025-02-11 09:27:19.480001,2025-02-11 09:33:19.480001,2025-03-13 09:33:19.480001,False,,,,"{""source"": ""google_ads"", ""archetype"": ""engaged_free""}"
sub_856665f2c4b61a,cus_0f009baecc67fe,13125,price_37fd43eb71a037,19900,Eur,month,active,2025-02-11 00:59:52.981556,2025-02-11 01:21:52.981556,2025-03-13 01:21:52.981556,False,,2025-02-03 01:21:52.981556,2025-02-11 01:21:52.981556,"{""source"": ""linkedin"", ""archetype"": ""power_user""}"
sub_a4e0f8c30b0ff1,cus_be919dfedf6fa6,13132,price_17d9cbd86ac34f,4900,USD,month,active,2025-02-23 12:48:38.493952,2025-02-23 12:54:38.493952,2025-03-25 12:54:38.493952,False,,2025-02-15 12:54:38.493952,,"{""source"": ""referral"", ""archetype"": ""engaged_free""}"
sub_a86991340b6265,cus_40f7da448fc893,13133,price_4b3bed1e7a7bdc,29900,eur,month,past_due,2025-01-13 21:29:04.570917,2025-01-13 21:44:04.570917,2025-02-12 21:44:04.570917,False,,,,"{""source"": ""organic"", ""archetype"": ""enterprise_evaluator""}"
sub_2ea6166c03be8f,cus_f1a27e5c407a12,13135,price_30efa6e496318c,29900,GBP,month,active,2025-02-17 13:26:51.795052,2025-02-17 13:51:51.795052,2025-03-19 13:51:51.795052,False,,2025-02-04 13:51:51.795052,2025-02-17 13:51:51.795052,"{""source"": ""referral"", ""archetype"": ""power_user""}"
sub_6ae97c4d41bae1,cus_f138c4626e86e9,13139,price_128a9b66649ce9,29900,Eur,month,active,2025-01-07 18:42:00.199100,2025-01-07 19:00:00.199100,2025-02-06 19:00:00.199100,False,,,,"{""source"": ""referral"", ""archetype"": ""enterprise_evaluator""}"
sub_71cd80935cc2bf,cus_df235c2953ed6c,13153,price_ae1a8799820864,2900,USD,month,active,2025-01-22 05:25:36.323064,2025-01-22 05:43:36.323064,2025-02-21 05:43:36.323064,False,,,,"{""source"": ""linkedin"", ""archetype"": ""engaged_free""}"
sub_4accb665900484,cus_4834a59d849ea4,13165,price_38dfe4a884e8f9,9900,GBP,month,active,2025-01-15 11:14:09.717607,2025-01-15 11:17:09.717607,2025-02-14 11:17:09.717607,False,,,,"{""source"": ""referral"", ""archetype"": ""power_user""}"
sub_620057e3565147,cus_ae2883688a17eb,13172,price_f3990d36613b19,19900,Eur,month,active,2025-01-25 17:19:42.269726,2025-01-25 17:30:42.269726,2025-02-24 17:30:42.269726,False,,2025-01-11 17:30:42.269726,,"{""source"": ""referral"", ""archetype"": ""enterprise_evaluator""}"
sub_c2421e22017436,cus_6665b8edafd5c7,13173,price_c2c8f0b550713d,2900,GBP,month,active,2025-01-19 00:31:56.669640,2025-01-19 00:46:56.669640,2025-02-18 00:46:56.669640,False,,,,"{""source"": ""organic"", ""archetype"": ""engaged_free""}"
sub_5bd9cd7f7cd4a0,cus_ad25a73f62069f,13180,price_22209697352981,19900,gbp,month,active,2025-01-27 11:18:50.754787,2025-01-27 11:39:50.754787,2025-02-26 11:39:50.754787,False,,,,"{""source"": ""google_ads"", ""archetype"": ""power_user""}"
sub_356e5905ed473d,cus_630c91f211ecb3,13184,price_e197e1eb8b41c4,29900,eur,year,active,2025-02-20 09:31:09.694550,2025-02-20 09:57:09.694550,2025-03-22 09:57:09.694550,False,,,,"{""source"": ""google_ads"", ""archetype"": ""enterprise_evaluator""}"
sub_f439be97f40b9b,cus_a3ff073bb0c32b,13193,price_8a6fba01165497,29900,gbp,month,active,2025-01-12 13:35:47.760932,2025-01-12 14:03:47.760932,2025-02-11 14:03:47.760932,False,,2025-01-05 14:03:47.760932,,"{""source"": ""referral"", ""archetype"": ""power_user""}"
sub_2221431826fdf5,cus_663cb346617055,13203,price_abd1815b228055,2900,usd,year,active,2025-01-11 00:27:46.502678,2025-01-11 00:54:46.502678,2025-02-10 00:54:46.502678,False,,,,"{""source"": ""google_ads"", ""archetype"": ""engaged_free""}"
sub_807ed970b1af50,cus_d9b94b233dd51b,13208,price_abeb6c6147282e,29900,usd,month,canceled,2025-02-16 05:47:11.007567,2025-02-16 06:12:11.007567,2025-03-18 06:12:11.007567,True,2025-03-18 01:58:48.621904,,,"{""source"": ""linkedin"", ""archetype"": ""enterprise_evaluator""}"
sub_3072555466116d,cus_dff22b6b2693d8,13212,price_db0bdbf8c86724,29900,eur,month,active,2025-01-16 18:30:56.906701,2025-01-16 18:40:56.906701,2025-02-15 18:40:56.906701,False,,,,"{""source"": ""google_ads"", ""archetype"": ""power_user""}"
sub_782e072e6ce63e,cus_2f66151cc94ede,13215,price_528c431845e652,2900,usd,month,active,2025-01-19 19:40:17.118544,2025-01-19 20:09:17.118544,2025-02-18 20:09:17.118544,False,,,,"{""source"": ""organic"", ""archetype"": ""engaged_free""}"
sub_bc25ef7144b354,cus_87872600b6839f,13219,price_7a20f585f3e4e8,19900,Eur,month,unpaid,2025-01-31 07:24:01.686844,2025-01-31 07:37:01.686844,2025-03-02 07:37:01.686844,False,,,,"{""source"": ""partner"", ""archetype"": ""power_user""}"
sub_07c0d422fe001b,cus_4f27929e955963,13221,price_378bc72cb92200,29900,Eur,month,active,2025-02-06 16:50:54.914601,2025-02-06 16:54:54.914601,2025-03-08 16:54:54.914601,False,,2025-01-27 16:54:54.914601,2025-02-06 16:54:54.914601,"{""source"": ""partner"", ""archetype"": ""power_user""}"
sub_64e3c82a61823d,cus_285732a4cbe77a,13225,price_0ecb35075aff3d,19900,USD,month,unpaid,2025-01-26 00:39:37.356288,2025-01-26 00:43:37.356288,2025-02-25 00:43:37.356288,False,,,,"{""source"": ""referral"", ""archetype"": ""power_user""}"
sub_c4f984600830e1,cus_5ad42e1ee48173,13226,price_e2b0afb7a05584,29900,eur,month,active,2025-01-06 04:03:14.517169,2025-01-06 04:14:14.517169,2025-02-05 04:14:14.517169,False,,,2025-01-06 04:14:14.517169,"{""source"": ""direct"", ""archetype"": ""enterprise_evaluator""}"
sub_48386655a6b87b,cus_3c4b6f04aee71c,13232,price_1d0dbb2a69b688,29900,gbp,year,unpaid,2025-01-31 01:31:20.648387,2025-01-31 01:38:20.648387,2025-03-02 01:38:20.648387,False,,2025-01-18 01:38:20.648387,2025-01-31 01:38:20.648387,"{""source"": ""linkedin"", ""archetype"": ""enterprise_evaluator""}"
sub_10e9ae491931bb,cus_2e616298a13f89,13243,price_7b11f85d31af83,19900,Eur,year,active,2025-02-26 22:37:03.324468,2025-02-26 22:47:03.324468,2025-03-28 22:47:03.324468,False,,2025-02-15 22:47:03.324468,,"{""source"": ""partner"", ""archetype"": ""power_user""}"
sub_f9ecce37917b67,cus_93ca0146f1519e,13244,price_b1fd46baf98e44,19900,Eur,month,active,2025-01-05 15:47:22.362556,2025-01-05 15:53:22.362556,2025-02-04 15:53:22.362556,False,,2024-12-22 15:53:22.362556,2025-01-05 15:53:22.362556,"{""source"": ""direct"", ""archetype"": ""power_user""}"
sub_29de54d78dd133,cus_374ef7c8239bc5,13245,price_ac3b48b39443e6,19900,Eur,month,active,2025-01-30 13:38:00.457818,2025-01-30 13:39:00.457818,2025-03-01 13:39:00.457818,False,,2025-01-21 13:39:00.457818,,"{""source"": ""referral"", ""archetype"": ""power_user""}"
sub_e27419d5eb419c,cus_95ee5ebd1ebbd1,13247,price_51e5572562bf66,19900,USD,month,active,2025-02-19 12:26:31.292208,2025-02-19 12:40:31.292208,2025-03-21 12:40:31.292208,False,,2025-02-08 12:40:31.292208,2025-02-19 12:40:31.292208,"{""source"": ""linkedin"", ""archetype"": ""power_user""}"
sub_42f441fc746ff5,cus_50b0a3e385af68,13257,price_b2d6ff6a4050f6,29900,usd,month,active,2025-01-29 01:34:21.533668,2025-01-29 01:35:21.533668,2025-02-28 01:35:21.533668,False,,,,"{""source"": ""google_ads"", ""archetype"": ""enterprise_evaluator""}"
sub_cf987e74b392fa,cus_cabdbfed61f998,13264,price_31e1f0261218cf,4900,Eur,year,active,2025-01-15 23:48:31.299953,2025-01-16 00:05:31.299953,2025-02-15 00:05:31.299953,False,,2025-01-08 00:05:31.299953,,"{""source"": ""referral"", ""archetype"": ""engaged_free""}"
sub_a877b6409850bd,cus_fefb97f8221580,13273,price_d710012216f283,19900,GBP,month,active,2025-01-24 11:49:50.160618,2025-01-24 12:18:50.160618,2025-02-23 12:18:50.160618,False,,,,"{""source"": ""organic"", ""archetype"": ""power_user""}"
sub_30b765eb5f3a24,cus_f2e769b138bdf6,13292,price_0da8f376247ff7,19900,gbp,year,active,2025-02-03 00:47:20.353692,2025-02-03 01:17:20.353692,2025-03-05 01:17:20.353692,False,,,2025-02-03 01:17:20.353692,"{""source"": ""linkedin"", ""archetype"": ""enterprise_evaluator""}"
sub_f8efb97c51010c,cus_99d283b162f8b1,13295,price_d51b3ef97eab60,2900,USD,month,active,2025-02-06 12:46:16.442804,2025-02-06 12:50:16.442804,2025-03-08 12:50:16.442804,False,,2025-01-23 12:50:16.442804,,"{""source"": ""referral"", ""archetype"": ""engaged_free""}"
sub_f1011dffcec645,cus_2c8dfd2cea9988,13301,price_6c1339bf9dfd91,4900,usd,month,active,2025-01-30 22:25:32.691143,2025-01-30 22:47:32.691143,2025-03-01 22:47:32.691143,False,,2025-01-23 22:47:32.691143,,"{""source"": ""referral"", ""archetype"": ""engaged_free""}"
sub_a45a5b3d135272,cus_d07173c6496e79,13306,price_18f79b3cead6de,9900,eur,month,active,2025-01-18 02:42:58.839571,2025-01-18 02:50:58.839571,2025-02-17 02:50:58.839571,False,,2025-01-08 02:50:58.839571,,"{""source"": ""linkedin"", ""archetype"": ""power_user""}"
sub_78ff21cf81460c,cus_3d153d0a77c880,13311,price_642bfffdba3058,9900,usd,month,active,2025-01-13 12:34:28.421566,2025-01-13 12:38:28.421566,2025-02-12 12:38:28.421566,False,,,,"{""source"": ""partner"", ""archetype"": ""power_user""}"
sub_599c64e638ccb4,cus_6f5cffb1c22946,13323,price_fc89e9035090cf,19900,gbp,year,active,2025-02-15 13:09:59.861907,2025-02-15 13:25:59.861907,2025-03-17 13:25:59.861907,False,,,,"{""source"": ""partner"", ""archetype"": ""power_user""}"
sub_bc23edbdb28382,cus_586cb495f7225e,13339,price_96d4aa4078b727,19900,GBP,month,active,2025-02-11 10:56:12.277303,2025-02-11 10:57:12.277303,2025-03-13 10:57:12.277303,False,,,,"{""source"": ""direct"", ""archetype"": ""power_user""}"
sub_36dcd6ed35331c,cus_fef551794aefe3,13342,price_ec9ca559f7b8a9,9900,usd,month,active,2025-01-07 11:58:13.998489,2025-01-07 12:14:13.998489,2025-02-06 12:14:13.998489,False,,2024-12-26 12:14:13.998489,,"{""source"": ""linkedin"", ""archetype"": ""power_user""}"
sub_84959cb9fae70d,cus_446f0c2fbfcded,13346,price_78b234d62c5b79,29900,GBP,month,past_due,2025-01-11 16:54:32.238539,2025-01-11 17:19:32.238539,2025-02-10 17:19:32.238539,False,,2024-12-31 17:19:32.238539,,"{""source"": ""partner"", ""archetype"": ""enterprise_evaluator""}"
sub_8f28d6f150fc92,cus_0655f2e1c76c66,13350,price_b47113d9532ece,9900,gbp,month,active,2025-03-22 00:27:08.072148,2025-03-22 00:57:08.072148,2025-04-21 00:57:08.072148,False,,2025-03-12 00:57:08.072148,,"{""source"": ""referral"", ""archetype"": ""power_user""}"
sub_22e728d99aede2,cus_7e3d0024d70dea,13355,price_4304179cdd16c4,4900,USD,month,active,2025-01-14 11:54:55.397756,2025-01-14 12:05:55.397756,2025-02-13 12:05:55.397756,False,,,,"{""source"": ""linkedin"", ""archetype"": ""engaged_free""}"
sub_d314befa411ce6,cus_6f5f0ddeb3991c,13359,price_279be397745e2a,4900,usd,month,past_due,2025-01-25 00:36:58.496453,2025-01-25 01:05:58.496453,2025-02-24 01:05:58.496453,False,,2025-01-13 01:05:58.496453,,"{""source"": ""partner"", ""archetype"": ""engaged_free""}"
sub_e0915482073ee0,cus_2b5616a77696be,13363,price_b03d6e0d336d3c,2900,Eur,month,past_due,2025-01-18 02:41:26.749045,2025-01-18 02:50:26.749045,2025-02-17 02:50:26.749045,False,,,,"{""source"": ""referral"", ""archetype"": ""engaged_free""}"
sub_3c9d818b84b519,cus_650e824d48b434,13366,price_df4f9fdf0acad4,9900,USD,year,active,2025-01-21 22:42:31.208408,2025-01-21 22:54:31.208408,2025-02-20 22:54:31.208408,False,,,,"{""source"": ""linkedin"", ""archetype"": ""power_user""}"
sub_afa93d57f95493,cus_e8b120d69cd29b,13368,price_ba183aec57cf43,29900,gbp,month,active,2025-01-31 21:04:40.063104,2025-01-31 21:18:40.063104,2025-03-02 21:18:40.063104,False,,,,"{""source"": ""linkedin"", ""archetype"": ""power_user""}"
sub_dacfd60e84e592,cus_d26c01a9e15889,13376,price_e520ffcadbd6cb,4900,Eur,month,active,2025-01-21 20:48:37.716026,2025-01-21 20:50:37.716026,2025-02-20 20:50:37.716026,False,,,,"{""source"": ""referral"", ""archetype"": ""engaged_free""}"
sub_1893d812628ed9,cus_b32681bdcf26df,13381,price_f69c1d7e027a1f,9900,eur,year,active,2025-01-05 18:55:06.798891,2025-01-05 19:14:06.798891,2025-02-04 19:14:06.798891,False,,,2025-01-05 19:14:06.798891,"{""source"": ""google_ads"", ""archetype"": ""power_user""}"
sub_d075057e9f0123,cus_094c9197958971,13386,price_8f39bf0a50ca09,29900,eur,year,active,2025-01-17 14:07:03.581572,2025-01-17 14:30:03.581572,2025-02-16 14:30:03.581572,False,,2025-01-05 14:30:03.581572,,"{""source"": ""referral"", ""archetype"": ""enterprise_evaluator""}"
sub_af2735de61feca,cus_02e325264e23b5,13390,price_b50c60317e297a,19900,gbp,month,active,2025-01-17 22:11:22.855126,2025-01-17 22:37:22.855126,2025-02-16 22:37:22.855126,False,,,,"{""source"": ""google_ads"", ""archetype"": ""enterprise_evaluator""}"
sub_adb66d109c7c20,cus_5114d596900727,13395,price_bbcd8228042bb7,9900,Eur,month,active,2025-01-23 10:29:44.342535,2025-01-23 10:52:44.342535,2025-02-22 10:52:44.342535,False,,,,"{""source"": ""partner"", ""archetype"": ""power_user""}"
sub_004d9aca285a09,cus_8e986901214abb,13402,price_2290986edb07df,2900,eur,month,active,2025-01-23 13:54:17.335897,2025-01-23 14:14:17.335897,2025-02-22 14:14:17.335897,False,,2025-01-11 14:14:17.335897,2025-01-23 14:14:17.335897,"{""source"": ""partner"", ""archetype"": ""engaged_free""}"
sub_4bd7537d115391,cus_19d73b64830540,13408,price_6ab9e9add9f5a4,29900,Eur,month,active,2025-01-30 07:02:21.647128,2025-01-30 07:29:21.647128,2025-03-01 07:29:21.647128,False,,,2025-01-30 07:29:21.647128,"{""source"": ""partner"", ""archetype"": ""power_user""}"
sub_95865b3a6b6847,cus_ca5b1d2e9035e2,13421,price_9a2c9ef16ea31a,4900,Eur,month,canceled,2025-01-07 21:25:47.538360,2025-01-07 21:40:47.538360,2025-02-06 21:40:47.538360,True,2025-02-02 21:21:32.662980,,,"{""source"": ""linkedin"", ""archetype"": ""engaged_free""}"
sub_6985cedd5d3b94,cus_97a471e8545168,13431,price_3b2f9a61f11cb4,9900,eur,month,active,2025-02-17 15:48:30.322406,2025-02-17 16:08:30.322406,2025-03-19 16:08:30.322406,False,,,,"{""source"": ""organic"", ""archetype"": ""power_user""}"
sub_b4baf9c30b4db7,cus_91a255a1045de3,13434,price_a308d13545168f,2900,eur,month,active,2025-01-10 18:24:20.311476,2025-01-10 18:52:20.311476,2025-02-09 18:52:20.311476,False,,,,"{""source"": ""referral"", ""archetype"": ""engaged_free""}"
sub_adef3cf4523657,cus_d4367951172de3,13459,price_607676fd09f575,4900,eur,year,active,2025-01-19 18:16:32.218418,2025-01-19 18:19:32.218418,2025-02-18 18:19:32.218418,False,,2025-01-07 18:19:32.218418,2025-01-19 18:19:32.218418,"{""source"": ""linkedin"", ""archetype"": ""engaged_free""}"
sub_318bad32fa8efb,cus_92545eaf0d8adc,13463,price_1c37354d4ce740,29900,usd,year,active,2025-02-02 15:58:05.824292,2025-02-02 16:05:05.824292,2025-03-04 16:05:05.824292,False,,,,"{""source"": ""google_ads"", ""archetype"": ""enterprise_evaluator""}"
sub_5e7523e64d8aaa,cus_7b47442c90539a,13464,price_9d9a37dd88fd34,29900,GBP,month,active,2025-01-12 08:21:00.306105,2025-01-12 08:40:00.306105,2025-02-11 08:40:00.306105,False,,,2025-01-12 08:40:00.306105,"{""source"": ""partner"", ""archetype"": ""power_user""}"
sub_cd53d7c42f4259,cus_94576c9c63c0da,13465,price_fb8bba2e872c7b,29900,USD,month,active,2025-01-18 08:07:02.734785,2025-01-18 08:33:02.734785,2025-02-17 08:33:02.734785,False,,2025-01-07 08:33:02.734785,,"{""source"": ""linkedin"", ""archetype"": ""enterprise_evaluator""}"
sub_070bd440444fa8,cus_9be5692c878e60,13471,price_8d998d1df78f01,19900,GBP,year,active,2025-01-11 04:57:19.133071,2025-01-11 05:09:19.133071,2025-02-10 05:09:19.133071,False,,,2025-01-11 05:09:19.133071,"{""source"": ""direct"", ""archetype"": ""power_user""}"
sub_2bc7a0a0a0f94c,cus_2f2cc97718c917,13478,price_bdf4cbec532a2e,29900,Eur,month,unpaid,2025-01-22 22:19:51.106399,2025-01-22 22:36:51.106399,2025-02-21 22:36:51.106399,False,,2025-01-09 22:36:51.106399,2025-01-22 22:36:51.106399,"{""source"": ""referral"", ""archetype"": ""enterprise_evaluator""}"
sub_86b2b4bc142c33,cus_dfba822b9af870,13479,price_74e30a9a13015e,29900,Eur,month,active,2025-01-05 23:40:45.902503,2025-01-05 23:50:45.902503,2025-02-04 23:50:45.902503,False,,,,"{""source"": ""google_ads"", ""archetype"": ""power_user""}"
sub_39ebc3033eb8ab,cus_e356e7b2ecc6c2,13480,price_988e55dc0417b5,19900,usd,year,active,2025-02-14 11:58:54.477496,2025-02-14 12:19:54.477496,2025-03-16 12:19:54.477496,False,,,,"{""source"": ""referral"", ""archetype"": ""power_user""}"
sub_ae94c4cea9dba7,cus_322d4495d0d512,13482,price_cd074caa43d34d,4900,Eur,month,unpaid,2025-01-19 03:55:35.790954,2025-01-19 04:19:35.790954,2025-02-18 04:19:35.790954,False,,,,"{""source"": ""google_ads"", ""archetype"": ""engaged_free""}"
sub_b7c937b48eee16,cus_2d2bab9d156852,13489,price_6651e1d0212eea,19900,USD,month,active,2025-01-12 19:45:01.346353,2025-01-12 20:04:01.346353,2025-02-11 20:04:01.346353,False,,,,"{""source"": ""partner"", ""archetype"": ""enterprise_evaluator""}"
sub_7891de4934b716,cus_964912bc9622d4,13491,price_6ae2a46588a2d1,9900,Eur,month,active,2025-01-18 07:49:35.063776,2025-01-18 07:56:35.063776,2025-02-17 07:56:35.063776,False,,2025-01-11 07:56:35.063776,2025-01-18 07:56:35.063776,"{""source"": ""partner"", ""archetype"": ""power_user""}"
sub_7186ddf4bac0b2,cus_225567bba262ef,13498,price_1b8ccdf6f0f0b4,29900,GBP,year,active,2025-02-19 03:28:59.172587,2025-02-19 03:53:59.172587,2025-03-21 03:53:59.172587,False,,,,"{""source"": ""referral"", ""archetype"": ""enterprise_evaluator""}"
sub_548914bed1d1f6,cus_79fe7dc17dc483,13513,price_b2e7421fd6523e,29900,USD,year,active,2025-01-14 14:02:26.192287,2025-01-14 14:24:26.192287,2025-02-13 14:24:26.192287,False,,2025-01-02 14:24:26.192287,2025-01-14 14:24:26.192287,"{""source"": ""partner"", ""archetype"": ""enterprise_evaluator""}"
sub_2dba59b240cc09,cus_8f3b72c9b3688c,13515,price_3069a8b016bf1f,19900,USD,month,active,2025-01-09 14:36:13.042016,2025-01-09 15:05:13.042016,2025-02-08 15:05:13.042016,False,,2024-12-28 15:05:13.042016,,"{""source"": ""organic"", ""archetype"": ""power_user""}"
sub_461dae0de02d69,cus_3b51fbd3d4a3b2,13518,price_a0bc8373b6a3fd,9900,Eur,month,active,2025-01-18 04:41:28.785775,2025-01-18 05:08:28.785775,2025-02-17 05:08:28.785775,False,,2025-01-08 05:08:28.785775,,"{""source"": ""linkedin"", ""archetype"": ""power_user""}"
sub_863e70d0cd75b8,cus_5918c7d7ad9b4e,13521,price_b44e9b142feeda,19900,GBP,month,active,2025-01-15 06:32:40.503335,2025-01-15 06:45:40.503335,2025-02-14 06:45:40.503335,False,,,,"{""source"": ""google_ads"", ""archetype"": ""enterprise_evaluator""}"
sub_b2ccabd653768e,cus_108d5319ee7cf6,13527,price_1c4f839043313a,4900,GBP,year,unpaid,2025-01-05 16:48:12.834672,2025-01-05 16:52:12.834672,2025-02-04 16:52:12.834672,False,,,,"{""source"": ""linkedin"", ""archetype"": ""engaged_free""}"
sub_e0206622881e71,cus_8010a816bc6a1e,13532,price_c220d877db88f7,29900,Eur,month,active,2025-02-11 08:01:14.960165,2025-02-11 08:11:14.960165,2025-03-13 08:11:14.960165,False,,,,"{""source"": ""linkedin"", ""archetype"": ""power_user""}"
sub_972f80264af0f1,cus_f83bd9ae6173f7,13534,price_181a82c9b0088c,4900,eur,month,active,2025-02-14 00:11:27.106020,2025-02-14 00:16:27.106020,2025-03-16 00:16:27.106020,False,,,,"{""source"": ""google_ads"", ""archetype"": ""engaged_free""}"
sub_b8fd6460e3b62b,cus_4cce9b700787c8,13537,price_d86a988ca5ffa4,9900,gbp,month,active,2025-01-25 21:18:28.632504,2025-01-25 21:21:28.632504,2025-02-24 21:21:28.632504,False,,,,"{""source"": ""direct"", ""archetype"": ""power_user""}"
sub_40d1d74c4274cf,cus_210acfade21ed1,13538,price_e0184b5e173d5b,4900,Eur,month,canceled,2025-01-23 07:18:09.964543,2025-01-23 07:32:09.964543,2025-02-22 07:32:09.964543,True,2025-02-28 07:26:20.541288,,2025-01-23 07:32:09.964543,"{""source"": ""organic"", ""archetype"": ""engaged_free""}"
sub_97fa78725cdaa0,cus_4f1bfca0015ca7,13539,price_73cfada549664b,19900,gbp,year,active,2025-01-20 06:44:13.540641,2025-01-20 07:13:13.540641,2025-02-19 07:13:13.540641,False,,,,"{""source"": ""partner"", ""archetype"": ""enterprise_evaluator""}"
sub_72ee939eabc99d,cus_aad154ac408bbd,13544,price_5e6cedfa19cbcb,2900,GBP,year,unpaid,2025-02-01 14:25:47.940824,2025-02-01 14:34:47.940824,2025-03-03 14:34:47.940824,False,,2025-01-23 14:34:47.940824,,"{""source"": ""partner"", ""archetype"": ""engaged_free""}"
sub_58669225156654,cus_db98b1914dac37,13550,price_283ba5f96739a7,4900,gbp,year,past_due,2025-01-25 10:02:46.609572,2025-01-25 10:15:46.609572,2025-02-24 10:15:46.609572,False,,,2025-01-25 10:15:46.609572,"{""source"": ""organic"", ""archetype"": ""engaged_free""}"
sub_8957a2e40aa484,cus_2b6f1e54f9c93c,13554,price_0e782936ca2ee8,29900,eur,year,active,2025-02-02 10:47:05.773729,2025-02-02 11:08:05.773729,2025-03-04 11:08:05.773729,False,,,2025-02-02 11:08:05.773729,"{""source"": ""direct"", ""archetype"": ""enterprise_evaluator""}"
sub_b6b2fa1cf0ae4f,cus_f57df00163095b,13558,price_11362a85a14b3d,29900,USD,year,active,2025-01-17 12:28:42.690654,2025-01-17 12:48:42.690654,2025-02-16 12:48:42.690654,False,,,2025-01-17 12:48:42.690654,"{""source"": ""google_ads"", ""archetype"": ""enterprise_evaluator""}"
sub_402da3a87b8f3d,cus_7ece79be099f91,13559,price_531ad56c7849ea,29900,Eur,year,unpaid,2025-02-14 08:54:59.711321,2025-02-14 09:18:59.711321,2025-03-16 09:18:59.711321,False,,,,"{""source"": ""google_ads"", ""archetype"": ""enterprise_evaluator""}"
sub_2456ce3153965f,cus_94c1586dcc2f63,13561,price_9f6490d84abe26,9900,eur,month,active,2025-01-06 09:22:22.426284,2025-01-06 09:49:22.426284,2025-02-05 09:49:22.426284,False,,2024-12-24 09:49:22.426284,,"{""source"": ""google_ads"", ""archetype"": ""power_user""}"
sub_2160d10175812b,cus_f8d437b5c6ee57,13566,price_afa9b3ce771da2,4900,gbp,month,active,2025-01-18 01:33:18.623934,2025-01-18 01:46:18.623934,2025-02-17 01:46:18.623934,False,,,2025-01-18 01:46:18.623934,"{""source"": ""partner"", ""archetype"": ""engaged_free""}"
sub_8036fa2d7196b9,cus_4c3b4c4c12d97c,13568,price_5155168a4af1e0,19900,eur,month,active,2025-01-26 11:06:12.315706,2025-01-26 11:19:12.315706,2025-02-25 11:19:12.315706,False,,,2025-01-26 11:19:12.315706,"{""source"": ""partner"", ""archetype"": ""enterprise_evaluator""}"
sub_d2d46ab6f751c4,cus_a8ab3179943c17,13574,price_0d454f509f8bb0,4900,Eur,month,active,2025-01-14 02:19:15.995759,2025-01-14 02:32:15.995759,2025-02-13 02:32:15.995759,False,,,,"{""source"": ""direct"", ""archetype"": ""engaged_free""}"
sub_2aa3db4ce8b857,cus_09af5b8183ba74,13582,price_fe7401b5e2dbb1,29900,Eur,month,active,2025-02-22 05:25:26.421578,2025-02-22 05:43:26.421578,2025-03-24 05:43:26.421578,False,,,,"{""source"": ""referral"", ""archetype"": ""power_user""}"
sub_1a7e6428774e3a,cus_6d0fd9eb8b5134,13584,price_e89ae2be5b89f5,2900,gbp,month,active,2025-01-06 10:10:10.971764,2025-01-06 10:26:10.971764,2025-02-05 10:26:10.971764,False,,2024-12-30 10:26:10.971764,,"{""source"": ""organic"", ""archetype"": ""engaged_free""}"
sub_0e2116165922c7,cus_ec68ceee8ef70c,13587,price_1c1986810c5961,29900,Eur,month,active,2025-01-24 05:00:52.660509,2025-01-24 05:10:52.660509,2025-02-23 05:10:52.660509,False,,,,"{""source"": ""partner"", ""archetype"": ""enterprise_evaluator""}"
sub_0b97a143cd922b,cus_e03b12c1c17344,13602,price_1b32270b7d2be3,29900,usd,month,canceled,2025-02-04 01:53:27.563894,2025-02-04 02:13:27.563894,2025-03-06 02:13:27.563894,True,2025-03-10 04:58:02.571433,,2025-02-04 02:13:27.563894,"{""source"": ""linkedin"", ""archetype"": ""enterprise_evaluator""}"
sub_42fe22b08b5ce2,cus_df5d629e7cbae0,13613,price_00db9421eb2ac0,19900,usd,month,active,2025-01-19 00:05:19.632660,2025-01-19 00:19:19.632660,2025-02-18 00:19:19.632660,False,,,2025-01-19 00:19:19.632660,"{""source"": ""linkedin"", ""archetype"": ""enterprise_evaluator""}"
sub_c4120f2a0988fe,cus_5a12d618f5ae73,13617,price_6853e23fc705eb,2900,GBP,month,active,2025-01-12 00:13:01.907634,2025-01-12 00:37:01.907634,2025-02-11 00:37:01.907634,False,,2024-12-29 00:37:01.907634,,"{""source"": ""google_ads"", ""archetype"": ""engaged_free""}"
sub_42658a39eb9051,cus_f5b7b6fbb6f82d,13618,price_2c7bfee75972b0,2900,USD,month,active,2025-01-22 13:25:55.771112,2025-01-22 13:52:55.771112,2025-02-21 13:52:55.771112,False,,,,"{""source"": ""partner"", ""archetype"": ""casual_explorer""}"
sub_6cdb88e237002b,cus_be304192080a42,13627,price_5068fb147a5104,2900,usd,month,canceled,2025-01-14 13:00:47.489052,2025-01-14 13:16:47.489052,2025-02-13 13:16:47.489052,True,2025-03-09 05:20:03.234506,,2025-01-14 13:16:47.489052,"{""source"": ""referral"", ""archetype"": ""support_heavy""}"
sub_44d7f6bacdbe34,cus_ce736f0e036b5e,13628,price_3b18cf6be372d5,19900,GBP,year,active,2025-01-11 20:42:23.209042,2025-01-11 20:54:23.209042,2025-02-10 20:54:23.209042,False,,2024-12-28 20:54:23.209042,,"{""source"": ""direct"", ""archetype"": ""enterprise_evaluator""}"
sub_aa32017532692d,cus_bfc0eab6b3db36,13638,price_01918083f65942,19900,usd,month,active,2025-01-19 22:03:13.172525,2025-01-19 22:24:13.172525,2025-02-18 22:24:13.172525,False,,,2025-01-19 22:24:13.172525,"{""source"": ""google_ads"", ""archetype"": ""power_user""}"
sub_c9e2b01c97a835,cus_90fcce290c06bb,13649,price_a4358129bb3413,29900,usd,month,active,2025-01-20 19:10:17.440503,2025-01-20 19:39:17.440503,2025-02-19 19:39:17.440503,False,,,2025-01-20 19:39:17.440503,"{""source"": ""linkedin"", ""archetype"": ""enterprise_evaluator""}"
sub_84329c39037cde,cus_c915a6854e6c42,13668,price_f8c4a8fde0cc45,2900,USD,month,active,2025-01-08 10:40:50.565938,2025-01-08 11:07:50.565938,2025-02-07 11:07:50.565938,False,,2024-12-29 11:07:50.565938,,"{""source"": ""google_ads"", ""archetype"": ""engaged_free""}"
sub_bd8b6467b04118,cus_b8e6862e717509,13675,price_a9044bde3f25f0,29900,USD,month,active,2025-01-07 17:26:33.500877,2025-01-07 17:36:33.500877,2025-02-06 17:36:33.500877,False,,,,"{""source"": ""direct"", ""archetype"": ""power_user""}"
sub_9ab418fc42b6b2,cus_1709ebdeab470e,13681,price_08253cbd41b1f8,19900,GBP,month,active,2025-01-27 04:51:24.567487,2025-01-27 05:20:24.567487,2025-02-26 05:20:24.567487,False,,,,"{""source"": ""referral"", ""archetype"": ""power_user""}"
sub_e18000301d3ec9,cus_9e4eacf3e5a00f,13691,price_5bd71046d65d95,4900,USD,month,canceled,2025-01-10 22:48:02.137924,2025-01-10 23:13:02.137924,2025-02-09 23:13:02.137924,True,2025-01-13 11:52:55.018475,,,"{""source"": ""linkedin"", ""archetype"": ""casual_explorer""}"
sub_72306fc5db2dac,cus_9ce97bb14d5ea1,13692,price_22c7dd8a1d7211,19900,Eur,month,active,2025-01-06 11:09:33.172326,2025-01-06 11:35:33.172326,2025-02-05 11:35:33.172326,False,,2024-12-26 11:35:33.172326,2025-01-06 11:35:33.172326,"{""source"": ""partner"", ""archetype"": ""enterprise_evaluator""}"
sub_5892c4d63ed23f,cus_6f318d4ae4ab17,13699,price_55c4ecf7ca00a7,29900,GBP,year,active,2025-01-30 09:34:52.228211,2025-01-30 09:45:52.228211,2025-03-01 09:45:52.228211,False,,,,"{""source"": ""organic"", ""archetype"": ""enterprise_evaluator""}"
sub_1233e7d18f7b78,cus_0dc5acc9d3a2a5,13701,price_fb2a62499629b7,19900,Eur,month,active,2025-01-12 07:00:16.313909,2025-01-12 07:22:16.313909,2025-02-11 07:22:16.313909,False,,,,"{""source"": ""google_ads"", ""archetype"": ""power_user""}"
sub_e3c07143ac187e,cus_dea47ebd753e3a,13705,price_87a429f352e00d,2900,Eur,month,active,2025-01-29 04:30:28.598391,2025-01-29 04:48:28.598391,2025-02-28 04:48:28.598391,False,,2025-01-21 04:48:28.598391,,"{""source"": ""partner"", ""archetype"": ""engaged_free""}"
sub_3082d26fc64f09,cus_8ce43d96f6a2f9,13711,price_9d6440e377da53,29900,usd,year,active,2025-02-02 13:56:06.570104,2025-02-02 14:09:06.570104,2025-03-04 14:09:06.570104,False,,,,"{""source"": ""linkedin"", ""archetype"": ""enterprise_evaluator""}"
sub_1e3bc6552ea82d,cus_0067590be838d6,13717,price_6ef5524462de87,4900,USD,month,active,2025-01-22 02:28:55.408019,2025-01-22 02:54:55.408019,2025-02-21 02:54:55.408019,False,,,,"{""source"": ""partner"", ""archetype"": ""engaged_free""}"
sub_10963c4e1412c2,cus_40e41f06503f95,13727,price_ee4505b578fd51,19900,gbp,month,active,2025-01-08 13:54:37.410657,2025-01-08 14:10:37.410657,2025-02-07 14:10:37.410657,False,,2024-12-31 14:10:37.410657,,"{""source"": ""direct"", ""archetype"": ""power_user""}"
sub_eaedf16e1bfd4a,cus_ec987a19717f21,13728,price_aa891ef30208ca,19900,eur,month,active,2025-03-18 22:03:38.915307,2025-03-18 22:07:38.915307,2025-04-17 22:07:38.915307,False,,,2025-03-18 22:07:38.915307,"{""source"": ""organic"", ""archetype"": ""enterprise_evaluator""}"
sub_f0fb04b42a0c2b,cus_c9529d4dcf194f,13730,price_4b3a20211cb02c,19900,GBP,month,active,2025-02-03 15:52:00.923873,2025-02-03 16:03:00.923873,2025-03-05 16:03:00.923873,False,,,2025-02-03 16:03:00.923873,"{""source"": ""organic"", ""archetype"": ""power_user""}"
sub_79bb19073d0183,cus_03f07a2a5a2686,13732,price_2e7191f6bb538d,2900,eur,month,past_due,2025-01-08 23:13:30.646072,2025-01-08 23:24:30.646072,2025-02-07 23:24:30.646072,False,,,,"{""source"": ""direct"", ""archetype"": ""engaged_free""}"
sub_2b62cf0453d9ca,cus_f6d85de67ededf,13738,price_85546a108cf7a6,29900,GBP,year,active,2025-01-20 10:38:39.416556,2025-01-20 11:07:39.416556,2025-02-19 11:07:39.416556,False,,,2025-01-20 11:07:39.416556,"{""source"": ""organic"", ""archetype"": ""enterprise_evaluator""}"
sub_c95a65820e1ac9,cus_fdf95b5342aa23,13749,price_6150e6db7fb092,29900,gbp,month,active,2025-02-01 17:05:24.282878,2025-02-01 17:10:24.282878,2025-03-03 17:10:24.282878,False,,2025-01-18 17:10:24.282878,,"{""source"": ""direct"", ""archetype"": ""enterprise_evaluator""}"
sub_7679f094a4520f,cus_9c4c4dc44b1d42,13751,price_5579b1b8d9a042,29900,usd,month,active,2025-01-22 11:38:51.029299,2025-01-22 11:57:51.029299,2025-02-21 11:57:51.029299,False,,2025-01-14 11:57:51.029299,2025-01-22 11:57:51.029299,"{""source"": ""partner"", ""archetype"": ""power_user""}"
sub_82c85fb604fa00,cus_aab131f4ba5c33,13765,price_b8ffa49720379b,4900,GBP,year,active,2025-01-15 01:43:54.217609,2025-01-15 02:13:54.217609,2025-02-14 02:13:54.217609,False,,,2025-01-15 02:13:54.217609,"{""source"": ""direct"", ""archetype"": ""engaged_free""}"
sub_b0d387418f1c54,cus_4de59603c7900d,13766,price_c4b676c79dfc8d,19900,gbp,month,active,2025-02-05 13:41:56.381896,2025-02-05 13:42:56.381896,2025-03-07 13:42:56.381896,False,,2025-01-22 13:42:56.381896,,"{""source"": ""referral"", ""archetype"": ""power_user""}"
sub_8ac120c284e2dd,cus_9deab2c89b393e,13769,price_a2c4f7d9b5b200,29900,usd,month,active,2025-01-20 19:36:54.118313,2025-01-20 19:40:54.118313,2025-02-19 19:40:54.118313,False,,2025-01-08 19:40:54.118313,,"{""source"": ""google_ads"", ""archetype"": ""power_user""}"
sub_f4d825a41735c5,cus_9b62c5996fc866,13776,price_a25153a422bf1a,29900,Eur,month,canceled,2025-01-07 16:48:43.831608,2025-01-07 17:12:43.831608,2025-02-06 17:12:43.831608,True,2025-01-29 23:24:08.063434,,,"{""source"": ""partner"", ""archetype"": ""power_user""}"
sub_104b4d6cb49462,cus_6781a142271ee1,13784,price_84f240c4ab9a57,29900,eur,year,active,2025-01-28 03:58:00.317903,2025-01-28 04:00:00.317903,2025-02-27 04:00:00.317903,False,,,2025-01-28 04:00:00.317903,"{""source"": ""partner"", ""archetype"": ""power_user""}"
sub_2bc1d10cac2eb3,cus_a516073617fc8e,13791,price_1961e4a5bb268d,4900,gbp,month,active,2025-01-15 05:31:42.974334,2025-01-15 05:36:42.974334,2025-02-14 05:36:42.974334,False,,,,"{""source"": ""partner"", ""archetype"": ""engaged_free""}"
sub_31740b04e9cef1,cus_68ad6fbc67a4e9,13800,price_5c76e911428a72,2900,eur,year,canceled,2025-01-07 17:22:07.924930,2025-01-07 17:28:07.924930,2025-02-06 17:28:07.924930,True,2025-02-03 19:45:11.228184,,,"{""source"": ""google_ads"", ""archetype"": ""casual_explorer""}"
sub_4ff08f2b03881c,cus_850e217715b4cc,13801,price_9e9a3f0a11914a,29900,Eur,year,active,2025-02-04 06:22:48.339964,2025-02-04 06:42:48.339964,2025-03-06 06:42:48.339964,False,,2025-01-22 06:42:48.339964,,"{""source"": ""referral"", ""archetype"": ""power_user""}"
sub_e0bdf32cd47cf6,cus_bc2037838650d1,13809,price_34ad12e9d8018e,9900,gbp,month,active,2025-01-18 02:56:03.619595,2025-01-18 03:16:03.619595,2025-02-17 03:16:03.619595,False,,,,"{""source"": ""linkedin"", ""archetype"": ""power_user""}"
sub_adf6f198fdf192,cus_13de868ef57547,13811,price_1777a5621e22ff,19900,Eur,year,canceled,2025-02-07 11:50:09.423634,2025-02-07 12:00:09.423634,2025-03-09 12:00:09.423634,True,2025-03-17 13:00:36.940631,2025-01-27 12:00:09.423634,2025-02-07 12:00:09.423634,"{""source"": ""google_ads"", ""archetype"": ""power_user""}"
sub_0b97ce9fceb031,cus_949e5daaecef4c,13823,price_9cf8ddaf737c84,2900,GBP,year,active,2025-01-21 16:23:45.211086,2025-01-21 16:50:45.211086,2025-02-20 16:50:45.211086,False,,2025-01-13 16:50:45.211086,,"{""source"": ""partner"", ""archetype"": ""engaged_free""}"
sub_15cc92464e3231,cus_2281bb3f5223f8,13825,price_e3628e66091477,9900,usd,month,active,2025-02-18 11:34:18.625427,2025-02-18 11:36:18.625427,2025-03-20 11:36:18.625427,False,,2025-02-04 11:36:18.625427,2025-02-18 11:36:18.625427,"{""source"": ""referral"", ""archetype"": ""power_user""}"
sub_70747930ff6121,cus_6f0fa3d505fc9e,13826,price_57eddf3184800e,19900,usd,month,active,2025-02-10 06:59:28.316016,2025-02-10 07:11:28.316016,2025-03-12 07:11:28.316016,False,,,,"{""source"": ""organic"", ""archetype"": ""power_user""}"
sub_727103907fdf8a,cus_81340d5f76dee6,13838,price_5c3b1f86e889be,9900,eur,month,active,2025-02-16 11:50:27.665130,2025-02-16 12:08:27.665130,2025-03-18 12:08:27.665130,False,,,2025-02-16 12:08:27.665130,"{""source"": ""google_ads"", ""archetype"": ""power_user""}"
sub_5801f9922491b6,cus_8c1f6ef5133a54,13839,price_75659786fca29f,9900,eur,month,active,2025-01-13 17:44:15.705632,2025-01-13 17:53:15.705632,2025-02-12 17:53:15.705632,False,,,2025-01-13 17:53:15.705632,"{""source"": ""direct"", ""archetype"": ""power_user""}"
sub_1feb5e92f05d51,cus_516feb27b2e5ec,13842,price_f057467d295866,19900,usd,year,active,2025-02-01 14:02:53.652451,2025-02-01 14:20:53.652451,2025-03-03 14:20:53.652451,False,,2025-01-18 14:20:53.652451,,"{""source"": ""organic"", ""archetype"": ""enterprise_evaluator""}"
sub_bf344cf3c8f901,cus_8163f003e87a22,13846,price_f61b40271270c6,29900,Eur,month,active,2025-02-07 17:33:30.566274,2025-02-07 17:51:30.566274,2025-03-09 17:51:30.566274,False,,,,"{""source"": ""organic"", ""archetype"": ""enterprise_evaluator""}"
sub_6ef6689d7705f9,cus_e0a21e289f4e4c,13851,price_706b488a5b170e,19900,usd,year,active,2025-01-06 23:33:11.119418,2025-01-06 23:48:11.119418,2025-02-05 23:48:11.119418,False,,2024-12-24 23:48:11.119418,2025-01-06 23:48:11.119418,"{""source"": ""linkedin"", ""archetype"": ""power_user""}"
sub_1439b574bac26a,cus_a7aa439c5ec30d,13856,price_ee1e42f0934ee6,19900,gbp,year,active,2025-01-13 19:45:24.836890,2025-01-13 19:48:24.836890,2025-02-12 19:48:24.836890,False,,,,"{""source"": ""google_ads"", ""archetype"": ""enterprise_evaluator""}"
sub_456fd180615f70,cus_2b4e35891de9e9,13857,price_617d87b40474cc,19900,Eur,month,active,2025-02-08 12:01:47.172378,2025-02-08 12:24:47.172378,2025-03-10 12:24:47.172378,False,,,2025-02-08 12:24:47.172378,"{""source"": ""referral"", ""archetype"": ""enterprise_evaluator""}"
sub_0b0c68fcb0f641,cus_90d9695d40cc4b,13860,price_ad6caff094943d,9900,usd,month,active,2025-02-23 22:50:46.945659,2025-02-23 23:02:46.945659,2025-03-25 23:02:46.945659,False,,,,"{""source"": ""direct"", ""archetype"": ""power_user""}"
sub_6d97612e913d92,cus_fb25d9afa8ed3c,13873,price_1a21ed59ab3572,2900,USD,month,active,2025-01-18 05:10:52.046404,2025-01-18 05:28:52.046404,2025-02-17 05:28:52.046404,False,,,2025-01-18 05:28:52.046404,"{""source"": ""google_ads"", ""archetype"": ""engaged_free""}"
sub_ae77b55ae05b41,cus_068bbaf69acbac,13876,price_b1b6d72dee7878,29900,gbp,month,past_due,2025-03-02 16:58:43.139417,2025-03-02 17:21:43.139417,2025-04-01 17:21:43.139417,False,,2025-02-23 17:21:43.139417,,"{""source"": ""organic"", ""archetype"": ""power_user""}"
sub_8755bc112bbcdd,cus_6c93118b2fdbe0,13884,price_7e0c5d76b6b8b5,29900,Eur,year,active,2025-02-06 13:54:34.688585,2025-02-06 14:06:34.688585,2025-03-08 14:06:34.688585,False,,,2025-02-06 14:06:34.688585,"{""source"": ""organic"", ""archetype"": ""enterprise_evaluator""}"
sub_b052b3de6dbaa5,cus_0508eeabbf2ffe,13887,price_b580575d3fec0f,29900,eur,month,active,2025-01-22 17:05:18.457568,2025-01-22 17:30:18.457568,2025-02-21 17:30:18.457568,False,,,,"{""source"": ""partner"", ""archetype"": ""power_user""}"
sub_17e97068b0a006,cus_9e855ce6b12ad1,13892,price_0f11e24242f9e1,29900,usd,month,unpaid,2025-01-07 11:56:31.403114,2025-01-07 12:20:31.403114,2025-02-06 12:20:31.403114,False,,,,"{""source"": ""referral"", ""archetype"": ""power_user""}"
sub_4fb1018aa156fd,cus_b782e1e122e3b1,13897,price_01a45578f75a24,29900,USD,month,active,2025-01-15 12:45:17.132877,2025-01-15 13:00:17.132877,2025-02-14 13:00:17.132877,False,,,,"{""source"": ""linkedin"", ""archetype"": ""enterprise_evaluator""}"
sub_5e2162968a3d86,cus_083e16a293c6aa,13901,price_2a703558dd0250,19900,GBP,month,active,2025-02-10 22:10:13.269866,2025-02-10 22:30:13.269866,2025-03-12 22:30:13.269866,False,,2025-02-01 22:30:13.269866,,"{""source"": ""organic"", ""archetype"": ""power_user""}"
sub_2fbd5f6836f10f,cus_a73785db31875d,13904,price_b52b5abd63fc38,29900,USD,year,canceled,2025-01-10 15:47:12.995738,2025-01-10 15:49:12.995738,2025-02-09 15:49:12.995738,True,2025-03-12 22:41:06.923283,2024-12-29 15:49:12.995738,,"{""source"": ""referral"", ""archetype"": ""enterprise_evaluator""}"
sub_3a751c70b5c2cd,cus_5a11c00656265c,13910,price_89002302a2ff17,19900,USD,month,active,2025-01-21 23:10:48.137818,2025-01-21 23:20:48.137818,2025-02-20 23:20:48.137818,False,,,,"{""source"": ""partner"", ""archetype"": ""enterprise_evaluator""}"
sub_722819534f7022,cus_bb79b2fbd63069,13911,price_ef2fbb18a10e42,29900,usd,month,active,2025-01-14 22:25:00.912800,2025-01-14 22:42:00.912800,2025-02-13 22:42:00.912800,False,,,,"{""source"": ""direct"", ""archetype"": ""power_user""}"
sub_09506458669033,cus_6ba2b071b18a64,13914,price_0002c1623265b4,29900,eur,month,active,2025-01-16 14:58:51.010933,2025-01-16 15:04:51.010933,2025-02-15 15:04:51.010933,False,,,,"{""source"": ""linkedin"", ""archetype"": ""enterprise_evaluator""}"
sub_37affcf99a59e9,cus_e7273dc5c1be93,13918,price_767eaa1f5ec094,2900,Eur,year,active,2025-01-28 18:12:21.818817,2025-01-28 18:26:21.818817,2025-02-27 18:26:21.818817,False,,2025-01-18 18:26:21.818817,2025-01-28 18:26:21.818817,"{""source"": ""google_ads"", ""archetype"": ""engaged_free""}"
sub_ba0659c8a7dc06,cus_c2eb39925b4276,13920,price_c9bcc4c315cf48,4900,Eur,month,canceled,2025-02-08 20:15:42.964112,2025-02-08 20:20:42.964112,2025-03-10 20:20:42.964112,True,2025-03-16 02:22:55.939480,2025-01-26 20:20:42.964112,,"{""source"": ""google_ads"", ""archetype"": ""engaged_free""}"
sub_e95f1302926074,cus_ed4d57662b7831,13922,price_486047c1e523c6,29900,Eur,month,active,2025-02-07 02:33:29.985189,2025-02-07 02:43:29.985189,2025-03-09 02:43:29.985189,False,,,,"{""source"": ""direct"", ""archetype"": ""power_user""}"
sub_bfa32bf04e757c,cus_ca0e5316af1818,13928,price_f3ed3f53a6a305,29900,USD,year,active,2025-01-29 21:42:38.887896,2025-01-29 22:12:38.887896,2025-02-28 22:12:38.887896,False,,,,"{""source"": ""partner"", ""archetype"": ""power_user""}"
sub_11f0d44d162b28,cus_c5de8566a18680,13936,price_9a25e6065cd80f,2900,gbp,month,active,2025-01-29 23:22:17.095713,2025-01-29 23:36:17.095713,2025-02-28 23:36:17.095713,False,,,,"{""source"": ""linkedin"", ""archetype"": ""engaged_free""}"
sub_37a1a8cf05fc1f,cus_cef1e49a2cf901,13941,price_c2bf9b853af4c9,19900,eur,month,active,2025-02-09 08:01:08.621679,2025-02-09 08:02:08.621679,2025-03-11 08:02:08.621679,False,,,2025-02-09 08:02:08.621679,"{""source"": ""direct"", ""archetype"": ""power_user""}"
sub_e7808d5e7060c8,cus_c15d61c9c06cad,13958,price_2f8d70d767962a,2900,GBP,month,canceled,2025-03-29 13:54:43.531601,2025-03-29 14:20:43.531601,2025-04-28 14:20:43.531601,True,2025-04-19 14:25:01.675074,,,"{""source"": ""google_ads"", ""archetype"": ""support_heavy""}"
sub_da9a3ec46180de,cus_92efb9438adb9e,13974,price_42d17e069b7a19,4900,eur,month,past_due,2025-03-04 21:12:43.609503,2025-03-04 21:23:43.609503,2025-04-03 21:23:43.609503,False,,,2025-03-04 21:23:43.609503,"{""source"": ""google_ads"", ""archetype"": ""engaged_free""}"
sub_d52ff65c9c0324,cus_371edd9f1a9d13,13975,price_6ebafbfd4c8c6b,29900,Eur,month,active,2025-01-29 19:56:22.273644,2025-01-29 20:13:22.273644,2025-02-28 20:13:22.273644,False,,2025-01-20 20:13:22.273644,,"{""source"": ""referral"", ""archetype"": ""power_user""}"
sub_a9ff46c1d77853,cus_54e3d7aae4265c,13977,price_d565634379b2c5,29900,usd,month,past_due,2025-01-28 09:34:34.296072,2025-01-28 09:55:34.296072,2025-02-27 09:55:34.296072,False,,,,"{""source"": ""partner"", ""archetype"": ""enterprise_evaluator""}"
sub_612ec8981e5c86,cus_eb6d9fcbd3a3e9,13978,price_7e627e94ee3a33,19900,GBP,year,unpaid,2025-01-24 21:57:45.306505,2025-01-24 22:01:45.306505,2025-02-23 22:01:45.306505,False,,,2025-01-24 22:01:45.306505,"{""source"": ""partner"", ""archetype"": ""enterprise_evaluator""}"
sub_f3d025afc99605,cus_126cbb6a37fc25,13983,price_fd15f1da9c28b8,19900,Eur,year,active,2025-01-13 10:01:30.278413,2025-01-13 10:14:30.278413,2025-02-12 10:14:30.278413,False,,,2025-01-13 10:14:30.278413,"{""source"": ""direct"", ""archetype"": ""power_user""}"
sub_d7aadbaf43dae1,cus_aa934edfb08307,13987,price_44e426c363b81c,4900,Eur,month,active,2025-01-09 06:28:32.476040,2025-01-09 06:38:32.476040,2025-02-08 06:38:32.476040,False,,,2025-01-09 06:38:32.476040,"{""source"": ""google_ads"", ""archetype"": ""engaged_free""}"
sub_289ea16343f1be,cus_2251a0a34f5238,14012,price_24518c89cf61bc,19900,usd,month,active,2025-01-29 20:41:51.027320,2025-01-29 20:59:51.027320,2025-02-28 20:59:51.027320,False,,,,"{""source"": ""partner"", ""archetype"": ""enterprise_evaluator""}"
sub_d26dd6d50bb43e,cus_f1b9217e3636fd,14022,price_c3bf6740ce4ab0,2900,gbp,year,active,2025-01-18 14:23:50.191271,2025-01-18 14:46:50.191271,2025-02-17 14:46:50.191271,False,,,2025-01-18 14:46:50.191271,"{""source"": ""organic"", ""archetype"": ""engaged_free""}"
sub_a1e5f2468a3790,cus_b0bcaa52637a2f,14030,price_7851d35ccffadd,29900,eur,month,active,2025-01-09 16:29:45.817180,2025-01-09 16:36:45.817180,2025-02-08 16:36:45.817180,False,,,,"{""source"": ""partner"", ""archetype"": ""enterprise_evaluator""}"
sub_79fc0db43a1965,cus_bcb0bd26f4ed1f,14031,price_3eb70c0f7a8ff4,19900,gbp,month,active,2025-02-22 15:55:01.040108,2025-02-22 16:14:01.040108,2025-03-24 16:14:01.040108,False,,,,"{""source"": ""linkedin"", ""archetype"": ""enterprise_evaluator""}"
sub_3832f699a4a2a1,cus_d874d37d97440e,14035,price_ea1f5543d02ae9,4900,usd,month,active,2025-01-18 08:02:25.114679,2025-01-18 08:26:25.114679,2025-02-17 08:26:25.114679,False,,2025-01-07 08:26:25.114679,,"{""source"": ""organic"", ""archetype"": ""engaged_free""}"
sub_02b18b75b284a1,cus_23c44746659579,14068,price_a951da0b0c1a8a,4900,eur,month,active,2025-01-23 02:12:49.635644,2025-01-23 02:17:49.635644,2025-02-22 02:17:49.635644,False,,,,"{""source"": ""linkedin"", ""archetype"": ""engaged_free""}"
sub_20298ab588bbf4,cus_df45bb3aaec13f,14080,price_26079dacbabad9,29900,USD,year,active,2025-01-19 18:25:51.874220,2025-01-19 18:33:51.874220,2025-02-18 18:33:51.874220,False,,,,"{""source"": ""partner"", ""archetype"": ""enterprise_evaluator""}"
sub_26bf90f8f8f67c,cus_2b61b879e06290,14085,price_39e1910131b9f1,19900,usd,month,active,2025-01-26 12:24:18.948732,2025-01-26 12:25:18.948732,2025-02-25 12:25:18.948732,False,,,2025-01-26 12:25:18.948732,"{""source"": ""partner"", ""archetype"": ""power_user""}"
sub_21a04ae73b21ad,cus_7d36ebddbda67f,14093,price_b2dd2edc0f03a5,9900,eur,month,unpaid,2025-01-07 06:43:33.035138,2025-01-07 07:00:33.035138,2025-02-06 07:00:33.035138,False,,,2025-01-07 07:00:33.035138,"{""source"": ""google_ads"", ""archetype"": ""power_user""}"
sub_5b42ca941dce20,cus_7a1987a3aac65f,14099,price_ffcd0003c84580,29900,usd,month,active,2025-02-05 22:12:58.598113,2025-02-05 22:14:58.598113,2025-03-07 22:14:58.598113,False,,,,"{""source"": ""google_ads"", ""archetype"": ""enterprise_evaluator""}"
sub_31f2fec2ed7d13,cus_4d9982a4aea4a9,14101,price_63de00c2068641,4900,eur,year,canceled,2025-01-10 16:27:23.605491,2025-01-10 16:55:23.605491,2025-02-09 16:55:23.605491,True,2025-01-23 12:33:31.993466,,2025-01-10 16:55:23.605491,"{""source"": ""organic"", ""archetype"": ""engaged_free""}"
sub_73f547b4a2319c,cus_4693f28f294789,14107,price_9e54f9adde1e69,4900,gbp,month,active,2025-01-10 13:36:11.204472,2025-01-10 13:37:11.204472,2025-02-09 13:37:11.204472,False,,,,"{""source"": ""linkedin"", ""archetype"": ""engaged_free""}"
sub_7106d962c7635f,cus_9cc77ba41b44ee,14108,price_b057c91fb20716,2900,Eur,month,canceled,2025-01-24 03:43:43.667877,2025-01-24 03:47:43.667877,2025-02-23 03:47:43.667877,True,2025-02-14 12:43:43.517666,2025-01-11 03:47:43.667877,2025-01-24 03:47:43.667877,"{""source"": ""partner"", ""archetype"": ""engaged_free""}"
sub_62bb528bc8a43b,cus_1650e03eb43173,14120,price_1633fa2a990f11,19900,gbp,month,canceled,2025-01-16 12:25:27.294196,2025-01-16 12:29:27.294196,2025-02-15 12:29:27.294196,True,2025-07-01 16:58:27.176084,,,"{""source"": ""direct"", ""archetype"": ""enterprise_evaluator""}"
sub_516fcbe06a51fa,cus_d3fa9a697d4f87,14121,price_deb0b9a756c949,9900,eur,month,active,2025-01-06 07:19:11.275768,2025-01-06 07:30:11.275768,2025-02-05 07:30:11.275768,False,,,2025-01-06 07:30:11.275768,"{""source"": ""referral"", ""archetype"": ""power_user""}"
sub_1e7b21d8e82c77,cus_414d5a7db9f77e,14129,price_fee727a9945504,19900,Eur,month,active,2025-01-19 20:52:28.691636,2025-01-19 21:07:28.691636,2025-02-18 21:07:28.691636,False,,,2025-01-19 21:07:28.691636,"{""source"": ""partner"", ""archetype"": ""enterprise_evaluator""}"
sub_403428ce93e3f4,cus_fd78fb55dace3e,14130,price_b3eaca254e9ecb,2900,usd,month,active,2025-01-09 17:17:34.631216,2025-01-09 17:35:34.631216,2025-02-08 17:35:34.631216,False,,,,"{""source"": ""partner"", ""archetype"": ""engaged_free""}"
sub_413ddc71cb6a34,cus_075cb4e79b82d1,14143,price_ef4d75440222e3,19900,Eur,year,active,2025-01-30 18:42:12.200132,2025-01-30 19:04:12.200132,2025-03-01 19:04:12.200132,False,,,,"{""source"": ""direct"", ""archetype"": ""power_user""}"
sub_3dc5dae8056e71,cus_3ac70768e0390e,14147,price_3205f3d71e01df,19900,GBP,month,active,2025-01-08 21:37:54.097641,2025-01-08 21:51:54.097641,2025-02-07 21:51:54.097641,False,,,,"{""source"": ""linkedin"", ""archetype"": ""power_user""}"
sub_49b36c2e9069a5,cus_4624d990733470,14163,price_182804a7530f62,29900,GBP,year,active,2025-02-03 05:38:37.654723,2025-02-03 05:44:37.654723,2025-03-05 05:44:37.654723,False,,,2025-02-03 05:44:37.654723,"{""source"": ""referral"", ""archetype"": ""enterprise_evaluator""}"
sub_195a20175799ff,cus_47088ae5183086,14170,price_59b6e347303d09,4900,usd,month,unpaid,2025-01-21 13:36:15.969854,2025-01-21 13:55:15.969854,2025-02-20 13:55:15.969854,False,,2025-01-13 13:55:15.969854,,"{""source"": ""google_ads"", ""archetype"": ""engaged_free""}"
sub_560cf887c2f062,cus_93bfc47aea1f31,14171,price_fe15aafa328d9a,19900,GBP,month,active,2025-01-30 23:45:04.392122,2025-01-31 00:14:04.392122,2025-03-02 00:14:04.392122,False,,,2025-01-31 00:14:04.392122,"{""source"": ""direct"", ""archetype"": ""enterprise_evaluator""}"
sub_a23f5b8c2badb1,cus_011cc7eb24d128,14175,price_2b53563dffc38e,9900,USD,month,active,2025-01-26 14:23:51.452703,2025-01-26 14:33:51.452703,2025-02-25 14:33:51.452703,False,,,2025-01-26 14:33:51.452703,"{""source"": ""organic"", ""archetype"": ""power_user""}"
sub_a06ea05aac93e2,cus_c3937c43601df4,14177,price_6424b9873c3d9d,19900,USD,month,active,2025-01-17 16:20:43.987149,2025-01-17 16:44:43.987149,2025-02-16 16:44:43.987149,False,,,2025-01-17 16:44:43.987149,"{""source"": ""direct"", ""archetype"": ""enterprise_evaluator""}"
sub_57cf9a45599187,cus_6a84cddd407858,14178,price_074c8ac3902697,4900,USD,month,active,2025-01-04 06:31:31.238429,2025-01-04 06:49:31.238429,2025-02-03 06:49:31.238429,False,,,2025-01-04 06:49:31.238429,"{""source"": ""referral"", ""archetype"": ""engaged_free""}"
sub_f26ca38f5944d2,cus_2e84891a5e781d,14179,price_7bed815231fdc3,4900,GBP,month,unpaid,2025-02-12 23:39:19.936065,2025-02-12 23:46:19.936065,2025-03-14 23:46:19.936065,False,,,,"{""source"": ""referral"", ""archetype"": ""engaged_free""}"
sub_ce10d7d79b2918,cus_836cee9b24f8a0,14187,price_dc00d5059c1d0b,4900,gbp,month,active,2025-01-06 13:13:00.891729,2025-01-06 13:31:00.891729,2025-02-05 13:31:00.891729,False,,2024-12-23 13:31:00.891729,,"{""source"": ""organic"", ""archetype"": ""engaged_free""}"
sub_c34c5cc90755ea,cus_f1074cb73234cd,14199,price_39ac758dfe8e84,29900,gbp,month,active,2025-02-15 09:00:16.487510,2025-02-15 09:22:16.487510,2025-03-17 09:22:16.487510,False,,2025-02-03 09:22:16.487510,,"{""source"": ""google_ads"", ""archetype"": ""power_user""}"
sub_347f9f49f4b3ac,cus_cf99b6de9f7ac1,14229,price_4ba8188e1e92b3,4900,eur,month,active,2025-01-28 03:59:00.677105,2025-01-28 04:08:00.677105,2025-02-27 04:08:00.677105,False,,,,"{""source"": ""linkedin"", ""archetype"": ""engaged_free""}"
sub_0f28a3f90e9cf9,cus_1bd0fc53a9859b,14230,price_8c87a7764551c9,29900,usd,month,active,2025-01-20 16:15:12.617460,2025-01-20 16:30:12.617460,2025-02-19 16:30:12.617460,False,,,,"{""source"": ""referral"", ""archetype"": ""enterprise_evaluator""}"
sub_20cd8b91870b29,cus_f1fb271d7835e2,14232,price_909bb52826b0cc,2900,Eur,month,active,2025-01-09 17:09:44.131200,2025-01-09 17:20:44.131200,2025-02-08 17:20:44.131200,False,,,,"{""source"": ""direct"", ""archetype"": ""engaged_free""}"
sub_5c656e696f6d1b,cus_1906c3f94fa956,14234,price_85f7add1fd49a6,4900,Eur,month,active,2025-01-05 23:14:59.763099,2025-01-05 23:19:59.763099,2025-02-04 23:19:59.763099,False,,,,"{""source"": ""direct"", ""archetype"": ""engaged_free""}"
sub_a2a298de7b9061,cus_d98480be08b37f,14252,price_c5a747fc6a3415,9900,GBP,month,active,2025-02-08 03:27:13.784628,2025-02-08 03:29:13.784628,2025-03-10 03:29:13.784628,False,,,,"{""source"": ""organic"", ""archetype"": ""power_user""}"
sub_798026ec31b5c3,cus_e3ae76e199335b,14254,price_d2914e91b2c11c,9900,Eur,month,active,2025-02-19 01:34:50.263158,2025-02-19 01:38:50.263158,2025-03-21 01:38:50.263158,False,,2025-02-11 01:38:50.263158,,"{""source"": ""direct"", ""archetype"": ""power_user""}"
sub_e5d610962ef1d7,cus_51eded2c6833c0,14265,price_bf6924097bf224,2900,USD,month,active,2025-03-01 22:19:29.911951,2025-03-01 22:37:29.911951,2025-03-31 22:37:29.911951,False,,,2025-03-01 22:37:29.911951,"{""source"": ""linkedin"", ""archetype"": ""engaged_free""}"
sub_be9817821203cc,cus_404e9228468812,14268,price_24d92886445229,29900,Eur,month,active,2025-01-10 08:43:17.170151,2025-01-10 08:47:17.170151,2025-02-09 08:47:17.170151,False,,,,"{""source"": ""google_ads"", ""archetype"": ""enterprise_evaluator""}"
sub_77a0b9608f9354,cus_cbb48aff8a4961,14270,price_b549795ee75fdd,19900,GBP,month,active,2025-01-12 10:29:36.601471,2025-01-12 10:32:36.601471,2025-02-11 10:32:36.601471,False,,2025-01-01 10:32:36.601471,2025-01-12 10:32:36.601471,"{""source"": ""linkedin"", ""archetype"": ""power_user""}"
sub_7580b485feb436,cus_9e2f935794a38a,14275,price_cd4823ed6e68dc,9900,GBP,month,active,2025-01-22 02:59:27.716391,2025-01-22 03:12:27.716391,2025-02-21 03:12:27.716391,False,,,2025-01-22 03:12:27.716391,"{""source"": ""google_ads"", ""archetype"": ""power_user""}"
sub_b4f58374174d0d,cus_e21552ef58a01f,14289,price_0ac6e1b35654b8,29900,eur,month,active,2025-01-19 10:59:11.823077,2025-01-19 11:21:11.823077,2025-02-18 11:21:11.823077,False,,,,"{""source"": ""linkedin"", ""archetype"": ""power_user""}"
sub_35f2fa4b283826,cus_927c8bf81a6634,14292,price_d822e654b13db5,19900,eur,year,active,2025-01-17 08:45:20.106529,2025-01-17 08:53:20.106529,2025-02-16 08:53:20.106529,False,,,,"{""source"": ""referral"", ""archetype"": ""power_user""}"
sub_f4be6f523626c5,cus_6bcde478dee246,14308,price_00c4c97c5bfd5d,19900,USD,year,active,2025-01-06 15:17:35.712055,2025-01-06 15:45:35.712055,2025-02-05 15:45:35.712055,False,,,2025-01-06 15:45:35.712055,"{""source"": ""partner"", ""archetype"": ""enterprise_evaluator""}"
sub_7aca772f06fd32,cus_25e89e7a5f2508,14310,price_db33cfd0c62b26,29900,USD,year,active,2025-01-18 05:27:11.590083,2025-01-18 05:36:11.590083,2025-02-17 05:36:11.590083,False,,,,"{""source"": ""organic"", ""archetype"": ""enterprise_evaluator""}"
sub_79472f4399c1cc,cus_bdc444e38814b1,14313,price_4032271cf60085,4900,usd,month,unpaid,2025-01-20 21:28:37.142044,2025-01-20 21:41:37.142044,2025-02-19 21:41:37.142044,False,,2025-01-11 21:41:37.142044,,"{""source"": ""linkedin"", ""archetype"": ""engaged_free""}"
sub_18553371fda69e,cus_8122bc9079e400,14316,price_521f70816fd8aa,9900,Eur,month,active,2025-02-04 02:39:07.671124,2025-02-04 02:43:07.671124,2025-03-06 02:43:07.671124,False,,,2025-02-04 02:43:07.671124,"{""source"": ""organic"", ""archetype"": ""power_user""}"
sub_bab584b41cf23b,cus_f453bed10f1bf9,14320,price_7648b7c4c7b5e0,19900,eur,month,active,2025-01-05 05:11:39.024052,2025-01-05 05:27:39.024052,2025-02-04 05:27:39.024052,False,,2024-12-23 05:27:39.024052,2025-01-05 05:27:39.024052,"{""source"": ""organic"", ""archetype"": ""power_user""}"
sub_af85fb53b6337f,cus_5e858a32bb5c6a,14328,price_39354a5ee24bdf,29900,GBP,month,active,2025-01-06 11:14:40.471628,2025-01-06 11:31:40.471628,2025-02-05 11:31:40.471628,False,,,,"{""source"": ""linkedin"", ""archetype"": ""power_user""}"
sub_855376d4347522,cus_dd4faec4aeb79d,14330,price_db8a4ed15a68e9,19900,Eur,month,active,2025-01-16 08:03:19.555809,2025-01-16 08:30:19.555809,2025-02-15 08:30:19.555809,False,,,2025-01-16 08:30:19.555809,"{""source"": ""google_ads"", ""archetype"": ""power_user""}"
sub_1954005599f8ef,cus_1ce6d2887cd98e,14331,price_d62b81826fabfa,29900,Eur,month,active,2025-01-04 12:54:02.819845,2025-01-04 13:21:02.819845,2025-02-03 13:21:02.819845,False,,,,"{""source"": ""referral"", ""archetype"": ""enterprise_evaluator""}"
sub_e27c130f222d2d,cus_5adf8c49e288a5,14332,price_beaaa902a9161c,29900,usd,month,active,2025-01-09 23:37:37.537156,2025-01-10 00:04:37.537156,2025-02-09 00:04:37.537156,False,,,2025-01-10 00:04:37.537156,"{""source"": ""linkedin"", ""archetype"": ""enterprise_evaluator""}"
sub_c920dc71a0bcd7,cus_418e059928517e,14335,price_a76c2d061abd0a,29900,eur,year,active,2025-01-16 15:11:21.409361,2025-01-16 15:21:21.409361,2025-02-15 15:21:21.409361,False,,2025-01-05 15:21:21.409361,,"{""source"": ""google_ads"", ""archetype"": ""power_user""}"
sub_330d5a4f834f28,cus_24b66c4429602b,14353,price_1e6eb315823e4e,9900,GBP,month,active,2025-01-27 02:31:21.202656,2025-01-27 02:55:21.202656,2025-02-26 02:55:21.202656,False,,2025-01-15 02:55:21.202656,2025-01-27 02:55:21.202656,"{""source"": ""partner"", ""archetype"": ""power_user""}"
sub_d746477d2b85bb,cus_bf6aac83b58588,14354,price_b41e37e658ac7f,9900,usd,month,active,2025-02-10 04:17:09.461903,2025-02-10 04:30:09.461903,2025-03-12 04:30:09.461903,False,,2025-01-31 04:30:09.461903,2025-02-10 04:30:09.461903,"{""source"": ""google_ads"", ""archetype"": ""power_user""}"
sub_63dbd62954fbe1,cus_8f32066e80fc1a,14365,price_8f91f1d71f920b,29900,USD,year,active,2025-01-15 01:00:02.198423,2025-01-15 01:12:02.198423,2025-02-14 01:12:02.198423,False,,2025-01-05 01:12:02.198423,,"{""source"": ""linkedin"", ""archetype"": ""enterprise_evaluator""}"
sub_c1354b1f90e392,cus_2bbd41c58fe060,14367,price_e5cf3e323d9af1,2900,Eur,month,canceled,2025-01-08 23:43:31.040720,2025-01-08 23:53:31.040720,2025-02-07 23:53:31.040720,True,2025-01-12 20:00:08.221870,2024-12-25 23:53:31.040720,2025-01-08 23:53:31.040720,"{""source"": ""partner"", ""archetype"": ""casual_explorer""}"
sub_8ebe66694a7988,cus_255e71e9e5bcd2,14381,price_8f8303781a679a,29900,Eur,month,active,2025-01-30 18:55:20.018638,2025-01-30 18:56:20.018638,2025-03-01 18:56:20.018638,False,,2025-01-19 18:56:20.018638,,"{""source"": ""linkedin"", ""archetype"": ""enterprise_evaluator""}"
sub_8768b90582549a,cus_09152eae492019,14383,price_b1954b9d6fd01e,19900,usd,month,canceled,2025-01-07 23:19:10.039943,2025-01-07 23:36:10.039943,2025-02-06 23:36:10.039943,True,2025-01-24 05:22:31.728721,,,"{""source"": ""google_ads"", ""archetype"": ""power_user""}"
sub_03210e43e3954e,cus_dc00f5af6e0198,14390,price_f27a097c997344,19900,USD,month,active,2025-01-09 20:46:45.480934,2025-01-09 21:03:45.480934,2025-02-08 21:03:45.480934,False,,,2025-01-09 21:03:45.480934,"{""source"": ""direct"", ""archetype"": ""power_user""}"
sub_3628c9995a70d9,cus_07042b984f0118,14395,price_d1603e96dae863,4900,gbp,month,active,2025-01-27 17:32:13.257449,2025-01-27 17:48:13.257449,2025-02-26 17:48:13.257449,False,,2025-01-14 17:48:13.257449,,"{""source"": ""organic"", ""archetype"": ""engaged_free""}"
sub_dbab5dc14e8bb9,cus_f66a9162ade8d4,14398,price_ec2e4e56f008f7,29900,gbp,month,active,2025-01-14 15:16:35.179226,2025-01-14 15:36:35.179226,2025-02-13 15:36:35.179226,False,,,2025-01-14 15:36:35.179226,"{""source"": ""linkedin"", ""archetype"": ""enterprise_evaluator""}"
sub_5da4d7c4b00e97,cus_2753a28a21d25f,14401,price_c2e1f4c188775a,19900,usd,month,active,2025-02-05 00:19:18.370879,2025-02-05 00:49:18.370879,2025-03-07 00:49:18.370879,False,,,,"{""source"": ""organic"", ""archetype"": ""power_user""}"
sub_ade339f2913409,cus_626b078a3df55d,14403,price_44b2a897ba9118,29900,eur,month,canceled,2025-02-16 02:50:01.767918,2025-02-16 03:18:01.767918,2025-03-18 03:18:01.767918,True,2025-03-15 19:17:47.285562,,,"{""source"": ""referral"", ""archetype"": ""power_user""}"
sub_b21ff6a81b65cc,cus_b457a4b089bb7b,14410,price_1083471f20ef8c,19900,eur,month,active,2025-01-16 22:42:47.635587,2025-01-16 22:46:47.635587,2025-02-15 22:46:47.635587,False,,,2025-01-16 22:46:47.635587,"{""source"": ""referral"", ""archetype"": ""enterprise_evaluator""}"
sub_3da0ee6697d977,cus_4c1d78a01682c6,14414,price_d74a4aa5a66b55,19900,Eur,month,active,2025-01-02 13:34:35.356448,2025-01-02 14:02:35.356448,2025-02-01 14:02:35.356448,False,,,,"{""source"": ""google_ads"", ""archetype"": ""enterprise_evaluator""}"
sub_83520fed4c705b,cus_832284056e6094,14419,price_c471fa6200159c,4900,gbp,year,active,2025-01-14 05:45:10.233958,2025-01-14 06:00:10.233958,2025-02-13 06:00:10.233958,False,,2024-12-31 06:00:10.233958,,"{""source"": ""linkedin"", ""archetype"": ""engaged_free""}"
sub_6a6896234511ca,cus_61dcf9b903e75c,14426,price_a48213a1e37009,29900,gbp,month,active,2025-03-25 10:44:46.277938,2025-03-25 11:01:46.277938,2025-04-24 11:01:46.277938,False,,,,"{""source"": ""linkedin"", ""archetype"": ""power_user""}"
sub_2d9c751706d159,cus_a997a1f157d407,14432,price_26078ffd57c99c,19900,eur,month,active,2025-01-24 15:39:02.563834,2025-01-24 15:53:02.563834,2025-02-23 15:53:02.563834,False,,,2025-01-24 15:53:02.563834,"{""source"": ""partner"", ""archetype"": ""enterprise_evaluator""}"
sub_33ca056bc65179,cus_82a0a459aeefdd,14434,price_2505bc558f417e,19900,usd,month,active,2025-01-30 17:28:07.667100,2025-01-30 17:40:07.667100,2025-03-01 17:40:07.667100,False,,,,"{""source"": ""partner"", ""archetype"": ""enterprise_evaluator""}"
sub_ef1c3240e291ed,cus_c00e3c596b8973,14438,price_b0352681e4bf19,19900,GBP,month,active,2025-01-20 12:50:28.414978,2025-01-20 12:51:28.414978,2025-02-19 12:51:28.414978,False,,2025-01-13 12:51:28.414978,,"{""source"": ""google_ads"", ""archetype"": ""enterprise_evaluator""}"
sub_919138f3edbcef,cus_5067ea0cad316c,14443,price_a1e62b17af6557,29900,usd,month,active,2025-02-02 16:45:22.752922,2025-02-02 17:02:22.752922,2025-03-04 17:02:22.752922,False,,,2025-02-02 17:02:22.752922,"{""source"": ""google_ads"", ""archetype"": ""power_user""}"
sub_0aa37252a8203a,cus_011a9fbdd26828,14446,price_25204ab62b6cf9,4900,gbp,month,active,2025-01-07 01:58:10.282432,2025-01-07 02:23:10.282432,2025-02-06 02:23:10.282432,False,,,,"{""source"": ""referral"", ""archetype"": ""engaged_free""}"
sub_059face7f54383,cus_e7be4cc6bc03ef,14459,price_c5c7ffc579e3ab,29900,gbp,month,active,2025-01-20 05:52:19.707168,2025-01-20 05:57:19.707168,2025-02-19 05:57:19.707168,False,,,2025-01-20 05:57:19.707168,"{""source"": ""referral"", ""archetype"": ""enterprise_evaluator""}"
sub_7f1039a3c05b88,cus_a0edb7932308de,14460,price_52ee20d53d744b,19900,Eur,month,active,2025-01-30 01:11:07.227270,2025-01-30 01:13:07.227270,2025-03-01 01:13:07.227270,False,,,,"{""source"": ""partner"", ""archetype"": ""enterprise_evaluator""}"
sub_5573221e568229,cus_31d1ebf7df3f7c,14469,price_9ac6378224f636,4900,usd,month,canceled,2025-01-03 19:42:30.797330,2025-01-03 19:44:30.797330,2025-02-02 19:44:30.797330,True,2025-02-02 07:07:37.254621,2024-12-22 19:44:30.797330,,"{""source"": ""partner"", ""archetype"": ""engaged_free""}"
sub_f18acc2a4d973e,cus_c046dde81ac919,14472,price_42f5f351a7538c,29900,eur,month,active,2025-01-18 19:00:09.676711,2025-01-18 19:09:09.676711,2025-02-17 19:09:09.676711,False,,,,"{""source"": ""google_ads"", ""archetype"": ""power_user""}"
sub_0cd04f18674491,cus_b38da759e484ff,14474,price_ddffff0aa78178,4900,eur,year,active,2025-01-14 17:54:55.913347,2025-01-14 18:18:55.913347,2025-02-13 18:18:55.913347,False,,,2025-01-14 18:18:55.913347,"{""source"": ""organic"", ""archetype"": ""engaged_free""}"
sub_d1c0768cc5a036,cus_fa9a03f05d5e61,14483,price_2d03850529916f,2900,GBP,year,past_due,2025-01-23 20:44:14.730316,2025-01-23 20:55:14.730316,2025-02-22 20:55:14.730316,False,,2025-01-13 20:55:14.730316,,"{""source"": ""organic"", ""archetype"": ""engaged_free""}"
sub_4a9621cde8cdaa,cus_0f766a3f176336,14485,price_bad9320058e5b5,2900,gbp,month,past_due,2025-01-24 11:14:44.073554,2025-01-24 11:25:44.073554,2025-02-23 11:25:44.073554,False,,,2025-01-24 11:25:44.073554,"{""source"": ""google_ads"", ""archetype"": ""engaged_free""}"
sub_61439f6727f77d,cus_c563254bea1053,14486,price_63a30ae78f6768,19900,eur,month,past_due,2025-02-19 19:18:20.697193,2025-02-19 19:40:20.697193,2025-03-21 19:40:20.697193,False,,2025-02-07 19:40:20.697193,,"{""source"": ""referral"", ""archetype"": ""power_user""}"
sub_77a38f704370a1,cus_000a1752780358,14492,price_981064ee2d5730,19900,usd,year,active,2025-01-10 19:42:39.090475,2025-01-10 19:58:39.090475,2025-02-09 19:58:39.090475,False,,,,"{""source"": ""partner"", ""archetype"": ""power_user""}"
sub_958f7e36f825ac,cus_6c7a2cae82bc35,14513,price_e94280ee5b6edb,29900,Eur,year,canceled,2025-01-20 02:40:19.848846,2025-01-20 02:54:19.848846,2025-02-19 02:54:19.848846,True,2025-02-01 09:57:03.285305,,,"{""source"": ""google_ads"", ""archetype"": ""power_user""}"
sub_959a5fa2969087,cus_0615a02b496df9,14514,price_745158abfa28a8,29900,USD,month,active,2025-01-28 03:08:17.141335,2025-01-28 03:29:17.141335,2025-02-27 03:29:17.141335,False,,,,"{""source"": ""google_ads"", ""archetype"": ""enterprise_evaluator""}"
sub_683ddd65c353b3,cus_0d84b5e6dabc98,14516,price_95a8971b081e75,29900,eur,month,active,2025-01-23 18:46:28.725521,2025-01-23 19:05:28.725521,2025-02-22 19:05:28.725521,False,,,,"{""source"": ""linkedin"", ""archetype"": ""enterprise_evaluator""}"
sub_bdea4f9202c67a,cus_6686c52f6fdae8,14518,price_0030530c1df6d3,9900,usd,month,active,2025-01-27 10:17:48.475047,2025-01-27 10:26:48.475047,2025-02-26 10:26:48.475047,False,,,2025-01-27 10:26:48.475047,"{""source"": ""linkedin"", ""archetype"": ""power_user""}"
sub_6268dc95b926fc,cus_ff95366c1ae8f1,14525,price_067ad783738bd5,29900,usd,month,active,2025-01-05 11:02:19.804029,2025-01-05 11:19:19.804029,2025-02-04 11:19:19.804029,False,,2024-12-28 11:19:19.804029,,"{""source"": ""google_ads"", ""archetype"": ""enterprise_evaluator""}"
sub_18351b6f6782d4,cus_a173e0cb447119,14531,price_c17ec86687adfa,19900,Eur,month,active,2025-01-15 19:02:18.966774,2025-01-15 19:04:18.966774,2025-02-14 19:04:18.966774,False,,2025-01-06 19:04:18.966774,2025-01-15 19:04:18.966774,"{""source"": ""linkedin"", ""archetype"": ""power_user""}"
sub_1d7a5468b83ad2,cus_9a0ddaac9dac9d,14536,price_66a92b7f03c56c,9900,usd,month,active,2025-01-18 20:48:29.335461,2025-01-18 20:59:29.335461,2025-02-17 20:59:29.335461,False,,,,"{""source"": ""google_ads"", ""archetype"": ""power_user""}"
sub_4f0b8dd8f1eb67,cus_c4747cb0d0900e,14537,price_2e11f78d77bb19,19900,usd,month,active,2025-01-15 20:25:57.876101,2025-01-15 20:46:57.876101,2025-02-14 20:46:57.876101,False,,,,"{""source"": ""direct"", ""archetype"": ""power_user""}"
sub_695e881d887b68,cus_96dee704788696,14545,price_17be56d81e9960,19900,Eur,month,past_due,2025-01-09 00:00:35.274675,2025-01-09 00:10:35.274675,2025-02-08 00:10:35.274675,False,,,,"{""source"": ""organic"", ""archetype"": ""power_user""}"
sub_d69beeb07fca2d,cus_79747e5dd7a2ed,14546,price_aa35400bedab20,29900,Eur,month,active,2025-02-15 20:18:42.788969,2025-02-15 20:42:42.788969,2025-03-17 20:42:42.788969,False,,,,"{""source"": ""partner"", ""archetype"": ""enterprise_evaluator""}"
sub_2825f77985ed87,cus_0c3bcde524d5b3,14555,price_a26498fb9297d1,4900,usd,year,active,2025-01-15 01:28:17.354565,2025-01-15 01:34:17.354565,2025-02-14 01:34:17.354565,False,,,2025-01-15 01:34:17.354565,"{""source"": ""google_ads"", ""archetype"": ""engaged_free""}"
sub_e04f9d3932f0d1,cus_ef37982ba4fbfa,14558,price_9cebea322ddcf1,19900,Eur,month,unpaid,2025-01-21 14:02:27.894561,2025-01-21 14:21:27.894561,2025-02-20 14:21:27.894561,False,,,,"{""source"": ""google_ads"", ""archetype"": ""enterprise_evaluator""}"
sub_662954af77a791,cus_101b03139bd3c8,14569,price_913f81cdfa4ffd,29900,gbp,month,active,2025-01-07 19:22:22.339328,2025-01-07 19:35:22.339328,2025-02-06 19:35:22.339328,False,,,2025-01-07 19:35:22.339328,"{""source"": ""google_ads"", ""archetype"": ""power_user""}"
sub_505c79d3e538cb,cus_678c28e1024f76,14575,price_72ba436b896546,2900,GBP,month,active,2025-01-10 03:22:28.473262,2025-01-10 03:38:28.473262,2025-02-09 03:38:28.473262,False,,,,"{""source"": ""linkedin"", ""archetype"": ""engaged_free""}"
sub_e4481ef6958bd9,cus_b0f0fb269d048f,14576,price_6203f174856776,29900,usd,month,active,2025-02-04 01:12:02.836113,2025-02-04 01:32:02.836113,2025-03-06 01:32:02.836113,False,,,,"{""source"": ""partner"", ""archetype"": ""enterprise_evaluator""}"
sub_434dd912a1c2cc,cus_a7de77cb701046,14586,price_1ad36a24db1291,4900,USD,month,active,2025-01-21 21:05:52.265207,2025-01-21 21:21:52.265207,2025-02-20 21:21:52.265207,False,,,2025-01-21 21:21:52.265207,"{""source"": ""linkedin"", ""archetype"": ""engaged_free""}"
sub_1fc80ef5de9332,cus_9d28c65b1e2c5e,14598,price_478e7995fc4b63,29900,gbp,month,active,2025-01-11 01:48:34.934227,2025-01-11 02:17:34.934227,2025-02-10 02:17:34.934227,False,,,,"{""source"": ""organic"", ""archetype"": ""power_user""}"
sub_e4864f37c06b6a,cus_59f1129c341688,14613,price_f075d3abf591d3,29900,usd,year,active,2025-01-13 08:08:44.431499,2025-01-13 08:38:44.431499,2025-02-12 08:38:44.431499,False,,2025-01-05 08:38:44.431499,2025-01-13 08:38:44.431499,"{""source"": ""partner"", ""archetype"": ""enterprise_evaluator""}"
sub_136d16a1c6e79e,cus_c25fdabea0aa02,14618,price_f0a47b7bbc73c2,4900,usd,month,unpaid,2025-01-23 20:56:36.413428,2025-01-23 21:05:36.413428,2025-02-22 21:05:36.413428,False,,2025-01-13 21:05:36.413428,2025-01-23 21:05:36.413428,"{""source"": ""linkedin"", ""archetype"": ""engaged_free""}"
sub_30fc190f44f1b6,cus_aa155fe4319d96,14641,price_4928e302002dca,29900,GBP,month,active,2025-01-14 17:29:40.510929,2025-01-14 17:56:40.510929,2025-02-13 17:56:40.510929,False,,2024-12-31 17:56:40.510929,2025-01-14 17:56:40.510929,"{""source"": ""google_ads"", ""archetype"": ""enterprise_evaluator""}"
sub_0bcf71351dfec4,cus_e5be7ea5c0cf8a,14654,price_93651d8beb507d,19900,eur,month,active,2025-02-12 00:25:23.245313,2025-02-12 00:47:23.245313,2025-03-14 00:47:23.245313,False,,,,"{""source"": ""google_ads"", ""archetype"": ""enterprise_evaluator""}"
sub_fd449dc9369306,cus_b837f755f04a60,14661,price_728dd88928b0d5,19900,GBP,month,unpaid,2025-01-14 01:03:20.722099,2025-01-14 01:28:20.722099,2025-02-13 01:28:20.722099,False,,,2025-01-14 01:28:20.722099,"{""source"": ""direct"", ""archetype"": ""enterprise_evaluator""}"
sub_83d929f79e87fd,cus_e2ef85f80f61b5,14663,price_b5d83df9529191,29900,usd,month,active,2025-01-07 21:18:56.434943,2025-01-07 21:41:56.434943,2025-02-06 21:41:56.434943,False,,,,"{""source"": ""partner"", ""archetype"": ""power_user""}"
sub_322d34deefec16,cus_cd3ac73e2b2f2c,14668,price_afef921723dbbf,29900,gbp,month,unpaid,2025-02-21 08:54:05.590226,2025-02-21 09:00:05.590226,2025-03-23 09:00:05.590226,False,,,,"{""source"": ""organic"", ""archetype"": ""power_user""}"
sub_2f43bdebed13e9,cus_b72903d0e89327,14674,price_f3db03d4189e10,29900,Eur,month,past_due,2025-01-14 02:29:48.859721,2025-01-14 02:53:48.859721,2025-02-13 02:53:48.859721,False,,,2025-01-14 02:53:48.859721,"{""source"": ""linkedin"", ""archetype"": ""power_user""}"
sub_5d6d6483c58506,cus_49b50ffc35c1bd,14680,price_a3026a71997dd4,29900,usd,month,canceled,2025-01-28 10:44:30.586883,2025-01-28 10:49:30.586883,2025-02-27 10:49:30.586883,True,2025-03-16 20:44:12.902266,2025-01-14 10:49:30.586883,2025-01-28 10:49:30.586883,"{""source"": ""partner"", ""archetype"": ""enterprise_evaluator""}"
sub_22b8b608544a19,cus_6aa90bcddbac73,14686,price_30967d182d9466,9900,usd,month,active,2025-02-03 07:07:09.714452,2025-02-03 07:36:09.714452,2025-03-05 07:36:09.714452,False,,,2025-02-03 07:36:09.714452,"{""source"": ""linkedin"", ""archetype"": ""power_user""}"
sub_36593cb40b273a,cus_b622d395f6a8b5,14697,price_25a51ff863c95d,19900,Eur,month,active,2025-01-07 00:58:18.212120,2025-01-07 01:15:18.212120,2025-02-06 01:15:18.212120,False,,2024-12-24 01:15:18.212120,,"{""source"": ""partner"", ""archetype"": ""power_user""}"
sub_c2c1005ddaf219,cus_6b9f4beb773c69,14700,price_1706c8e6d6528a,29900,Eur,month,active,2025-01-28 21:30:12.804547,2025-01-28 21:50:12.804547,2025-02-27 21:50:12.804547,False,,2025-01-19 21:50:12.804547,2025-01-28 21:50:12.804547,"{""source"": ""google_ads"", ""archetype"": ""enterprise_evaluator""}"
sub_1f1fd7cf89b708,cus_27ef65ef19a367,14701,price_c4e775d1ac6303,19900,GBP,year,active,2025-01-30 11:04:47.417673,2025-01-30 11:07:47.417673,2025-03-01 11:07:47.417673,False,,,,"{""source"": ""google_ads"", ""archetype"": ""power_user""}"
sub_9064238703a812,cus_b7c9c73af3d19b,14703,price_cdd6c5ea811233,2900,gbp,month,active,2025-01-27 09:04:21.610337,2025-01-27 09:19:21.610337,2025-02-26 09:19:21.610337,False,,2025-01-18 09:19:21.610337,2025-01-27 09:19:21.610337,"{""source"": ""partner"", ""archetype"": ""engaged_free""}"
sub_36c441b12b2b32,cus_290ce066b02e4e,14704,price_cb3f39aa3876bd,29900,gbp,year,active,2025-02-04 02:38:01.711994,2025-02-04 02:44:01.711994,2025-03-06 02:44:01.711994,False,,2025-01-28 02:44:01.711994,,"{""source"": ""google_ads"", ""archetype"": ""power_user""}"
sub_7484d131dea889,cus_247d95837b1780,14714,price_fb3432b0eef170,19900,gbp,month,active,2025-01-24 17:41:09.201535,2025-01-24 17:48:09.201535,2025-02-23 17:48:09.201535,False,,,,"{""source"": ""direct"", ""archetype"": ""enterprise_evaluator""}"
sub_99b8eb31813243,cus_e917db9dc34f42,14724,price_3aeed728eb9325,29900,eur,month,active,2025-01-03 17:19:53.310773,2025-01-03 17:39:53.310773,2025-02-02 17:39:53.310773,False,,,,"{""source"": ""organic"", ""archetype"": ""power_user""}"
sub_c7b46a17f600b2,cus_b3fe910bde5617,14728,price_c3eeb88405fa17,9900,USD,month,active,2025-01-21 07:17:30.937015,2025-01-21 07:19:30.937015,2025-02-20 07:19:30.937015,False,,2025-01-12 07:19:30.937015,,"{""source"": ""direct"", ""archetype"": ""power_user""}"
sub_fa5c15eaddfb5a,cus_84f48db95c74f5,14732,price_9e5e56a21360c1,29900,usd,year,active,2025-01-25 03:46:21.600268,2025-01-25 04:02:21.600268,2025-02-24 04:02:21.600268,False,,,,"{""source"": ""referral"", ""archetype"": ""power_user""}"
sub_09b78fe36d475a,cus_6db79050a8c2ab,14735,price_e0a57ae36dd755,19900,usd,month,active,2025-02-21 01:19:15.861774,2025-02-21 01:34:15.861774,2025-03-23 01:34:15.861774,False,,,,"{""source"": ""google_ads"", ""archetype"": ""power_user""}"
sub_d940c4513fbaf0,cus_bf25f196607fca,14741,price_360191d5395809,19900,GBP,month,active,2025-01-21 03:02:08.970975,2025-01-21 03:23:08.970975,2025-02-20 03:23:08.970975,False,,,,"{""source"": ""partner"", ""archetype"": ""enterprise_evaluator""}"
sub_d09c13c60f9322,cus_fb0d80f5496a01,14743,price_cdad5af1deb73c,29900,Eur,year,active,2025-01-10 19:25:40.424076,2025-01-10 19:39:40.424076,2025-02-09 19:39:40.424076,False,,,2025-01-10 19:39:40.424076,"{""source"": ""organic"", ""archetype"": ""enterprise_evaluator""}"
sub_a4a92c02207750,cus_27911bc0c361bf,14745,price_617e8b4abb9599,9900,GBP,month,active,2025-01-16 08:48:10.713325,2025-01-16 08:50:10.713325,2025-02-15 08:50:10.713325,False,,,,"{""source"": ""organic"", ""archetype"": ""power_user""}"
sub_9ab633bf5b1289,cus_25b05808e276bf,14746,price_71ac738684778f,4900,GBP,month,active,2025-01-11 04:06:01.117974,2025-01-11 04:34:01.117974,2025-02-10 04:34:01.117974,False,,,,"{""source"": ""organic"", ""archetype"": ""engaged_free""}"
sub_c704f4740a1e44,cus_f1c1eae7bee988,14750,price_b84c17db008e83,29900,eur,month,active,2025-03-04 08:25:41.372895,2025-03-04 08:55:41.372895,2025-04-03 08:55:41.372895,False,,,,"{""source"": ""partner"", ""archetype"": ""power_user""}"
sub_18b18af485d54e,cus_f66a03d3560e27,14753,price_53de6c0be16d36,9900,eur,month,active,2025-01-08 20:54:32.161844,2025-01-08 21:00:32.161844,2025-02-07 21:00:32.161844,False,,,,"{""source"": ""organic"", ""archetype"": ""power_user""}"
sub_04bc962ec81a16,cus_fe84848b8a44f1,14759,price_5d4c08ef78dc00,9900,usd,month,canceled,2025-03-11 02:54:20.444639,2025-03-11 02:56:20.444639,2025-04-10 02:56:20.444639,True,2025-03-26 04:30:23.989920,,,"{""source"": ""direct"", ""archetype"": ""power_user""}"
sub_30d76d57d0c55e,cus_190982defe66c3,14771,price_08aea4dd30c975,2900,Eur,month,active,2025-01-17 00:30:46.784298,2025-01-17 00:37:46.784298,2025-02-16 00:37:46.784298,False,,,,"{""source"": ""organic"", ""archetype"": ""engaged_free""}"
sub_a86ffb5e80ebbd,cus_5de5954b3cb882,14786,price_bb350e6a5c9d41,19900,eur,month,active,2025-01-27 06:43:38.035704,2025-01-27 06:45:38.035704,2025-02-26 06:45:38.035704,False,,,,"{""source"": ""google_ads"", ""archetype"": ""power_user""}"
sub_62ec3e45f47557,cus_8de581872b1e5d,14787,price_cd5f4a9a9e9ce0,19900,usd,month,active,2025-02-27 03:40:31.623176,2025-02-27 04:04:31.623176,2025-03-29 04:04:31.623176,False,,2025-02-17 04:04:31.623176,,"{""source"": ""organic"", ""archetype"": ""enterprise_evaluator""}"
sub_869821372a0d19,cus_6f835529b27a3d,14796,price_0fff991aed9ff6,9900,Eur,month,active,2025-01-22 08:35:08.966076,2025-01-22 08:55:08.966076,2025-02-21 08:55:08.966076,False,,,2025-01-22 08:55:08.966076,"{""source"": ""google_ads"", ""archetype"": ""power_user""}"
sub_c9119e23ece175,cus_f6959885d47e63,14800,price_53022a36329b45,9900,USD,month,active,2025-02-05 02:53:12.363013,2025-02-05 03:17:12.363013,2025-03-07 03:17:12.363013,False,,,2025-02-05 03:17:12.363013,"{""source"": ""organic"", ""archetype"": ""power_user""}"
sub_4fffee2bc8764b,cus_7b5c912b32ae4f,14805,price_6f4637d6ce5bbf,9900,Eur,month,active,2025-02-19 21:39:05.856362,2025-02-19 21:42:05.856362,2025-03-21 21:42:05.856362,False,,,,"{""source"": ""referral"", ""archetype"": ""power_user""}"
sub_3804bef2950335,cus_aeb6fde11c21b6,14808,price_fc09f4ec262324,2900,eur,month,unpaid,2025-01-18 02:47:50.860899,2025-01-18 02:58:50.860899,2025-02-17 02:58:50.860899,False,,,2025-01-18 02:58:50.860899,"{""source"": ""direct"", ""archetype"": ""engaged_free""}"
sub_97fc8ad8c38d08,cus_8018c87ff4d5c3,14814,price_062a087fbf0ca3,9900,eur,month,active,2025-02-04 05:52:25.833396,2025-02-04 05:58:25.833396,2025-03-06 05:58:25.833396,False,,,,"{""source"": ""google_ads"", ""archetype"": ""power_user""}"
sub_10848823ac7c41,cus_d90f7f4028f078,14824,price_a9e794cadd8f8a,29900,eur,month,active,2025-01-15 09:50:49.610189,2025-01-15 10:16:49.610189,2025-02-14 10:16:49.610189,False,,2025-01-08 10:16:49.610189,,"{""source"": ""organic"", ""archetype"": ""enterprise_evaluator""}"
sub_5066551a50bf9d,cus_90bc121e75f96d,14825,price_dbdaeaa4ecebae,29900,eur,month,unpaid,2025-01-10 03:49:37.815991,2025-01-10 04:16:37.815991,2025-02-09 04:16:37.815991,False,,,,"{""source"": ""referral"", ""archetype"": ""enterprise_evaluator""}"
sub_0435f286dfe965,cus_2f2654354eb705,14843,price_538174035f1b39,19900,USD,month,active,2025-02-15 09:04:49.791202,2025-02-15 09:05:49.791202,2025-03-17 09:05:49.791202,False,,,,"{""source"": ""google_ads"", ""archetype"": ""enterprise_evaluator""}"
sub_648fb5b095bd58,cus_8df7a775566b83,14846,price_dbb0f90177b28d,4900,eur,year,active,2025-02-12 22:33:03.952090,2025-02-12 22:42:03.952090,2025-03-14 22:42:03.952090,False,,2025-01-31 22:42:03.952090,,"{""source"": ""direct"", ""archetype"": ""engaged_free""}"
sub_d0c87d02eb23f9,cus_f260d198a3c25e,14849,price_520751dc60758d,29900,GBP,month,past_due,2025-01-11 08:46:34.877605,2025-01-11 09:00:34.877605,2025-02-10 09:00:34.877605,False,,2024-12-31 09:00:34.877605,,"{""source"": ""partner"", ""archetype"": ""enterprise_evaluator""}"
sub_f4376d61b01979,cus_fc8aa55013473a,14875,price_e57ff39dce3e9c,29900,usd,month,active,2025-03-20 09:33:13.193177,2025-03-20 10:02:13.193177,2025-04-19 10:02:13.193177,False,,,,"{""source"": ""referral"", ""archetype"": ""enterprise_evaluator""}"
sub_6d03e9c97bf4e4,cus_c1a431b219e6fa,14876,price_24684a912a223e,19900,Eur,month,active,2025-01-30 16:50:00.544310,2025-01-30 16:55:00.544310,2025-03-01 16:55:00.544310,False,,,,"{""source"": ""organic"", ""archetype"": ""power_user""}"
sub_b05e9cc66766ee,cus_df34d55e159d83,14878,price_1a2c1057bc4598,4900,Eur,month,active,2025-01-20 07:53:05.006917,2025-01-20 08:05:05.006917,2025-02-19 08:05:05.006917,False,,2025-01-08 08:05:05.006917,,"{""source"": ""organic"", ""archetype"": ""engaged_free""}"
sub_9ee4852c8f9829,cus_6faefe06bf2be2,14886,price_90fda25e128c1b,19900,Eur,month,active,2025-01-09 00:22:00.946533,2025-01-09 00:27:00.946533,2025-02-08 00:27:00.946533,False,,,,"{""source"": ""google_ads"", ""archetype"": ""power_user""}"
sub_6e4a172fef699e,cus_37c4f650af7674,14895,price_aac29f002a11f0,19900,gbp,month,unpaid,2025-01-12 22:23:51.348081,2025-01-12 22:51:51.348081,2025-02-11 22:51:51.348081,False,,,,"{""source"": ""direct"", ""archetype"": ""enterprise_evaluator""}"
sub_3c8a4564b1bd2c,cus_4c3f58ebb60e4f,14910,price_b986a1e7043d87,9900,usd,month,active,2025-02-15 09:06:49.267973,2025-02-15 09:27:49.267973,2025-03-17 09:27:49.267973,False,,,2025-02-15 09:27:49.267973,"{""source"": ""referral"", ""archetype"": ""power_user""}"
sub_9938aef45c0321,cus_c46f17e88a4ab6,14918,price_92dcfc5d264503,29900,usd,month,active,2025-01-24 15:14:42.677131,2025-01-24 15:22:42.677131,2025-02-23 15:22:42.677131,False,,,,"{""source"": ""partner"", ""archetype"": ""enterprise_evaluator""}"
sub_3638da1dffe091,cus_8c361716e87591,14926,price_f5864dda53be6b,29900,usd,month,active,2025-01-13 09:56:00.875867,2025-01-13 10:00:00.875867,2025-02-12 10:00:00.875867,False,,,,"{""source"": ""direct"", ""archetype"": ""power_user""}"
sub_956672346bf400,cus_5d93b517b8de99,14931,price_84022bc8f0d95b,4900,eur,month,active,2025-02-07 04:20:27.639766,2025-02-07 04:49:27.639766,2025-03-09 04:49:27.639766,False,,,,"{""source"": ""direct"", ""archetype"": ""engaged_free""}"
sub_1be82e8191fb7a,cus_5d57b6321f6518,14935,price_d86777f6330f10,29900,GBP,month,active,2025-01-29 07:20:04.267386,2025-01-29 07:40:04.267386,2025-02-28 07:40:04.267386,False,,,,"{""source"": ""direct"", ""archetype"": ""enterprise_evaluator""}"
sub_9435f62f7eb408,cus_482ec3e27e61c8,14947,price_a6465852d85048,19900,GBP,month,active,2025-01-16 10:33:03.613450,2025-01-16 10:59:03.613450,2025-02-15 10:59:03.613450,False,,,,"{""source"": ""referral"", ""archetype"": ""enterprise_evaluator""}"
sub_706698d8aed52b,cus_51115b048bea07,14961,price_bb49f5458fd84e,19900,usd,month,active,2025-01-25 17:30:46.469578,2025-01-25 17:45:46.469578,2025-02-24 17:45:46.469578,False,,,,"{""source"": ""google_ads"", ""archetype"": ""enterprise_evaluator""}"
sub_9725a52ea4bf3d,cus_a22ea470912dd2,14975,price_9325e395d3d707,9900,eur,month,active,2025-01-21 23:16:56.771476,2025-01-21 23:42:56.771476,2025-02-20 23:42:56.771476,False,,,2025-01-21 23:42:56.771476,"{""source"": ""organic"", ""archetype"": ""power_user""}"
sub_fbe800ec4529fa,cus_333d6b75b06fd0,14983,price_72d6b0784c9e45,9900,GBP,month,active,2025-01-20 19:11:14.007881,2025-01-20 19:29:14.007881,2025-02-19 19:29:14.007881,False,,,2025-01-20 19:29:14.007881,"{""source"": ""organic"", ""archetype"": ""power_user""}"
sub_92416975f34bfd,cus_e021626a1de055,14991,price_ae97f902c66dc9,9900,eur,year,active,2025-01-23 22:35:01.827803,2025-01-23 22:41:01.827803,2025-02-22 22:41:01.827803,False,,,2025-01-23 22:41:01.827803,"{""source"": ""direct"", ""archetype"": ""power_user""}"
sub_82c53ac8a99722,cus_6375ee2e17d754,14999,price_4c0bf63e146763,19900,Eur,month,active,2025-03-03 11:33:48.541383,2025-03-03 11:34:48.541383,2025-04-02 11:34:48.541383,False,,2025-02-21 11:34:48.541383,,"{""source"": ""referral"", ""archetype"": ""power_user""}"
